entry_id,file,overall_rank,group,total_points
3027768,3027768.json,1,top100,2582
8142824,8142824.json,2,top100,2544
3244539,3244539.json,3,top100,2538
5093997,5093997.json,4,top100,2535
785300,785300.json,5,top100,2533
6501155,6501155.json,6,top100,2533
3649057,3649057.json,7,top100,2531
2569513,2569513.json,8,top100,2529
4259553,4259553.json,9,top100,2528
5798417,5798417.json,10,top100,2527
7665620,7665620.json,11,top100,2526
3023815,3023815.json,12,top100,2524
1495208,1495208.json,13,top100,2524
3369164,3369164.json,14,top100,2523
3979,3979.json,15,top100,2521
1080038,1080038.json,16,top100,2520
5407948,5407948.json,17,top100,2519
104649,104649.json,18,top100,2516
40275,40275.json,19,top100,2516
4099376,4099376.json,20,top100,2515
796593,796593.json,21,top100,2515
4218654,4218654.json,22,top100,2514
5747573,5747573.json,23,top100,2513
6400869,6400869.json,24,top100,2511
394806,394806.json,25,top100,2510
3608565,3608565.json,26,top100,2510
1991600,1991600.json,27,top100,2508
2534643,2534643.json,27,top100,2508
4114403,4114403.json,29,top100,2508
4537055,4537055.json,29,top100,2508
505037,505037.json,31,top100,2507
16990,16990.json,31,top100,2507
22270,22270.json,31,top100,2507
1210837,1210837.json,34,top100,2507
3915839,3915839.json,35,top100,2506
23301,23301.json,36,top100,2505
2932608,2932608.json,37,top100,2504
7461966,7461966.json,37,top100,2504
5674706,5674706.json,39,top100,2504
4832,4832.json,40,top100,2503
362952,362952.json,41,top100,2502
3291082,3291082.json,42,top100,2502
244895,244895.json,43,top100,2502
70476,70476.json,44,top100,2501
6943395,6943395.json,45,top100,2501
88828,88828.json,46,top100,2500
4437188,4437188.json,47,top100,2499
160674,160674.json,48,top100,2499
8754817,8754817.json,49,top100,2499
7887127,7887127.json,50,top100,2499
1485726,1485726.json,51,top100,2498
232428,232428.json,51,top100,2498
4043,4043.json,53,top100,2498
1915681,1915681.json,54,top100,2498
47186,47186.json,55,top100,2497
7232952,7232952.json,56,top100,2497
766701,766701.json,56,top100,2497
6673941,6673941.json,58,top100,2496
97619,97619.json,59,top100,2496
18383,18383.json,60,top100,2496
185521,185521.json,60,top100,2496
9015619,9015619.json,62,top100,2495
643288,643288.json,63,top100,2495
7701,7701.json,64,top100,2495
5340266,5340266.json,64,top100,2495
1287966,1287966.json,66,top100,2495
6556124,6556124.json,66,top100,2495
6714366,6714366.json,68,top100,2494
3871872,3871872.json,69,top100,2494
4933870,4933870.json,69,top100,2494
304110,304110.json,71,top100,2494
3704490,3704490.json,71,top100,2494
7802018,7802018.json,73,top100,2494
4437104,4437104.json,74,top100,2493
236220,236220.json,75,top100,2493
283695,283695.json,76,top100,2493
1182672,1182672.json,77,top100,2492
1032270,1032270.json,78,top100,2492
2261780,2261780.json,78,top100,2492
11727,11727.json,80,top100,2492
12674,12674.json,80,top100,2492
1370909,1370909.json,80,top100,2492
8190938,8190938.json,83,top100,2492
19811,19811.json,84,top100,2492
3824231,3824231.json,85,top100,2491
8078893,8078893.json,86,top100,2491
3418659,3418659.json,86,top100,2491
1597534,1597534.json,86,top100,2491
18883,18883.json,86,top100,2491
8100122,8100122.json,90,top100,2491
7144606,7144606.json,91,top100,2491
2428831,2428831.json,91,top100,2491
793178,793178.json,93,top100,2491
926232,926232.json,94,top100,2490
4886117,4886117.json,94,top100,2490
347953,347953.json,96,top100,2490
649584,649584.json,97,top100,2490
4638602,4638602.json,98,top100,2490
7227539,7227539.json,99,top100,2489
4289719,4289719.json,99,top100,2489
4023040,4023040.json,99,top100,2489
1731239,1731239.json,99,top100,2489
306124,306124.json,99,top100,2489
20499,20499.json,104,top1k,2489
3949909,3949909.json,104,top1k,2489
753050,753050.json,106,top1k,2489
733298,733298.json,107,top1k,2488
668650,668650.json,107,top1k,2488
212595,212595.json,109,top1k,2488
72,72.json,109,top1k,2488
675018,675018.json,111,top1k,2488
5393751,5393751.json,112,top1k,2487
124224,124224.json,113,top1k,2487
25693,25693.json,113,top1k,2487
3998288,3998288.json,115,top1k,2486
538974,538974.json,115,top1k,2486
873815,873815.json,115,top1k,2486
601350,601350.json,118,top1k,2486
430721,430721.json,118,top1k,2486
462696,462696.json,118,top1k,2486
24543,24543.json,121,top1k,2486
3161360,3161360.json,122,top1k,2486
108132,108132.json,123,top1k,2485
2753095,2753095.json,124,top1k,2485
704501,704501.json,125,top1k,2485
5202777,5202777.json,126,top1k,2485
2273579,2273579.json,127,top1k,2484
19025,19025.json,128,top1k,2484
9379719,9379719.json,128,top1k,2484
81712,81712.json,130,top1k,2484
5975748,5975748.json,130,top1k,2484
1023534,1023534.json,132,top1k,2484
117597,117597.json,133,top1k,2484
2172826,2172826.json,134,top1k,2484
43164,43164.json,135,top1k,2483
16424,16424.json,136,top1k,2483
5006014,5006014.json,137,top1k,2483
210697,210697.json,137,top1k,2483
594006,594006.json,137,top1k,2483
120894,120894.json,140,top1k,2483
1413928,1413928.json,141,top1k,2482
1125909,1125909.json,142,top1k,2482
72428,72428.json,142,top1k,2482
1294019,1294019.json,144,top1k,2482
3033964,3033964.json,145,top1k,2482
1975501,1975501.json,146,top1k,2482
1110233,1110233.json,147,top1k,2481
2415184,2415184.json,148,top1k,2481
7694187,7694187.json,148,top1k,2481
1875191,1875191.json,148,top1k,2481
742539,742539.json,148,top1k,2481
2674891,2674891.json,152,top1k,2481
319097,319097.json,152,top1k,2481
4813967,4813967.json,154,top1k,2481
7383149,7383149.json,154,top1k,2481
420804,420804.json,156,top1k,2481
101386,101386.json,157,top1k,2481
5234028,5234028.json,158,top1k,2480
3937245,3937245.json,159,top1k,2480
4821852,4821852.json,160,top1k,2480
490084,490084.json,161,top1k,2480
1761769,1761769.json,161,top1k,2480
881558,881558.json,163,top1k,2480
2093854,2093854.json,164,top1k,2480
1112601,1112601.json,165,top1k,2480
3227946,3227946.json,166,top1k,2480
3466874,3466874.json,167,top1k,2479
7010388,7010388.json,168,top1k,2479
1825135,1825135.json,168,top1k,2479
1537509,1537509.json,168,top1k,2479
5617969,5617969.json,171,top1k,2479
12537,12537.json,172,top1k,2479
3769,3769.json,172,top1k,2479
213179,213179.json,174,top1k,2479
7849328,7849328.json,175,top1k,2478
2342369,2342369.json,176,top1k,2478
1970322,1970322.json,177,top1k,2478
3066821,3066821.json,178,top1k,2478
2991545,2991545.json,179,top1k,2478
4061721,4061721.json,180,top1k,2478
3722198,3722198.json,180,top1k,2478
134575,134575.json,180,top1k,2478
7227910,7227910.json,180,top1k,2478
1314154,1314154.json,184,top1k,2478
2913609,2913609.json,185,top1k,2477
6271780,6271780.json,186,top1k,2477
2333130,2333130.json,187,top1k,2477
6782415,6782415.json,188,top1k,2477
170043,170043.json,188,top1k,2477
4038290,4038290.json,188,top1k,2477
25292,25292.json,188,top1k,2477
5183778,5183778.json,192,top1k,2477
7054809,7054809.json,192,top1k,2477
1427619,1427619.json,194,top1k,2477
3048349,3048349.json,195,top1k,2477
6171681,6171681.json,195,top1k,2477
4124354,4124354.json,197,top1k,2476
935628,935628.json,198,top1k,2476
21898,21898.json,198,top1k,2476
2576386,2576386.json,198,top1k,2476
2838416,2838416.json,198,top1k,2476
876610,876610.json,198,top1k,2476
57952,57952.json,203,top1k,2476
2636416,2636416.json,203,top1k,2476
2872084,2872084.json,203,top1k,2476
3007408,3007408.json,203,top1k,2476
3842252,3842252.json,203,top1k,2476
22274,22274.json,208,top1k,2476
3919074,3919074.json,209,top1k,2476
579711,579711.json,210,top1k,2475
1689754,1689754.json,210,top1k,2475
3195301,3195301.json,210,top1k,2475
9325733,9325733.json,210,top1k,2475
1842657,1842657.json,214,top1k,2475
837,837.json,214,top1k,2475
4566143,4566143.json,214,top1k,2475
29514,29514.json,217,top1k,2475
1627041,1627041.json,217,top1k,2475
7434907,7434907.json,219,top1k,2475
407342,407342.json,220,top1k,2475
4526801,4526801.json,221,top1k,2475
5919787,5919787.json,221,top1k,2475
5895217,5895217.json,223,top1k,2474
6317,6317.json,224,top1k,2474
4749230,4749230.json,224,top1k,2474
6737062,6737062.json,224,top1k,2474
1053398,1053398.json,224,top1k,2474
5512845,5512845.json,224,top1k,2474
122737,122737.json,224,top1k,2474
87760,87760.json,230,top1k,2474
3912338,3912338.json,230,top1k,2474
2701945,2701945.json,230,top1k,2474
5304684,5304684.json,230,top1k,2474
712923,712923.json,230,top1k,2474
3162120,3162120.json,230,top1k,2474
4312711,4312711.json,230,top1k,2474
4336532,4336532.json,230,top1k,2474
456879,456879.json,230,top1k,2474
7612855,7612855.json,230,top1k,2474
4115,4115.json,230,top1k,2474
9476966,9476966.json,230,top1k,2474
767747,767747.json,230,top1k,2474
528731,528731.json,243,top1k,2474
41264,41264.json,243,top1k,2474
5262291,5262291.json,243,top1k,2474
1350548,1350548.json,246,top1k,2474
4160393,4160393.json,247,top1k,2473
251720,251720.json,248,top1k,2473
1023702,1023702.json,248,top1k,2473
4809661,4809661.json,248,top1k,2473
20370,20370.json,248,top1k,2473
7219555,7219555.json,248,top1k,2473
5376427,5376427.json,248,top1k,2473
6583704,6583704.json,248,top1k,2473
11094,11094.json,248,top1k,2473
553678,553678.json,256,top1k,2473
7854573,7854573.json,256,top1k,2473
81560,81560.json,256,top1k,2473
3828892,3828892.json,256,top1k,2473
11494,11494.json,256,top1k,2473
12002,12002.json,261,top1k,2473
2995475,2995475.json,262,top1k,2473
5560886,5560886.json,262,top1k,2473
923882,923882.json,264,top1k,2473
459794,459794.json,265,top1k,2472
1694,1694.json,265,top1k,2472
100981,100981.json,265,top1k,2472
214608,214608.json,268,top1k,2472
1348302,1348302.json,268,top1k,2472
135052,135052.json,268,top1k,2472
3467082,3467082.json,271,top1k,2472
2033949,2033949.json,271,top1k,2472
716150,716150.json,273,top1k,2472
21609,21609.json,274,top1k,2472
1894467,1894467.json,275,top1k,2472
5232585,5232585.json,275,top1k,2472
6629455,6629455.json,277,top1k,2472
6114204,6114204.json,278,top1k,2471
4434622,4434622.json,279,top1k,2471
5014003,5014003.json,280,top1k,2471
66111,66111.json,280,top1k,2471
1285838,1285838.json,280,top1k,2471
4227185,4227185.json,283,top1k,2471
3162670,3162670.json,283,top1k,2471
764031,764031.json,283,top1k,2471
188495,188495.json,283,top1k,2471
216288,216288.json,287,top1k,2471
9139787,9139787.json,288,top1k,2470
548396,548396.json,289,top1k,2470
405117,405117.json,289,top1k,2470
3786227,3786227.json,289,top1k,2470
2119156,2119156.json,289,top1k,2470
484266,484266.json,289,top1k,2470
6131764,6131764.json,289,top1k,2470
789418,789418.json,289,top1k,2470
1986381,1986381.json,289,top1k,2470
161117,161117.json,289,top1k,2470
9435470,9435470.json,298,top1k,2470
41007,41007.json,298,top1k,2470
1581232,1581232.json,298,top1k,2470
257208,257208.json,298,top1k,2470
295234,295234.json,302,top1k,2470
167385,167385.json,303,top1k,2470
5037596,5037596.json,304,top1k,2470
1465334,1465334.json,305,top1k,2470
101005,101005.json,306,top1k,2469
8646401,8646401.json,307,top1k,2469
231876,231876.json,308,top1k,2469
674894,674894.json,309,top1k,2469
585934,585934.json,309,top1k,2469
770075,770075.json,309,top1k,2469
58887,58887.json,309,top1k,2469
4826,4826.json,309,top1k,2469
2782488,2782488.json,309,top1k,2469
343373,343373.json,309,top1k,2469
628614,628614.json,316,top1k,2469
4467662,4467662.json,316,top1k,2469
9076670,9076670.json,316,top1k,2469
613551,613551.json,319,top1k,2469
2269823,2269823.json,320,top1k,2469
3957293,3957293.json,320,top1k,2469
44638,44638.json,322,top1k,2468
7696784,7696784.json,322,top1k,2468
3224588,3224588.json,324,top1k,2468
20041,20041.json,324,top1k,2468
94036,94036.json,324,top1k,2468
7468067,7468067.json,324,top1k,2468
87888,87888.json,324,top1k,2468
8480674,8480674.json,324,top1k,2468
10884,10884.json,324,top1k,2468
5885365,5885365.json,324,top1k,2468
87916,87916.json,324,top1k,2468
9092132,9092132.json,324,top1k,2468
2210469,2210469.json,334,top1k,2468
7645347,7645347.json,334,top1k,2468
2539510,2539510.json,334,top1k,2468
5909,5909.json,334,top1k,2468
239831,239831.json,338,top1k,2468
6596254,6596254.json,338,top1k,2468
7042671,7042671.json,340,top1k,2468
1139478,1139478.json,340,top1k,2468
5015147,5015147.json,340,top1k,2468
914224,914224.json,343,top1k,2468
2063557,2063557.json,343,top1k,2468
6316502,6316502.json,345,top1k,2467
237474,237474.json,346,top1k,2467
1244313,1244313.json,347,top1k,2467
8017,8017.json,348,top1k,2467
274225,274225.json,348,top1k,2467
981807,981807.json,348,top1k,2467
6743,6743.json,348,top1k,2467
6782867,6782867.json,348,top1k,2467
2229311,2229311.json,353,top1k,2467
4353693,4353693.json,353,top1k,2467
49978,49978.json,353,top1k,2467
2543607,2543607.json,356,top1k,2467
53151,53151.json,356,top1k,2467
2597995,2597995.json,356,top1k,2467
108708,108708.json,359,top1k,2467
6626474,6626474.json,359,top1k,2467
8071069,8071069.json,359,top1k,2467
34478,34478.json,359,top1k,2467
1999151,1999151.json,363,top1k,2467
567688,567688.json,364,top1k,2467
902153,902153.json,365,top1k,2466
351074,351074.json,366,top1k,2466
136492,136492.json,366,top1k,2466
4061764,4061764.json,366,top1k,2466
358884,358884.json,369,top1k,2466
936597,936597.json,369,top1k,2466
350852,350852.json,369,top1k,2466
99126,99126.json,372,top1k,2466
33558,33558.json,372,top1k,2466
461174,461174.json,372,top1k,2466
4608978,4608978.json,372,top1k,2466
4122995,4122995.json,372,top1k,2466
6057936,6057936.json,372,top1k,2466
1116204,1116204.json,372,top1k,2466
304197,304197.json,372,top1k,2466
8153171,8153171.json,380,top1k,2466
3809889,3809889.json,380,top1k,2466
4061379,4061379.json,380,top1k,2466
448259,448259.json,380,top1k,2466
3318005,3318005.json,384,top1k,2466
1081459,1081459.json,384,top1k,2466
4251120,4251120.json,384,top1k,2466
689725,689725.json,387,top1k,2466
5558475,5558475.json,387,top1k,2466
1798122,1798122.json,389,top1k,2466
2614550,2614550.json,390,top1k,2465
83504,83504.json,390,top1k,2465
2618349,2618349.json,392,top1k,2465
493008,493008.json,392,top1k,2465
6265926,6265926.json,392,top1k,2465
2401572,2401572.json,392,top1k,2465
4480485,4480485.json,392,top1k,2465
278788,278788.json,392,top1k,2465
323771,323771.json,392,top1k,2465
7581950,7581950.json,399,top1k,2465
6783719,6783719.json,399,top1k,2465
672089,672089.json,399,top1k,2465
316590,316590.json,399,top1k,2465
1583438,1583438.json,403,top1k,2465
5340812,5340812.json,403,top1k,2465
2378519,2378519.json,405,top1k,2465
7842898,7842898.json,405,top1k,2465
589196,589196.json,405,top1k,2465
1138304,1138304.json,408,top1k,2465
1331539,1331539.json,408,top1k,2465
4728207,4728207.json,408,top1k,2465
89980,89980.json,411,top1k,2465
3324034,3324034.json,412,top1k,2464
1995045,1995045.json,413,top1k,2464
13037,13037.json,414,top1k,2464
7286215,7286215.json,415,top1k,2464
1217287,1217287.json,416,top1k,2464
38568,38568.json,416,top1k,2464
357000,357000.json,416,top1k,2464
2191103,2191103.json,416,top1k,2464
201724,201724.json,416,top1k,2464
2884418,2884418.json,416,top1k,2464
2535061,2535061.json,416,top1k,2464
7714197,7714197.json,416,top1k,2464
7351920,7351920.json,424,top1k,2464
3373405,3373405.json,424,top1k,2464
3814,3814.json,424,top1k,2464
2482303,2482303.json,424,top1k,2464
7204217,7204217.json,424,top1k,2464
3709346,3709346.json,424,top1k,2464
1270475,1270475.json,424,top1k,2464
3381818,3381818.json,424,top1k,2464
6038,6038.json,424,top1k,2464
49235,49235.json,424,top1k,2464
5691661,5691661.json,424,top1k,2464
1908920,1908920.json,424,top1k,2464
5994909,5994909.json,436,top1k,2464
2816220,2816220.json,436,top1k,2464
255185,255185.json,438,top1k,2464
2576761,2576761.json,438,top1k,2464
2550012,2550012.json,438,top1k,2464
1569011,1569011.json,441,top1k,2464
1237084,1237084.json,442,top1k,2464
7035765,7035765.json,443,top1k,2463
3240533,3240533.json,443,top1k,2463
2164279,2164279.json,445,top1k,2463
523396,523396.json,445,top1k,2463
4596916,4596916.json,445,top1k,2463
6484764,6484764.json,445,top1k,2463
6882774,6882774.json,445,top1k,2463
128232,128232.json,450,top1k,2463
2840798,2840798.json,450,top1k,2463
1262012,1262012.json,450,top1k,2463
1727618,1727618.json,450,top1k,2463
6125912,6125912.json,450,top1k,2463
8243943,8243943.json,450,top1k,2463
6557720,6557720.json,450,top1k,2463
50053,50053.json,450,top1k,2463
665332,665332.json,450,top1k,2463
2982329,2982329.json,450,top1k,2463
561702,561702.json,460,top1k,2463
359203,359203.json,460,top1k,2463
4011865,4011865.json,460,top1k,2463
5820310,5820310.json,460,top1k,2463
3015437,3015437.json,460,top1k,2463
918055,918055.json,460,top1k,2463
1494723,1494723.json,466,top1k,2463
4102764,4102764.json,467,top1k,2463
267103,267103.json,467,top1k,2463
3890193,3890193.json,469,top1k,2463
29583,29583.json,469,top1k,2463
25482,25482.json,471,top1k,2463
1066,1066.json,472,top1k,2462
59067,59067.json,472,top1k,2462
6144867,6144867.json,472,top1k,2462
3667006,3667006.json,475,top1k,2462
400532,400532.json,475,top1k,2462
1496214,1496214.json,475,top1k,2462
2666798,2666798.json,475,top1k,2462
557614,557614.json,475,top1k,2462
5256959,5256959.json,475,top1k,2462
935431,935431.json,475,top1k,2462
4216193,4216193.json,475,top1k,2462
20577,20577.json,475,top1k,2462
2888889,2888889.json,475,top1k,2462
5635990,5635990.json,485,top1k,2462
4362001,4362001.json,485,top1k,2462
1431552,1431552.json,485,top1k,2462
612329,612329.json,485,top1k,2462
29833,29833.json,485,top1k,2462
1990977,1990977.json,485,top1k,2462
2023880,2023880.json,485,top1k,2462
32877,32877.json,485,top1k,2462
101207,101207.json,485,top1k,2462
733972,733972.json,485,top1k,2462
830731,830731.json,485,top1k,2462
454321,454321.json,496,top1k,2462
82941,82941.json,496,top1k,2462
1623052,1623052.json,496,top1k,2462
6610839,6610839.json,496,top1k,2462
1665650,1665650.json,496,top1k,2462
17660,17660.json,496,top1k,2462
6880226,6880226.json,496,top1k,2462
2097287,2097287.json,503,top1k,2462
1743960,1743960.json,504,top1k,2462
5774918,5774918.json,505,top1k,2462
4585775,4585775.json,505,top1k,2462
4933124,4933124.json,507,top1k,2461
9372381,9372381.json,508,top1k,2461
2184141,2184141.json,509,top1k,2461
2298985,2298985.json,510,top1k,2461
8229774,8229774.json,510,top1k,2461
1649138,1649138.json,510,top1k,2461
1558642,1558642.json,510,top1k,2461
75064,75064.json,510,top1k,2461
3635618,3635618.json,510,top1k,2461
684883,684883.json,510,top1k,2461
7470,7470.json,510,top1k,2461
9464075,9464075.json,518,top1k,2461
1630073,1630073.json,518,top1k,2461
1024518,1024518.json,518,top1k,2461
206407,206407.json,518,top1k,2461
229410,229410.json,518,top1k,2461
8267671,8267671.json,518,top1k,2461
1484131,1484131.json,518,top1k,2461
7744630,7744630.json,525,top1k,2461
2071428,2071428.json,525,top1k,2461
9439662,9439662.json,525,top1k,2461
641468,641468.json,525,top1k,2461
2318412,2318412.json,525,top1k,2461
1808657,1808657.json,530,top1k,2461
3715250,3715250.json,530,top1k,2461
82834,82834.json,530,top1k,2461
323804,323804.json,533,top1k,2461
8030045,8030045.json,534,top1k,2461
4706938,4706938.json,535,top1k,2460
9269594,9269594.json,536,top1k,2460
866665,866665.json,536,top1k,2460
416431,416431.json,538,top1k,2460
743677,743677.json,538,top1k,2460
237099,237099.json,538,top1k,2460
9178,9178.json,538,top1k,2460
350212,350212.json,538,top1k,2460
5947629,5947629.json,538,top1k,2460
838990,838990.json,538,top1k,2460
5434517,5434517.json,538,top1k,2460
39268,39268.json,538,top1k,2460
3066,3066.json,538,top1k,2460
1714127,1714127.json,538,top1k,2460
6177665,6177665.json,538,top1k,2460
255820,255820.json,550,top1k,2460
8075403,8075403.json,550,top1k,2460
77239,77239.json,550,top1k,2460
4856371,4856371.json,553,top1k,2460
475488,475488.json,553,top1k,2460
669249,669249.json,553,top1k,2460
454084,454084.json,556,top1k,2460
1349077,1349077.json,557,top1k,2460
94738,94738.json,557,top1k,2460
5990921,5990921.json,559,top1k,2460
101589,101589.json,560,top1k,2460
2983693,2983693.json,561,top1k,2459
712279,712279.json,561,top1k,2459
9121522,9121522.json,563,top1k,2459
5832053,5832053.json,563,top1k,2459
891798,891798.json,565,top1k,2459
5154920,5154920.json,565,top1k,2459
307389,307389.json,565,top1k,2459
14111,14111.json,565,top1k,2459
4405350,4405350.json,565,top1k,2459
8887186,8887186.json,565,top1k,2459
2663115,2663115.json,565,top1k,2459
3137299,3137299.json,565,top1k,2459
2217363,2217363.json,565,top1k,2459
129969,129969.json,565,top1k,2459
4655122,4655122.json,565,top1k,2459
280247,280247.json,565,top1k,2459
3611984,3611984.json,565,top1k,2459
1261829,1261829.json,578,top1k,2459
56214,56214.json,578,top1k,2459
95170,95170.json,580,top1k,2459
5452506,5452506.json,580,top1k,2459
666244,666244.json,580,top1k,2459
18821,18821.json,580,top1k,2459
2085577,2085577.json,580,top1k,2459
1033119,1033119.json,585,top1k,2459
5937436,5937436.json,586,top1k,2459
4003421,4003421.json,587,top1k,2459
44,44.json,588,top1k,2458
595944,595944.json,588,top1k,2458
6762394,6762394.json,588,top1k,2458
1613657,1613657.json,588,top1k,2458
4517988,4517988.json,592,top1k,2458
7418486,7418486.json,592,top1k,2458
399188,399188.json,592,top1k,2458
137053,137053.json,592,top1k,2458
6277823,6277823.json,592,top1k,2458
714766,714766.json,592,top1k,2458
1295239,1295239.json,592,top1k,2458
8077152,8077152.json,592,top1k,2458
7989864,7989864.json,592,top1k,2458
25019,25019.json,592,top1k,2458
4810529,4810529.json,602,top1k,2458
660655,660655.json,602,top1k,2458
332654,332654.json,602,top1k,2458
301575,301575.json,602,top1k,2458
63714,63714.json,602,top1k,2458
90481,90481.json,602,top1k,2458
2672310,2672310.json,602,top1k,2458
46871,46871.json,602,top1k,2458
4842,4842.json,602,top1k,2458
5476047,5476047.json,602,top1k,2458
18202,18202.json,602,top1k,2458
261446,261446.json,602,top1k,2458
954152,954152.json,614,top1k,2458
9471033,9471033.json,614,top1k,2458
4684167,4684167.json,616,top1k,2458
6022874,6022874.json,617,top1k,2458
295281,295281.json,617,top1k,2458
238004,238004.json,619,top1k,2457
58005,58005.json,620,top1k,2457
4747019,4747019.json,620,top1k,2457
1040253,1040253.json,620,top1k,2457
4036601,4036601.json,620,top1k,2457
5170791,5170791.json,620,top1k,2457
368528,368528.json,620,top1k,2457
4957362,4957362.json,620,top1k,2457
108001,108001.json,620,top1k,2457
629574,629574.json,628,top1k,2457
87192,87192.json,628,top1k,2457
6329109,6329109.json,628,top1k,2457
3280996,3280996.json,628,top1k,2457
213845,213845.json,632,top1k,2457
6382673,6382673.json,632,top1k,2457
1473948,1473948.json,632,top1k,2457
7116015,7116015.json,635,top1k,2457
421227,421227.json,636,top1k,2457
595767,595767.json,637,top1k,2457
636160,636160.json,637,top1k,2457
368254,368254.json,639,top1k,2457
7971013,7971013.json,640,top1k,2457
132403,132403.json,641,top1k,2457
8614234,8614234.json,642,top1k,2456
38073,38073.json,643,top1k,2456
3697183,3697183.json,644,top1k,2456
2983196,2983196.json,644,top1k,2456
296614,296614.json,644,top1k,2456
504356,504356.json,647,top1k,2456
8336294,8336294.json,647,top1k,2456
3130079,3130079.json,647,top1k,2456
420092,420092.json,647,top1k,2456
195213,195213.json,647,top1k,2456
7064908,7064908.json,647,top1k,2456
8926607,8926607.json,647,top1k,2456
1963555,1963555.json,647,top1k,2456
826802,826802.json,647,top1k,2456
944984,944984.json,647,top1k,2456
58709,58709.json,647,top1k,2456
1070561,1070561.json,647,top1k,2456
384660,384660.json,647,top1k,2456
7892838,7892838.json,647,top1k,2456
1280369,1280369.json,647,top1k,2456
37423,37423.json,647,top1k,2456
4846499,4846499.json,647,top1k,2456
152452,152452.json,647,top1k,2456
3754071,3754071.json,665,top1k,2456
2772368,2772368.json,665,top1k,2456
16174,16174.json,665,top1k,2456
3732365,3732365.json,665,top1k,2456
4043621,4043621.json,665,top1k,2456
6702586,6702586.json,665,top1k,2456
22952,22952.json,665,top1k,2456
354488,354488.json,672,top1k,2456
299877,299877.json,672,top1k,2456
1259750,1259750.json,674,top1k,2456
159057,159057.json,674,top1k,2456
2469835,2469835.json,676,top1k,2456
67587,67587.json,677,top1k,2456
3575143,3575143.json,677,top1k,2456
9006124,9006124.json,679,top1k,2455
5455043,5455043.json,680,top1k,2455
8465050,8465050.json,681,top1k,2455
1694665,1694665.json,682,top1k,2455
719526,719526.json,682,top1k,2455
233136,233136.json,682,top1k,2455
848838,848838.json,682,top1k,2455
6373164,6373164.json,682,top1k,2455
4203390,4203390.json,687,top1k,2455
148958,148958.json,687,top1k,2455
3530101,3530101.json,687,top1k,2455
4154412,4154412.json,687,top1k,2455
822215,822215.json,687,top1k,2455
2525532,2525532.json,687,top1k,2455
5076096,5076096.json,687,top1k,2455
3413643,3413643.json,687,top1k,2455
3237797,3237797.json,687,top1k,2455
63437,63437.json,687,top1k,2455
4312659,4312659.json,687,top1k,2455
618629,618629.json,687,top1k,2455
246992,246992.json,687,top1k,2455
52634,52634.json,687,top1k,2455
7324758,7324758.json,701,top1k,2455
566445,566445.json,701,top1k,2455
1417752,1417752.json,701,top1k,2455
415941,415941.json,701,top1k,2455
906444,906444.json,701,top1k,2455
3571907,3571907.json,701,top1k,2455
3070363,3070363.json,701,top1k,2455
4388614,4388614.json,701,top1k,2455
8100553,8100553.json,709,top1k,2455
202520,202520.json,709,top1k,2455
8849367,8849367.json,711,top1k,2455
5438865,5438865.json,711,top1k,2455
2107827,2107827.json,711,top1k,2455
2500773,2500773.json,711,top1k,2455
4713952,4713952.json,715,top1k,2455
930533,930533.json,715,top1k,2455
124340,124340.json,715,top1k,2455
294230,294230.json,718,top1k,2455
5121191,5121191.json,719,top1k,2455
6356967,6356967.json,720,top1k,2454
7794020,7794020.json,721,top1k,2454
36712,36712.json,722,top1k,2454
8590547,8590547.json,722,top1k,2454
67573,67573.json,722,top1k,2454
162613,162613.json,722,top1k,2454
3486529,3486529.json,722,top1k,2454
8508211,8508211.json,722,top1k,2454
4253708,4253708.json,722,top1k,2454
1446306,1446306.json,722,top1k,2454
3471822,3471822.json,722,top1k,2454
410400,410400.json,722,top1k,2454
722991,722991.json,722,top1k,2454
3917166,3917166.json,722,top1k,2454
646722,646722.json,734,top1k,2454
1800419,1800419.json,734,top1k,2454
1100994,1100994.json,734,top1k,2454
5147577,5147577.json,734,top1k,2454
18044,18044.json,734,top1k,2454
883713,883713.json,739,top1k,2454
4858818,4858818.json,740,top1k,2454
461480,461480.json,740,top1k,2454
6119188,6119188.json,740,top1k,2454
6924405,6924405.json,740,top1k,2454
7717403,7717403.json,744,top1k,2454
4663930,4663930.json,744,top1k,2454
6180771,6180771.json,746,top1k,2454
2142124,2142124.json,746,top1k,2454
268450,268450.json,748,top1k,2454
19913,19913.json,749,top1k,2454
1349841,1349841.json,750,top1k,2453
1403497,1403497.json,750,top1k,2453
3163492,3163492.json,750,top1k,2453
707817,707817.json,750,top1k,2453
7086363,7086363.json,750,top1k,2453
94512,94512.json,750,top1k,2453
9332228,9332228.json,750,top1k,2453
2467362,2467362.json,750,top1k,2453
246936,246936.json,750,top1k,2453
2483448,2483448.json,750,top1k,2453
1652359,1652359.json,750,top1k,2453
6609205,6609205.json,761,top1k,2453
616891,616891.json,761,top1k,2453
8633667,8633667.json,761,top1k,2453
1404335,1404335.json,761,top1k,2453
393068,393068.json,761,top1k,2453
370547,370547.json,766,top1k,2453
5182403,5182403.json,766,top1k,2453
7809411,7809411.json,766,top1k,2453
1130410,1130410.json,766,top1k,2453
240875,240875.json,766,top1k,2453
137964,137964.json,771,top1k,2453
4218979,4218979.json,771,top1k,2453
7926239,7926239.json,773,top1k,2453
3350685,3350685.json,773,top1k,2453
589267,589267.json,773,top1k,2453
14539,14539.json,776,top1k,2453
4508832,4508832.json,777,top1k,2453
3968608,3968608.json,777,top1k,2453
5661953,5661953.json,779,top1k,2452
1734963,1734963.json,780,top1k,2452
3161163,3161163.json,781,top1k,2452
7946105,7946105.json,782,top1k,2452
2030907,2030907.json,782,top1k,2452
1146422,1146422.json,782,top1k,2452
635399,635399.json,782,top1k,2452
2530695,2530695.json,782,top1k,2452
429419,429419.json,782,top1k,2452
1982442,1982442.json,782,top1k,2452
1307564,1307564.json,782,top1k,2452
1929965,1929965.json,782,top1k,2452
111912,111912.json,782,top1k,2452
8900316,8900316.json,782,top1k,2452
6017653,6017653.json,782,top1k,2452
304119,304119.json,782,top1k,2452
700135,700135.json,782,top1k,2452
1060028,1060028.json,796,top1k,2452
812671,812671.json,796,top1k,2452
3600242,3600242.json,796,top1k,2452
2290040,2290040.json,796,top1k,2452
736878,736878.json,796,top1k,2452
451154,451154.json,796,top1k,2452
14640,14640.json,796,top1k,2452
10050,10050.json,796,top1k,2452
11197,11197.json,804,top1k,2452
131532,131532.json,804,top1k,2452
37862,37862.json,804,top1k,2452
188979,188979.json,804,top1k,2452
1327104,1327104.json,804,top1k,2452
716458,716458.json,804,top1k,2452
6525720,6525720.json,804,top1k,2452
3912241,3912241.json,804,top1k,2452
9096,9096.json,804,top1k,2452
1767218,1767218.json,804,top1k,2452
593568,593568.json,804,top1k,2452
7917665,7917665.json,815,top1k,2452
3484400,3484400.json,815,top1k,2452
2790437,2790437.json,815,top1k,2452
214213,214213.json,815,top1k,2452
50431,50431.json,819,top1k,2452
376465,376465.json,819,top1k,2452
3658182,3658182.json,819,top1k,2452
6420128,6420128.json,819,top1k,2452
1281633,1281633.json,823,top1k,2452
464293,464293.json,824,top1k,2452
3041204,3041204.json,825,top1k,2452
673327,673327.json,826,top1k,2452
356910,356910.json,827,top1k,2451
2757007,2757007.json,828,top1k,2451
1072585,1072585.json,829,top1k,2451
942161,942161.json,829,top1k,2451
436693,436693.json,829,top1k,2451
3804899,3804899.json,832,top1k,2451
488174,488174.json,832,top1k,2451
3348097,3348097.json,832,top1k,2451
4280816,4280816.json,832,top1k,2451
1825454,1825454.json,832,top1k,2451
602909,602909.json,832,top1k,2451
258388,258388.json,832,top1k,2451
211121,211121.json,839,top1k,2451
39657,39657.json,839,top1k,2451
97896,97896.json,839,top1k,2451
725403,725403.json,839,top1k,2451
515728,515728.json,839,top1k,2451
4055195,4055195.json,839,top1k,2451
7641193,7641193.json,839,top1k,2451
241238,241238.json,839,top1k,2451
963,963.json,839,top1k,2451
2935,2935.json,839,top1k,2451
800409,800409.json,839,top1k,2451
526610,526610.json,850,top1k,2451
6099284,6099284.json,850,top1k,2451
406337,406337.json,850,top1k,2451
187040,187040.json,850,top1k,2451
297773,297773.json,850,top1k,2451
60411,60411.json,855,top1k,2451
9021711,9021711.json,855,top1k,2451
4697903,4697903.json,855,top1k,2451
4100706,4100706.json,855,top1k,2451
4904563,4904563.json,859,top1k,2451
6484992,6484992.json,860,top1k,2451
234878,234878.json,861,top1k,2450
900570,900570.json,862,top1k,2450
4571106,4571106.json,862,top1k,2450
1578914,1578914.json,862,top1k,2450
7038693,7038693.json,862,top1k,2450
4762291,4762291.json,862,top1k,2450
5540502,5540502.json,867,top1k,2450
845715,845715.json,867,top1k,2450
100444,100444.json,867,top1k,2450
5138640,5138640.json,867,top1k,2450
222832,222832.json,867,top1k,2450
25720,25720.json,867,top1k,2450
11806,11806.json,867,top1k,2450
3257835,3257835.json,867,top1k,2450
8037259,8037259.json,867,top1k,2450
83390,83390.json,867,top1k,2450
946301,946301.json,867,top1k,2450
8637726,8637726.json,867,top1k,2450
517851,517851.json,867,top1k,2450
6286774,6286774.json,867,top1k,2450
1843138,1843138.json,881,top1k,2450
3490565,3490565.json,881,top1k,2450
4374268,4374268.json,881,top1k,2450
7281516,7281516.json,881,top1k,2450
3127254,3127254.json,881,top1k,2450
2001992,2001992.json,881,top1k,2450
5504655,5504655.json,881,top1k,2450
1966160,1966160.json,881,top1k,2450
6419460,6419460.json,881,top1k,2450
9144617,9144617.json,890,top1k,2450
2731789,2731789.json,890,top1k,2450
99235,99235.json,892,top1k,2450
17749,17749.json,892,top1k,2450
707180,707180.json,894,top1k,2450
638110,638110.json,894,top1k,2450
202994,202994.json,896,top1k,2450
861519,861519.json,897,top1k,2450
2104016,2104016.json,898,top1k,2449
4637489,4637489.json,899,top1k,2449
6512453,6512453.json,899,top1k,2449
851859,851859.json,899,top1k,2449
665728,665728.json,899,top1k,2449
3414090,3414090.json,899,top1k,2449
341667,341667.json,904,top1k,2449
6128179,6128179.json,904,top1k,2449
226064,226064.json,904,top1k,2449
8437505,8437505.json,904,top1k,2449
3968359,3968359.json,904,top1k,2449
5224362,5224362.json,904,top1k,2449
9273593,9273593.json,904,top1k,2449
1127912,1127912.json,904,top1k,2449
2084877,2084877.json,904,top1k,2449
4896941,4896941.json,904,top1k,2449
1148872,1148872.json,904,top1k,2449
193265,193265.json,904,top1k,2449
5858030,5858030.json,904,top1k,2449
2662156,2662156.json,904,top1k,2449
2237901,2237901.json,918,top1k,2449
1069900,1069900.json,918,top1k,2449
116860,116860.json,918,top1k,2449
7137083,7137083.json,918,top1k,2449
436930,436930.json,918,top1k,2449
9085992,9085992.json,918,top1k,2449
1043083,1043083.json,918,top1k,2449
1292667,1292667.json,918,top1k,2449
2109936,2109936.json,918,top1k,2449
4165344,4165344.json,918,top1k,2449
2144974,2144974.json,928,top1k,2449
5768531,5768531.json,928,top1k,2449
9265692,9265692.json,928,top1k,2449
735518,735518.json,928,top1k,2449
1697703,1697703.json,932,top1k,2449
3076302,3076302.json,933,top1k,2449
83568,83568.json,933,top1k,2449
981,981.json,933,top1k,2449
61702,61702.json,933,top1k,2449
1784915,1784915.json,933,top1k,2449
4219512,4219512.json,938,top1k,2449
4931022,4931022.json,939,top1k,2449
42526,42526.json,940,top1k,2449
373634,373634.json,941,top1k,2449
3350194,3350194.json,941,top1k,2449
1661689,1661689.json,943,top1k,2449
909328,909328.json,944,top1k,2448
1485941,1485941.json,945,top1k,2448
6606531,6606531.json,946,top1k,2448
3027657,3027657.json,947,top1k,2448
1753102,1753102.json,947,top1k,2448
198382,198382.json,949,top1k,2448
4643388,4643388.json,949,top1k,2448
12742,12742.json,949,top1k,2448
941922,941922.json,949,top1k,2448
317243,317243.json,949,top1k,2448
1998296,1998296.json,949,top1k,2448
3910987,3910987.json,949,top1k,2448
538275,538275.json,949,top1k,2448
2024942,2024942.json,949,top1k,2448
3043719,3043719.json,949,top1k,2448
4608781,4608781.json,949,top1k,2448
1855343,1855343.json,949,top1k,2448
29686,29686.json,949,top1k,2448
7790606,7790606.json,949,top1k,2448
194657,194657.json,949,top1k,2448
1236175,1236175.json,949,top1k,2448
6838073,6838073.json,949,top1k,2448
4074947,4074947.json,949,top1k,2448
10134,10134.json,949,top1k,2448
88317,88317.json,968,top1k,2448
937203,937203.json,968,top1k,2448
2328,2328.json,968,top1k,2448
5861,5861.json,968,top1k,2448
508638,508638.json,968,top1k,2448
3123401,3123401.json,968,top1k,2448
1126089,1126089.json,968,top1k,2448
7695136,7695136.json,968,top1k,2448
9440655,9440655.json,968,top1k,2448
307269,307269.json,968,top1k,2448
499927,499927.json,968,top1k,2448
164283,164283.json,968,top1k,2448
642254,642254.json,968,top1k,2448
1147365,1147365.json,968,top1k,2448
626432,626432.json,968,top1k,2448
3019933,3019933.json,983,top1k,2448
5848649,5848649.json,983,top1k,2448
4112482,4112482.json,983,top1k,2448
2048916,2048916.json,983,top1k,2448
8256141,8256141.json,983,top1k,2448
5406370,5406370.json,983,top1k,2448
6267077,6267077.json,983,top1k,2448
94583,94583.json,990,top1k,2448
6306785,6306785.json,990,top1k,2448
663596,663596.json,992,top1k,2448
47357,47357.json,992,top1k,2448
7793449,7793449.json,992,top1k,2448
277208,277208.json,992,top1k,2448
8165945,8165945.json,992,top1k,2448
3511830,3511830.json,997,top1k,2447
284006,284006.json,998,top1k,2447
300711,300711.json,999,top1k,2447
5420857,5420857.json,999,top1k,2447
255107,255107.json,999,top1k,2447
6836807,6836807.json,999,top1k,2447
346829,346829.json,1003,top10k,2447
1846544,1846544.json,1003,top10k,2447
39646,39646.json,1003,top10k,2447
2616828,2616828.json,1003,top10k,2447
330482,330482.json,1003,top10k,2447
239422,239422.json,1003,top10k,2447
10349659,10349659.json,1003,top10k,2447
73409,73409.json,1003,top10k,2447
4225242,4225242.json,1003,top10k,2447
2689628,2689628.json,1003,top10k,2447
15115,15115.json,1003,top10k,2447
5129804,5129804.json,1003,top10k,2447
7131823,7131823.json,1003,top10k,2447
275209,275209.json,1003,top10k,2447
7310364,7310364.json,1003,top10k,2447
290593,290593.json,1003,top10k,2447
2974588,2974588.json,1003,top10k,2447
2776071,2776071.json,1003,top10k,2447
108909,108909.json,1003,top10k,2447
19310,19310.json,1003,top10k,2447
7739305,7739305.json,1003,top10k,2447
193136,193136.json,1003,top10k,2447
2673043,2673043.json,1003,top10k,2447
5074879,5074879.json,1026,top10k,2447
3014794,3014794.json,1026,top10k,2447
5412691,5412691.json,1026,top10k,2447
40263,40263.json,1026,top10k,2447
5429537,5429537.json,1026,top10k,2447
4065153,4065153.json,1026,top10k,2447
1709006,1709006.json,1026,top10k,2447
6636104,6636104.json,1026,top10k,2447
4824848,4824848.json,1026,top10k,2447
63083,63083.json,1026,top10k,2447
95688,95688.json,1036,top10k,2447
5214557,5214557.json,1036,top10k,2447
42901,42901.json,1036,top10k,2447
547938,547938.json,1036,top10k,2447
1634716,1634716.json,1036,top10k,2447
646336,646336.json,1041,top10k,2447
1309752,1309752.json,1041,top10k,2447
8272238,8272238.json,1041,top10k,2447
5060721,5060721.json,1044,top10k,2447
9407,9407.json,1044,top10k,2447
6597141,6597141.json,1046,top10k,2447
4069554,4069554.json,1046,top10k,2447
3787528,3787528.json,1048,top10k,2447
747671,747671.json,1048,top10k,2447
5972678,5972678.json,1050,top10k,2446
4725584,4725584.json,1051,top10k,2446
7099229,7099229.json,1052,top10k,2446
5014575,5014575.json,1052,top10k,2446
7180689,7180689.json,1054,top10k,2446
8238174,8238174.json,1054,top10k,2446
376651,376651.json,1054,top10k,2446
151847,151847.json,1054,top10k,2446
2982906,2982906.json,1054,top10k,2446
2002542,2002542.json,1054,top10k,2446
2824139,2824139.json,1054,top10k,2446
234234,234234.json,1054,top10k,2446
2876857,2876857.json,1054,top10k,2446
18180,18180.json,1054,top10k,2446
245511,245511.json,1054,top10k,2446
7212156,7212156.json,1054,top10k,2446
2577572,2577572.json,1066,top10k,2446
5458309,5458309.json,1066,top10k,2446
32972,32972.json,1066,top10k,2446
1983978,1983978.json,1066,top10k,2446
8379029,8379029.json,1066,top10k,2446
296583,296583.json,1066,top10k,2446
2231587,2231587.json,1066,top10k,2446
862593,862593.json,1066,top10k,2446
5337198,5337198.json,1066,top10k,2446
2001366,2001366.json,1066,top10k,2446
453918,453918.json,1066,top10k,2446
3126747,3126747.json,1066,top10k,2446
156913,156913.json,1066,top10k,2446
10036,10036.json,1066,top10k,2446
6189543,6189543.json,1080,top10k,2446
2133833,2133833.json,1080,top10k,2446
6919231,6919231.json,1080,top10k,2446
9116351,9116351.json,1080,top10k,2446
385951,385951.json,1080,top10k,2446
2805227,2805227.json,1080,top10k,2446
2041869,2041869.json,1080,top10k,2446
9342,9342.json,1080,top10k,2446
1863541,1863541.json,1080,top10k,2446
1210575,1210575.json,1089,top10k,2446
1795068,1795068.json,1089,top10k,2446
460592,460592.json,1089,top10k,2446
2400007,2400007.json,1089,top10k,2446
5594285,5594285.json,1089,top10k,2446
6682900,6682900.json,1089,top10k,2446
671496,671496.json,1089,top10k,2446
3054,3054.json,1089,top10k,2446
150834,150834.json,1089,top10k,2446
6355906,6355906.json,1089,top10k,2446
3619701,3619701.json,1099,top10k,2446
815299,815299.json,1099,top10k,2446
847074,847074.json,1101,top10k,2446
25095,25095.json,1102,top10k,2446
21510,21510.json,1102,top10k,2446
7287,7287.json,1104,top10k,2446
2535199,2535199.json,1104,top10k,2446
386873,386873.json,1106,top10k,2446
929694,929694.json,1107,top10k,2446
7448740,7448740.json,1107,top10k,2446
2516796,2516796.json,1107,top10k,2446
1306854,1306854.json,1110,top10k,2446
4857769,4857769.json,1110,top10k,2446
923782,923782.json,1112,top10k,2445
9344158,9344158.json,1113,top10k,2445
314573,314573.json,1114,top10k,2445
1633516,1633516.json,1114,top10k,2445
907367,907367.json,1114,top10k,2445
140391,140391.json,1117,top10k,2445
2700206,2700206.json,1117,top10k,2445
1553274,1553274.json,1117,top10k,2445
1512839,1512839.json,1117,top10k,2445
367545,367545.json,1117,top10k,2445
9024586,9024586.json,1117,top10k,2445
834536,834536.json,1117,top10k,2445
74945,74945.json,1117,top10k,2445
3394987,3394987.json,1117,top10k,2445
1948241,1948241.json,1117,top10k,2445
512436,512436.json,1117,top10k,2445
8684134,8684134.json,1117,top10k,2445
6157012,6157012.json,1117,top10k,2445
8920340,8920340.json,1117,top10k,2445
8087983,8087983.json,1117,top10k,2445
84998,84998.json,1117,top10k,2445
6993404,6993404.json,1117,top10k,2445
746955,746955.json,1117,top10k,2445
581650,581650.json,1117,top10k,2445
5584648,5584648.json,1117,top10k,2445
3818093,3818093.json,1117,top10k,2445
3431198,3431198.json,1117,top10k,2445
85490,85490.json,1139,top10k,2445
12257,12257.json,1139,top10k,2445
683987,683987.json,1139,top10k,2445
9472118,9472118.json,1139,top10k,2445
87764,87764.json,1139,top10k,2445
87611,87611.json,1139,top10k,2445
120578,120578.json,1139,top10k,2445
815176,815176.json,1139,top10k,2445
339099,339099.json,1139,top10k,2445
6543593,6543593.json,1139,top10k,2445
6170048,6170048.json,1139,top10k,2445
5608819,5608819.json,1139,top10k,2445
554819,554819.json,1139,top10k,2445
4456471,4456471.json,1139,top10k,2445
1651394,1651394.json,1139,top10k,2445
989709,989709.json,1139,top10k,2445
6471086,6471086.json,1139,top10k,2445
1379957,1379957.json,1156,top10k,2445
6046232,6046232.json,1156,top10k,2445
4465,4465.json,1156,top10k,2445
7675534,7675534.json,1156,top10k,2445
2331536,2331536.json,1156,top10k,2445
6387980,6387980.json,1156,top10k,2445
27937,27937.json,1156,top10k,2445
3337804,3337804.json,1156,top10k,2445
81162,81162.json,1156,top10k,2445
7966385,7966385.json,1156,top10k,2445
2494149,2494149.json,1166,top10k,2445
1153110,1153110.json,1166,top10k,2445
8707384,8707384.json,1166,top10k,2445
2213114,2213114.json,1169,top10k,2445
1198859,1198859.json,1170,top10k,2445
6532614,6532614.json,1171,top10k,2445
338269,338269.json,1171,top10k,2445
378,378.json,1171,top10k,2445
8931116,8931116.json,1174,top10k,2445
6201638,6201638.json,1175,top10k,2444
2803408,2803408.json,1176,top10k,2444
2313682,2313682.json,1177,top10k,2444
2970093,2970093.json,1178,top10k,2444
7847974,7847974.json,1178,top10k,2444
1181643,1181643.json,1178,top10k,2444
6020193,6020193.json,1181,top10k,2444
999496,999496.json,1181,top10k,2444
33227,33227.json,1181,top10k,2444
763489,763489.json,1181,top10k,2444
419056,419056.json,1181,top10k,2444
4273350,4273350.json,1181,top10k,2444
91806,91806.json,1181,top10k,2444
247364,247364.json,1181,top10k,2444
4009741,4009741.json,1181,top10k,2444
88,88.json,1181,top10k,2444
5331334,5331334.json,1181,top10k,2444
172082,172082.json,1181,top10k,2444
1603245,1603245.json,1181,top10k,2444
337156,337156.json,1181,top10k,2444
2783002,2783002.json,1181,top10k,2444
1972567,1972567.json,1181,top10k,2444
1323224,1323224.json,1181,top10k,2444
3113779,3113779.json,1181,top10k,2444
62200,62200.json,1199,top10k,2444
1057580,1057580.json,1199,top10k,2444
1044260,1044260.json,1199,top10k,2444
1279918,1279918.json,1199,top10k,2444
225319,225319.json,1199,top10k,2444
328359,328359.json,1199,top10k,2444
4614746,4614746.json,1199,top10k,2444
3306701,3306701.json,1199,top10k,2444
5547822,5547822.json,1199,top10k,2444
12093,12093.json,1199,top10k,2444
1865484,1865484.json,1199,top10k,2444
2097788,2097788.json,1199,top10k,2444
1263690,1263690.json,1199,top10k,2444
671156,671156.json,1199,top10k,2444
4751718,4751718.json,1199,top10k,2444
5215931,5215931.json,1199,top10k,2444
3165100,3165100.json,1199,top10k,2444
4940905,4940905.json,1199,top10k,2444
6738,6738.json,1199,top10k,2444
185484,185484.json,1199,top10k,2444
5557,5557.json,1199,top10k,2444
710409,710409.json,1199,top10k,2444
3205,3205.json,1199,top10k,2444
51758,51758.json,1199,top10k,2444
1553825,1553825.json,1223,top10k,2444
6275569,6275569.json,1223,top10k,2444
3135948,3135948.json,1223,top10k,2444
370592,370592.json,1223,top10k,2444
6183788,6183788.json,1223,top10k,2444
157565,157565.json,1223,top10k,2444
7337458,7337458.json,1223,top10k,2444
7423122,7423122.json,1223,top10k,2444
9749,9749.json,1223,top10k,2444
153055,153055.json,1223,top10k,2444
1855896,1855896.json,1223,top10k,2444
1567140,1567140.json,1223,top10k,2444
1260951,1260951.json,1223,top10k,2444
8171782,8171782.json,1236,top10k,2444
662764,662764.json,1236,top10k,2444
9357847,9357847.json,1236,top10k,2444
3520959,3520959.json,1236,top10k,2444
2113879,2113879.json,1236,top10k,2444
503688,503688.json,1241,top10k,2444
4789579,4789579.json,1241,top10k,2444
581435,581435.json,1241,top10k,2444
9139101,9139101.json,1241,top10k,2444
6410466,6410466.json,1245,top10k,2444
9307961,9307961.json,1245,top10k,2444
1992395,1992395.json,1245,top10k,2444
5404480,5404480.json,1248,top10k,2444
432242,432242.json,1249,top10k,2444
5209619,5209619.json,1250,top10k,2443
1406017,1406017.json,1251,top10k,2443
998377,998377.json,1252,top10k,2443
5239842,5239842.json,1253,top10k,2443
6741482,6741482.json,1254,top10k,2443
60298,60298.json,1254,top10k,2443
365152,365152.json,1254,top10k,2443
1027531,1027531.json,1254,top10k,2443
63244,63244.json,1254,top10k,2443
8694853,8694853.json,1254,top10k,2443
303631,303631.json,1254,top10k,2443
6790803,6790803.json,1254,top10k,2443
1805288,1805288.json,1262,top10k,2443
4040105,4040105.json,1262,top10k,2443
748339,748339.json,1262,top10k,2443
3807660,3807660.json,1262,top10k,2443
164308,164308.json,1262,top10k,2443
3813930,3813930.json,1262,top10k,2443
655008,655008.json,1262,top10k,2443
4622934,4622934.json,1262,top10k,2443
49616,49616.json,1262,top10k,2443
1091180,1091180.json,1262,top10k,2443
6436876,6436876.json,1262,top10k,2443
2130090,2130090.json,1262,top10k,2443
147403,147403.json,1262,top10k,2443
150737,150737.json,1262,top10k,2443
684664,684664.json,1262,top10k,2443
202320,202320.json,1262,top10k,2443
143692,143692.json,1262,top10k,2443
49420,49420.json,1262,top10k,2443
3948651,3948651.json,1262,top10k,2443
1428301,1428301.json,1262,top10k,2443
1618916,1618916.json,1262,top10k,2443
564607,564607.json,1283,top10k,2443
4170746,4170746.json,1283,top10k,2443
8269792,8269792.json,1283,top10k,2443
1768285,1768285.json,1283,top10k,2443
6978835,6978835.json,1283,top10k,2443
8082465,8082465.json,1283,top10k,2443
6984466,6984466.json,1283,top10k,2443
59999,59999.json,1283,top10k,2443
5070,5070.json,1283,top10k,2443
2958897,2958897.json,1283,top10k,2443
283547,283547.json,1283,top10k,2443
8932370,8932370.json,1283,top10k,2443
5841804,5841804.json,1283,top10k,2443
90010,90010.json,1283,top10k,2443
6101448,6101448.json,1283,top10k,2443
4469289,4469289.json,1298,top10k,2443
3477874,3477874.json,1298,top10k,2443
7336904,7336904.json,1298,top10k,2443
5703126,5703126.json,1298,top10k,2443
3193846,3193846.json,1298,top10k,2443
8855064,8855064.json,1298,top10k,2443
4722552,4722552.json,1298,top10k,2443
5568565,5568565.json,1298,top10k,2443
501943,501943.json,1298,top10k,2443
569781,569781.json,1298,top10k,2443
227587,227587.json,1308,top10k,2443
1379000,1379000.json,1308,top10k,2443
126334,126334.json,1308,top10k,2443
1758036,1758036.json,1311,top10k,2443
6382909,6382909.json,1311,top10k,2443
9019514,9019514.json,1311,top10k,2443
3076996,3076996.json,1314,top10k,2443
5560474,5560474.json,1315,top10k,2443
476433,476433.json,1315,top10k,2443
62944,62944.json,1317,top10k,2443
128777,128777.json,1317,top10k,2443
1696537,1696537.json,1319,top10k,2443
1025872,1025872.json,1320,top10k,2442
59828,59828.json,1320,top10k,2442
14874,14874.json,1320,top10k,2442
3152127,3152127.json,1320,top10k,2442
2724600,2724600.json,1320,top10k,2442
2438606,2438606.json,1325,top10k,2442
2816288,2816288.json,1325,top10k,2442
836847,836847.json,1325,top10k,2442
1451863,1451863.json,1325,top10k,2442
712575,712575.json,1325,top10k,2442
6229871,6229871.json,1325,top10k,2442
115708,115708.json,1325,top10k,2442
58484,58484.json,1325,top10k,2442
20396,20396.json,1325,top10k,2442
7710468,7710468.json,1325,top10k,2442
6654920,6654920.json,1325,top10k,2442
965756,965756.json,1325,top10k,2442
60424,60424.json,1325,top10k,2442
8243644,8243644.json,1325,top10k,2442
5480386,5480386.json,1325,top10k,2442
6139905,6139905.json,1325,top10k,2442
4758086,4758086.json,1325,top10k,2442
16231,16231.json,1342,top10k,2442
2044448,2044448.json,1342,top10k,2442
373906,373906.json,1342,top10k,2442
2793,2793.json,1342,top10k,2442
4128601,4128601.json,1342,top10k,2442
659588,659588.json,1342,top10k,2442
332614,332614.json,1342,top10k,2442
176201,176201.json,1342,top10k,2442
5837262,5837262.json,1342,top10k,2442
4518167,4518167.json,1342,top10k,2442
7030140,7030140.json,1342,top10k,2442
1964554,1964554.json,1342,top10k,2442
39562,39562.json,1342,top10k,2442
670488,670488.json,1342,top10k,2442
53190,53190.json,1342,top10k,2442
156344,156344.json,1342,top10k,2442
2722114,2722114.json,1342,top10k,2442
6817400,6817400.json,1342,top10k,2442
232089,232089.json,1342,top10k,2442
5979748,5979748.json,1342,top10k,2442
460392,460392.json,1342,top10k,2442
50185,50185.json,1342,top10k,2442
8147924,8147924.json,1342,top10k,2442
4645196,4645196.json,1342,top10k,2442
1540394,1540394.json,1342,top10k,2442
5066778,5066778.json,1367,top10k,2442
4393078,4393078.json,1367,top10k,2442
693046,693046.json,1367,top10k,2442
1380520,1380520.json,1367,top10k,2442
587202,587202.json,1367,top10k,2442
5999850,5999850.json,1367,top10k,2442
663860,663860.json,1367,top10k,2442
1968644,1968644.json,1367,top10k,2442
4971073,4971073.json,1367,top10k,2442
838,838.json,1367,top10k,2442
1614788,1614788.json,1367,top10k,2442
100575,100575.json,1367,top10k,2442
1417465,1417465.json,1379,top10k,2442
91014,91014.json,1379,top10k,2442
923629,923629.json,1379,top10k,2442
7934091,7934091.json,1382,top10k,2442
1042323,1042323.json,1382,top10k,2442
1982905,1982905.json,1382,top10k,2442
7165811,7165811.json,1382,top10k,2442
4422852,4422852.json,1386,top10k,2442
891799,891799.json,1386,top10k,2442
7487714,7487714.json,1388,top10k,2442
9612423,9612423.json,1389,top10k,2442
1221862,1221862.json,1390,top10k,2442
3531985,3531985.json,1391,top10k,2442
5420312,5420312.json,1392,top10k,2441
4127,4127.json,1393,top10k,2441
6573835,6573835.json,1394,top10k,2441
1443798,1443798.json,1395,top10k,2441
20098,20098.json,1395,top10k,2441
9259565,9259565.json,1395,top10k,2441
2493,2493.json,1395,top10k,2441
6546,6546.json,1395,top10k,2441
7445131,7445131.json,1395,top10k,2441
21177,21177.json,1401,top10k,2441
371237,371237.json,1401,top10k,2441
5143416,5143416.json,1401,top10k,2441
6380,6380.json,1401,top10k,2441
4505518,4505518.json,1401,top10k,2441
359533,359533.json,1401,top10k,2441
4293050,4293050.json,1401,top10k,2441
1179017,1179017.json,1401,top10k,2441
545293,545293.json,1401,top10k,2441
8215005,8215005.json,1401,top10k,2441
1580709,1580709.json,1401,top10k,2441
2715988,2715988.json,1401,top10k,2441
3042172,3042172.json,1401,top10k,2441
71730,71730.json,1401,top10k,2441
7557978,7557978.json,1401,top10k,2441
5136367,5136367.json,1401,top10k,2441
418943,418943.json,1401,top10k,2441
68092,68092.json,1401,top10k,2441
6507474,6507474.json,1401,top10k,2441
443133,443133.json,1401,top10k,2441
4609995,4609995.json,1401,top10k,2441
8721108,8721108.json,1401,top10k,2441
57401,57401.json,1401,top10k,2441
1606258,1606258.json,1424,top10k,2441
30982,30982.json,1424,top10k,2441
1885,1885.json,1424,top10k,2441
1929994,1929994.json,1424,top10k,2441
300284,300284.json,1424,top10k,2441
80388,80388.json,1424,top10k,2441
4607381,4607381.json,1424,top10k,2441
799747,799747.json,1424,top10k,2441
605070,605070.json,1424,top10k,2441
520298,520298.json,1424,top10k,2441
4645536,4645536.json,1424,top10k,2441
533719,533719.json,1424,top10k,2441
3669685,3669685.json,1424,top10k,2441
8079436,8079436.json,1424,top10k,2441
163250,163250.json,1424,top10k,2441
7615539,7615539.json,1424,top10k,2441
2213222,2213222.json,1440,top10k,2441
6946641,6946641.json,1440,top10k,2441
121919,121919.json,1440,top10k,2441
2622720,2622720.json,1440,top10k,2441
1636228,1636228.json,1440,top10k,2441
3357080,3357080.json,1440,top10k,2441
888291,888291.json,1440,top10k,2441
445788,445788.json,1440,top10k,2441
4091,4091.json,1440,top10k,2441
1979193,1979193.json,1440,top10k,2441
358413,358413.json,1440,top10k,2441
2624148,2624148.json,1451,top10k,2441
5613201,5613201.json,1451,top10k,2441
213092,213092.json,1453,top10k,2441
3818013,3818013.json,1453,top10k,2441
5532153,5532153.json,1453,top10k,2441
393004,393004.json,1453,top10k,2441
3217001,3217001.json,1453,top10k,2441
66107,66107.json,1458,top10k,2441
1647606,1647606.json,1458,top10k,2441
3480660,3480660.json,1460,top10k,2441
889202,889202.json,1461,top10k,2441
4009171,4009171.json,1461,top10k,2441
308852,308852.json,1461,top10k,2441
834411,834411.json,1461,top10k,2441
5284904,5284904.json,1465,top10k,2440
2003199,2003199.json,1466,top10k,2440
564373,564373.json,1467,top10k,2440
2000107,2000107.json,1468,top10k,2440
6218908,6218908.json,1468,top10k,2440
2806537,2806537.json,1468,top10k,2440
6161406,6161406.json,1471,top10k,2440
8208163,8208163.json,1471,top10k,2440
1309723,1309723.json,1471,top10k,2440
2479834,2479834.json,1471,top10k,2440
3571023,3571023.json,1471,top10k,2440
3043831,3043831.json,1471,top10k,2440
7540287,7540287.json,1471,top10k,2440
1694483,1694483.json,1471,top10k,2440
4444774,4444774.json,1471,top10k,2440
357599,357599.json,1471,top10k,2440
320278,320278.json,1471,top10k,2440
877819,877819.json,1471,top10k,2440
196932,196932.json,1471,top10k,2440
8819893,8819893.json,1471,top10k,2440
7366951,7366951.json,1471,top10k,2440
589283,589283.json,1471,top10k,2440
6613197,6613197.json,1471,top10k,2440
362853,362853.json,1471,top10k,2440
5260193,5260193.json,1471,top10k,2440
1652113,1652113.json,1471,top10k,2440
5504709,5504709.json,1471,top10k,2440
4423097,4423097.json,1471,top10k,2440
707013,707013.json,1471,top10k,2440
715098,715098.json,1471,top10k,2440
4481385,4481385.json,1495,top10k,2440
3287874,3287874.json,1495,top10k,2440
2182164,2182164.json,1495,top10k,2440
4436959,4436959.json,1495,top10k,2440
359646,359646.json,1495,top10k,2440
47580,47580.json,1495,top10k,2440
10633,10633.json,1495,top10k,2440
1469981,1469981.json,1495,top10k,2440
7254954,7254954.json,1495,top10k,2440
400918,400918.json,1495,top10k,2440
158176,158176.json,1495,top10k,2440
148103,148103.json,1495,top10k,2440
7108861,7108861.json,1495,top10k,2440
7477688,7477688.json,1495,top10k,2440
956295,956295.json,1495,top10k,2440
3978596,3978596.json,1510,top10k,2440
4749718,4749718.json,1510,top10k,2440
7243825,7243825.json,1510,top10k,2440
1358557,1358557.json,1510,top10k,2440
779401,779401.json,1510,top10k,2440
1485244,1485244.json,1510,top10k,2440
585044,585044.json,1510,top10k,2440
5511480,5511480.json,1510,top10k,2440
2316439,2316439.json,1510,top10k,2440
8825512,8825512.json,1510,top10k,2440
626406,626406.json,1510,top10k,2440
4733071,4733071.json,1510,top10k,2440
1537324,1537324.json,1522,top10k,2440
6866093,6866093.json,1522,top10k,2440
418289,418289.json,1522,top10k,2440
1493797,1493797.json,1522,top10k,2440
567018,567018.json,1526,top10k,2440
4733643,4733643.json,1526,top10k,2440
74585,74585.json,1526,top10k,2440
3310098,3310098.json,1526,top10k,2440
7250121,7250121.json,1530,top10k,2440
6368712,6368712.json,1530,top10k,2440
2421485,2421485.json,1530,top10k,2440
221552,221552.json,1530,top10k,2440
3153215,3153215.json,1534,top10k,2440
1107464,1107464.json,1534,top10k,2440
7770744,7770744.json,1536,top10k,2440
93158,93158.json,1537,top10k,2439
8365374,8365374.json,1538,top10k,2439
6933864,6933864.json,1538,top10k,2439
3850441,3850441.json,1540,top10k,2439
765276,765276.json,1540,top10k,2439
3417782,3417782.json,1540,top10k,2439
8440615,8440615.json,1540,top10k,2439
3863267,3863267.json,1540,top10k,2439
84396,84396.json,1540,top10k,2439
7694223,7694223.json,1540,top10k,2439
1368133,1368133.json,1540,top10k,2439
1901994,1901994.json,1540,top10k,2439
1945767,1945767.json,1540,top10k,2439
4846537,4846537.json,1540,top10k,2439
3391730,3391730.json,1540,top10k,2439
75810,75810.json,1552,top10k,2439
4878239,4878239.json,1552,top10k,2439
2145427,2145427.json,1552,top10k,2439
5595718,5595718.json,1552,top10k,2439
2820763,2820763.json,1552,top10k,2439
3441307,3441307.json,1552,top10k,2439
1136275,1136275.json,1552,top10k,2439
5264,5264.json,1552,top10k,2439
8294887,8294887.json,1552,top10k,2439
831365,831365.json,1552,top10k,2439
3537707,3537707.json,1552,top10k,2439
520906,520906.json,1552,top10k,2439
2294022,2294022.json,1552,top10k,2439
1283744,1283744.json,1552,top10k,2439
1292939,1292939.json,1566,top10k,2439
485248,485248.json,1566,top10k,2439
5760169,5760169.json,1566,top10k,2439
670963,670963.json,1566,top10k,2439
960863,960863.json,1566,top10k,2439
98316,98316.json,1566,top10k,2439
7599843,7599843.json,1566,top10k,2439
2994100,2994100.json,1566,top10k,2439
9206566,9206566.json,1566,top10k,2439
9008164,9008164.json,1566,top10k,2439
7887126,7887126.json,1566,top10k,2439
5423349,5423349.json,1566,top10k,2439
5892997,5892997.json,1566,top10k,2439
1203932,1203932.json,1566,top10k,2439
698,698.json,1566,top10k,2439
1879078,1879078.json,1566,top10k,2439
121128,121128.json,1566,top10k,2439
1926048,1926048.json,1566,top10k,2439
59797,59797.json,1584,top10k,2439
273446,273446.json,1584,top10k,2439
461434,461434.json,1584,top10k,2439
24886,24886.json,1584,top10k,2439
2394998,2394998.json,1584,top10k,2439
1244961,1244961.json,1584,top10k,2439
7067443,7067443.json,1584,top10k,2439
6424828,6424828.json,1584,top10k,2439
4532783,4532783.json,1592,top10k,2439
595035,595035.json,1592,top10k,2439
79369,79369.json,1592,top10k,2439
35339,35339.json,1592,top10k,2439
968454,968454.json,1592,top10k,2439
3552679,3552679.json,1592,top10k,2439
1653008,1653008.json,1592,top10k,2439
1935952,1935952.json,1592,top10k,2439
5044050,5044050.json,1592,top10k,2439
24634,24634.json,1592,top10k,2439
3204877,3204877.json,1602,top10k,2439
2642070,2642070.json,1602,top10k,2439
5568089,5568089.json,1602,top10k,2439
5670540,5670540.json,1602,top10k,2439
1037,1037.json,1606,top10k,2439
204932,204932.json,1606,top10k,2439
6834578,6834578.json,1608,top10k,2439
431842,431842.json,1608,top10k,2439
2182877,2182877.json,1610,top10k,2439
9133751,9133751.json,1611,top10k,2438
7666,7666.json,1612,top10k,2438
1821833,1821833.json,1612,top10k,2438
1068193,1068193.json,1614,top10k,2438
515035,515035.json,1615,top10k,2438
48555,48555.json,1615,top10k,2438
4221577,4221577.json,1615,top10k,2438
1308115,1308115.json,1615,top10k,2438
2431408,2431408.json,1615,top10k,2438
4223497,4223497.json,1620,top10k,2438
4665485,4665485.json,1620,top10k,2438
705386,705386.json,1620,top10k,2438
7062057,7062057.json,1620,top10k,2438
20163,20163.json,1620,top10k,2438
2581,2581.json,1620,top10k,2438
1309581,1309581.json,1620,top10k,2438
5947701,5947701.json,1620,top10k,2438
4787581,4787581.json,1620,top10k,2438
8842,8842.json,1620,top10k,2438
5730419,5730419.json,1620,top10k,2438
4126217,4126217.json,1620,top10k,2438
2852775,2852775.json,1620,top10k,2438
3984178,3984178.json,1620,top10k,2438
2217305,2217305.json,1620,top10k,2438
7667331,7667331.json,1620,top10k,2438
966487,966487.json,1620,top10k,2438
1362427,1362427.json,1620,top10k,2438
2373317,2373317.json,1620,top10k,2438
7024232,7024232.json,1620,top10k,2438
471945,471945.json,1620,top10k,2438
675779,675779.json,1620,top10k,2438
677965,677965.json,1620,top10k,2438
2738298,2738298.json,1620,top10k,2438
8156664,8156664.json,1620,top10k,2438
263028,263028.json,1620,top10k,2438
5766654,5766654.json,1620,top10k,2438
4441258,4441258.json,1620,top10k,2438
600400,600400.json,1620,top10k,2438
337168,337168.json,1620,top10k,2438
403304,403304.json,1620,top10k,2438
116393,116393.json,1651,top10k,2438
6252800,6252800.json,1651,top10k,2438
6540921,6540921.json,1651,top10k,2438
6093962,6093962.json,1651,top10k,2438
6477542,6477542.json,1651,top10k,2438
272543,272543.json,1651,top10k,2438
115132,115132.json,1651,top10k,2438
3999923,3999923.json,1651,top10k,2438
8660436,8660436.json,1651,top10k,2438
28868,28868.json,1651,top10k,2438
34998,34998.json,1651,top10k,2438
6163890,6163890.json,1651,top10k,2438
102185,102185.json,1651,top10k,2438
7779119,7779119.json,1651,top10k,2438
214920,214920.json,1651,top10k,2438
5056133,5056133.json,1651,top10k,2438
1554202,1554202.json,1651,top10k,2438
894314,894314.json,1651,top10k,2438
55547,55547.json,1651,top10k,2438
3401359,3401359.json,1670,top10k,2438
226,226.json,1670,top10k,2438
5918598,5918598.json,1670,top10k,2438
119056,119056.json,1670,top10k,2438
5349742,5349742.json,1670,top10k,2438
587194,587194.json,1670,top10k,2438
2183880,2183880.json,1670,top10k,2438
58369,58369.json,1670,top10k,2438
6163662,6163662.json,1670,top10k,2438
4537042,4537042.json,1670,top10k,2438
2369039,2369039.json,1670,top10k,2438
1632866,1632866.json,1670,top10k,2438
591315,591315.json,1670,top10k,2438
45338,45338.json,1670,top10k,2438
8411928,8411928.json,1670,top10k,2438
4910419,4910419.json,1670,top10k,2438
44873,44873.json,1670,top10k,2438
466,466.json,1670,top10k,2438
26986,26986.json,1670,top10k,2438
4837755,4837755.json,1689,top10k,2438
438457,438457.json,1689,top10k,2438
5355424,5355424.json,1689,top10k,2438
5954274,5954274.json,1689,top10k,2438
194290,194290.json,1689,top10k,2438
5486761,5486761.json,1689,top10k,2438
3836672,3836672.json,1689,top10k,2438
973200,973200.json,1696,top10k,2438
701226,701226.json,1696,top10k,2438
4961231,4961231.json,1696,top10k,2438
684930,684930.json,1696,top10k,2438
5393292,5393292.json,1696,top10k,2438
5893,5893.json,1696,top10k,2438
5680011,5680011.json,1696,top10k,2438
4250156,4250156.json,1703,top10k,2438
154576,154576.json,1703,top10k,2438
2388597,2388597.json,1705,top10k,2438
169389,169389.json,1706,top10k,2438
170255,170255.json,1707,top10k,2438
7490962,7490962.json,1708,top10k,2438
6672511,6672511.json,1709,top10k,2437
7317014,7317014.json,1710,top10k,2437
1643097,1643097.json,1711,top10k,2437
3866314,3866314.json,1711,top10k,2437
807724,807724.json,1713,top10k,2437
2193543,2193543.json,1713,top10k,2437
1100814,1100814.json,1713,top10k,2437
4119618,4119618.json,1713,top10k,2437
3634977,3634977.json,1713,top10k,2437
1228519,1228519.json,1713,top10k,2437
7293225,7293225.json,1713,top10k,2437
1756974,1756974.json,1720,top10k,2437
125807,125807.json,1720,top10k,2437
1418114,1418114.json,1720,top10k,2437
75621,75621.json,1720,top10k,2437
143684,143684.json,1720,top10k,2437
67982,67982.json,1720,top10k,2437
6012705,6012705.json,1720,top10k,2437
635117,635117.json,1720,top10k,2437
1137355,1137355.json,1720,top10k,2437
571851,571851.json,1720,top10k,2437
52575,52575.json,1720,top10k,2437
2142412,2142412.json,1720,top10k,2437
919664,919664.json,1720,top10k,2437
6674442,6674442.json,1720,top10k,2437
3903264,3903264.json,1720,top10k,2437
6893616,6893616.json,1720,top10k,2437
6564800,6564800.json,1720,top10k,2437
22600,22600.json,1720,top10k,2437
15390,15390.json,1720,top10k,2437
2140983,2140983.json,1720,top10k,2437
736188,736188.json,1740,top10k,2437
2147132,2147132.json,1740,top10k,2437
365514,365514.json,1740,top10k,2437
109009,109009.json,1740,top10k,2437
44335,44335.json,1740,top10k,2437
2380432,2380432.json,1740,top10k,2437
26385,26385.json,1740,top10k,2437
168728,168728.json,1740,top10k,2437
351391,351391.json,1740,top10k,2437
26464,26464.json,1740,top10k,2437
5122857,5122857.json,1740,top10k,2437
5787026,5787026.json,1740,top10k,2437
299540,299540.json,1740,top10k,2437
10713908,10713908.json,1740,top10k,2437
2407005,2407005.json,1740,top10k,2437
2877067,2877067.json,1740,top10k,2437
4317163,4317163.json,1740,top10k,2437
1839854,1839854.json,1740,top10k,2437
2694968,2694968.json,1740,top10k,2437
1641162,1641162.json,1740,top10k,2437
7480150,7480150.json,1740,top10k,2437
5050280,5050280.json,1740,top10k,2437
9141604,9141604.json,1740,top10k,2437
6208145,6208145.json,1763,top10k,2437
374531,374531.json,1763,top10k,2437
118739,118739.json,1763,top10k,2437
1640505,1640505.json,1763,top10k,2437
3837908,3837908.json,1763,top10k,2437
1875307,1875307.json,1763,top10k,2437
4145431,4145431.json,1763,top10k,2437
202022,202022.json,1763,top10k,2437
19423,19423.json,1763,top10k,2437
114667,114667.json,1763,top10k,2437
243214,243214.json,1773,top10k,2437
6459453,6459453.json,1773,top10k,2437
1054055,1054055.json,1773,top10k,2437
48494,48494.json,1773,top10k,2437
5619941,5619941.json,1773,top10k,2437
797486,797486.json,1773,top10k,2437
287252,287252.json,1773,top10k,2437
57301,57301.json,1773,top10k,2437
310162,310162.json,1773,top10k,2437
3390220,3390220.json,1773,top10k,2437
7798945,7798945.json,1773,top10k,2437
3719257,3719257.json,1773,top10k,2437
3539091,3539091.json,1773,top10k,2437
4457606,4457606.json,1786,top10k,2437
463985,463985.json,1786,top10k,2437
9760,9760.json,1786,top10k,2437
1523994,1523994.json,1786,top10k,2437
1381522,1381522.json,1790,top10k,2437
69778,69778.json,1790,top10k,2437
3596366,3596366.json,1790,top10k,2437
5874570,5874570.json,1790,top10k,2437
323012,323012.json,1794,top10k,2437
968226,968226.json,1794,top10k,2437
114418,114418.json,1794,top10k,2437
3494239,3494239.json,1794,top10k,2437
3449869,3449869.json,1798,top10k,2437
577810,577810.json,1799,top10k,2437
8235950,8235950.json,1800,top10k,2436
4086858,4086858.json,1801,top10k,2436
6618334,6618334.json,1801,top10k,2436
152891,152891.json,1803,top10k,2436
1673193,1673193.json,1803,top10k,2436
2539645,2539645.json,1803,top10k,2436
51354,51354.json,1803,top10k,2436
6407736,6407736.json,1803,top10k,2436
6711023,6711023.json,1808,top10k,2436
4556546,4556546.json,1808,top10k,2436
7121778,7121778.json,1808,top10k,2436
588937,588937.json,1808,top10k,2436
21258,21258.json,1808,top10k,2436
1098033,1098033.json,1808,top10k,2436
87724,87724.json,1808,top10k,2436
2465580,2465580.json,1808,top10k,2436
7433630,7433630.json,1808,top10k,2436
2399777,2399777.json,1808,top10k,2436
54813,54813.json,1808,top10k,2436
6013420,6013420.json,1808,top10k,2436
232956,232956.json,1808,top10k,2436
70792,70792.json,1808,top10k,2436
6043956,6043956.json,1808,top10k,2436
5857161,5857161.json,1808,top10k,2436
1073827,1073827.json,1808,top10k,2436
2551126,2551126.json,1808,top10k,2436
1038858,1038858.json,1808,top10k,2436
93653,93653.json,1808,top10k,2436
64163,64163.json,1828,top10k,2436
202384,202384.json,1828,top10k,2436
412718,412718.json,1828,top10k,2436
58707,58707.json,1828,top10k,2436
20212,20212.json,1828,top10k,2436
1549658,1549658.json,1828,top10k,2436
468466,468466.json,1828,top10k,2436
7469091,7469091.json,1828,top10k,2436
123647,123647.json,1828,top10k,2436
6841951,6841951.json,1828,top10k,2436
10386216,10386216.json,1828,top10k,2436
8061574,8061574.json,1828,top10k,2436
8180563,8180563.json,1828,top10k,2436
6789047,6789047.json,1828,top10k,2436
1280365,1280365.json,1828,top10k,2436
317711,317711.json,1828,top10k,2436
441655,441655.json,1828,top10k,2436
170095,170095.json,1828,top10k,2436
1521,1521.json,1828,top10k,2436
7658622,7658622.json,1828,top10k,2436
10421,10421.json,1828,top10k,2436
933899,933899.json,1828,top10k,2436
5290398,5290398.json,1850,top10k,2436
1745871,1745871.json,1850,top10k,2436
570941,570941.json,1850,top10k,2436
2137310,2137310.json,1850,top10k,2436
43863,43863.json,1850,top10k,2436
6860417,6860417.json,1850,top10k,2436
3918206,3918206.json,1850,top10k,2436
1970748,1970748.json,1850,top10k,2436
4412689,4412689.json,1850,top10k,2436
4348024,4348024.json,1850,top10k,2436
2620863,2620863.json,1860,top10k,2436
2130727,2130727.json,1860,top10k,2436
380476,380476.json,1860,top10k,2436
495821,495821.json,1860,top10k,2436
146965,146965.json,1860,top10k,2436
15005,15005.json,1860,top10k,2436
7208219,7208219.json,1860,top10k,2436
9223370,9223370.json,1867,top10k,2436
1962110,1962110.json,1867,top10k,2436
523806,523806.json,1867,top10k,2436
2078625,2078625.json,1870,top10k,2436
19932,19932.json,1870,top10k,2436
3643619,3643619.json,1870,top10k,2436
558920,558920.json,1873,top10k,2436
990221,990221.json,1873,top10k,2436
8489229,8489229.json,1873,top10k,2436
291771,291771.json,1876,top10k,2436
3031927,3031927.json,1877,top10k,2436
308702,308702.json,1878,top10k,2435
4387786,4387786.json,1879,top10k,2435
5066821,5066821.json,1879,top10k,2435
3700742,3700742.json,1879,top10k,2435
1189144,1189144.json,1879,top10k,2435
974039,974039.json,1879,top10k,2435
999730,999730.json,1884,top10k,2435
270908,270908.json,1884,top10k,2435
677222,677222.json,1884,top10k,2435
108401,108401.json,1884,top10k,2435
244148,244148.json,1884,top10k,2435
743493,743493.json,1884,top10k,2435
5598901,5598901.json,1884,top10k,2435
3429626,3429626.json,1884,top10k,2435
778278,778278.json,1884,top10k,2435
38448,38448.json,1884,top10k,2435
813702,813702.json,1884,top10k,2435
6813590,6813590.json,1884,top10k,2435
5517508,5517508.json,1884,top10k,2435
6933582,6933582.json,1884,top10k,2435
1342960,1342960.json,1884,top10k,2435
4512889,4512889.json,1884,top10k,2435
92089,92089.json,1884,top10k,2435
856184,856184.json,1884,top10k,2435
1751537,1751537.json,1884,top10k,2435
4794941,4794941.json,1884,top10k,2435
192016,192016.json,1884,top10k,2435
2747630,2747630.json,1884,top10k,2435
3229751,3229751.json,1884,top10k,2435
355219,355219.json,1884,top10k,2435
2707605,2707605.json,1908,top10k,2435
1210544,1210544.json,1908,top10k,2435
18552,18552.json,1908,top10k,2435
4600702,4600702.json,1908,top10k,2435
307526,307526.json,1908,top10k,2435
1171002,1171002.json,1908,top10k,2435
2856701,2856701.json,1908,top10k,2435
2110662,2110662.json,1908,top10k,2435
7129,7129.json,1908,top10k,2435
394271,394271.json,1908,top10k,2435
1021298,1021298.json,1908,top10k,2435
4297669,4297669.json,1908,top10k,2435
5533539,5533539.json,1908,top10k,2435
157004,157004.json,1908,top10k,2435
2590261,2590261.json,1908,top10k,2435
1814110,1814110.json,1923,top10k,2435
231427,231427.json,1923,top10k,2435
6653171,6653171.json,1923,top10k,2435
5755786,5755786.json,1923,top10k,2435
1698349,1698349.json,1923,top10k,2435
544618,544618.json,1923,top10k,2435
92959,92959.json,1923,top10k,2435
1795246,1795246.json,1923,top10k,2435
85484,85484.json,1923,top10k,2435
1903371,1903371.json,1923,top10k,2435
68768,68768.json,1923,top10k,2435
3234280,3234280.json,1923,top10k,2435
4132371,4132371.json,1923,top10k,2435
3224309,3224309.json,1923,top10k,2435
326021,326021.json,1923,top10k,2435
957749,957749.json,1923,top10k,2435
8741600,8741600.json,1923,top10k,2435
139583,139583.json,1940,top10k,2435
85877,85877.json,1940,top10k,2435
882258,882258.json,1940,top10k,2435
769520,769520.json,1940,top10k,2435
593380,593380.json,1940,top10k,2435
23617,23617.json,1940,top10k,2435
64638,64638.json,1940,top10k,2435
5153767,5153767.json,1940,top10k,2435
311663,311663.json,1940,top10k,2435
8696241,8696241.json,1949,top10k,2435
2805309,2805309.json,1949,top10k,2435
7494167,7494167.json,1949,top10k,2435
7390120,7390120.json,1949,top10k,2435
4172844,4172844.json,1953,top10k,2435
39095,39095.json,1954,top10k,2435
2946510,2946510.json,1954,top10k,2435
38561,38561.json,1956,top10k,2435
6653627,6653627.json,1957,top10k,2435
6218272,6218272.json,1958,top10k,2434
519036,519036.json,1959,top10k,2434
4324004,4324004.json,1960,top10k,2434
8762433,8762433.json,1960,top10k,2434
2505619,2505619.json,1962,top10k,2434
5086682,5086682.json,1962,top10k,2434
2844002,2844002.json,1964,top10k,2434
1995780,1995780.json,1964,top10k,2434
242375,242375.json,1966,top10k,2434
5848457,5848457.json,1966,top10k,2434
44628,44628.json,1966,top10k,2434
163650,163650.json,1966,top10k,2434
8923146,8923146.json,1966,top10k,2434
115249,115249.json,1971,top10k,2434
1059626,1059626.json,1971,top10k,2434
304434,304434.json,1971,top10k,2434
893056,893056.json,1971,top10k,2434
1150322,1150322.json,1971,top10k,2434
3654357,3654357.json,1971,top10k,2434
1062045,1062045.json,1971,top10k,2434
2779534,2779534.json,1971,top10k,2434
7302147,7302147.json,1971,top10k,2434
2476226,2476226.json,1971,top10k,2434
26175,26175.json,1971,top10k,2434
2151924,2151924.json,1971,top10k,2434
214536,214536.json,1971,top10k,2434
5467383,5467383.json,1971,top10k,2434
2401237,2401237.json,1971,top10k,2434
5830889,5830889.json,1971,top10k,2434
5007360,5007360.json,1971,top10k,2434
8326145,8326145.json,1971,top10k,2434
1454395,1454395.json,1971,top10k,2434
8697866,8697866.json,1971,top10k,2434
630167,630167.json,1971,top10k,2434
3340290,3340290.json,1971,top10k,2434
3098023,3098023.json,1971,top10k,2434
6889156,6889156.json,1971,top10k,2434
9434060,9434060.json,1971,top10k,2434
3773037,3773037.json,1971,top10k,2434
1090311,1090311.json,1971,top10k,2434
785981,785981.json,1971,top10k,2434
6157832,6157832.json,1971,top10k,2434
110128,110128.json,2000,top10k,2434
517460,517460.json,2000,top10k,2434
154729,154729.json,2000,top10k,2434
5365357,5365357.json,2000,top10k,2434
5334574,5334574.json,2000,top10k,2434
335218,335218.json,2000,top10k,2434
3139766,3139766.json,2000,top10k,2434
121985,121985.json,2000,top10k,2434
2664592,2664592.json,2000,top10k,2434
1726093,1726093.json,2000,top10k,2434
323,323.json,2000,top10k,2434
890197,890197.json,2000,top10k,2434
49727,49727.json,2000,top10k,2434
7625931,7625931.json,2000,top10k,2434
2602656,2602656.json,2000,top10k,2434
552788,552788.json,2000,top10k,2434
3771843,3771843.json,2000,top10k,2434
4960241,4960241.json,2000,top10k,2434
34758,34758.json,2000,top10k,2434
348334,348334.json,2000,top10k,2434
3417381,3417381.json,2000,top10k,2434
1931939,1931939.json,2000,top10k,2434
125681,125681.json,2000,top10k,2434
6708745,6708745.json,2023,top10k,2434
3175938,3175938.json,2023,top10k,2434
16338,16338.json,2023,top10k,2434
2119294,2119294.json,2023,top10k,2434
1737250,1737250.json,2023,top10k,2434
22418,22418.json,2023,top10k,2434
1006093,1006093.json,2023,top10k,2434
1576859,1576859.json,2023,top10k,2434
512971,512971.json,2023,top10k,2434
7850,7850.json,2023,top10k,2434
1495870,1495870.json,2023,top10k,2434
1982809,1982809.json,2023,top10k,2434
3861434,3861434.json,2035,top10k,2434
8180906,8180906.json,2035,top10k,2434
12408,12408.json,2035,top10k,2434
37916,37916.json,2035,top10k,2434
447006,447006.json,2035,top10k,2434
6349433,6349433.json,2040,top10k,2434
15562,15562.json,2040,top10k,2434
3393678,3393678.json,2040,top10k,2434
4543674,4543674.json,2040,top10k,2434
34471,34471.json,2040,top10k,2434
4159,4159.json,2040,top10k,2434
8972125,8972125.json,2046,top10k,2434
406369,406369.json,2046,top10k,2434
1743763,1743763.json,2046,top10k,2434
149558,149558.json,2046,top10k,2434
141252,141252.json,2046,top10k,2434
7527,7527.json,2046,top10k,2434
5478391,5478391.json,2046,top10k,2434
758517,758517.json,2046,top10k,2434
470189,470189.json,2054,top10k,2434
125947,125947.json,2054,top10k,2434
5764707,5764707.json,2054,top10k,2434
8917986,8917986.json,2054,top10k,2434
5672483,5672483.json,2058,top10k,2434
8947727,8947727.json,2058,top10k,2434
1165691,1165691.json,2060,top10k,2434
8253287,8253287.json,2060,top10k,2434
2440509,2440509.json,2062,top10k,2433
9223430,9223430.json,2062,top10k,2433
3795522,3795522.json,2064,top10k,2433
9006982,9006982.json,2064,top10k,2433
3563917,3563917.json,2064,top10k,2433
4476582,4476582.json,2067,top10k,2433
2141756,2141756.json,2067,top10k,2433
2750,2750.json,2067,top10k,2433
5997971,5997971.json,2067,top10k,2433
943892,943892.json,2067,top10k,2433
145843,145843.json,2067,top10k,2433
33023,33023.json,2073,top10k,2433
3533579,3533579.json,2073,top10k,2433
4215809,4215809.json,2073,top10k,2433
70901,70901.json,2073,top10k,2433
6660666,6660666.json,2073,top10k,2433
3464260,3464260.json,2073,top10k,2433
612210,612210.json,2073,top10k,2433
5757739,5757739.json,2073,top10k,2433
2829779,2829779.json,2073,top10k,2433
8915190,8915190.json,2073,top10k,2433
4208886,4208886.json,2073,top10k,2433
7024553,7024553.json,2073,top10k,2433
2079216,2079216.json,2073,top10k,2433
436574,436574.json,2073,top10k,2433
550276,550276.json,2073,top10k,2433
512434,512434.json,2073,top10k,2433
1542886,1542886.json,2073,top10k,2433
819,819.json,2073,top10k,2433
16173,16173.json,2073,top10k,2433
4218717,4218717.json,2073,top10k,2433
63131,63131.json,2073,top10k,2433
5588808,5588808.json,2073,top10k,2433
24948,24948.json,2073,top10k,2433
21769,21769.json,2073,top10k,2433
9048611,9048611.json,2073,top10k,2433
4325345,4325345.json,2073,top10k,2433
704283,704283.json,2073,top10k,2433
4205979,4205979.json,2073,top10k,2433
412263,412263.json,2073,top10k,2433
8456303,8456303.json,2073,top10k,2433
6847078,6847078.json,2073,top10k,2433
7476,7476.json,2073,top10k,2433
4659598,4659598.json,2105,top10k,2433
5988682,5988682.json,2105,top10k,2433
7559402,7559402.json,2105,top10k,2433
4772284,4772284.json,2105,top10k,2433
4736075,4736075.json,2105,top10k,2433
275397,275397.json,2105,top10k,2433
2155280,2155280.json,2105,top10k,2433
833189,833189.json,2105,top10k,2433
845753,845753.json,2105,top10k,2433
7236496,7236496.json,2105,top10k,2433
2375309,2375309.json,2105,top10k,2433
6681396,6681396.json,2105,top10k,2433
1837804,1837804.json,2105,top10k,2433
1442420,1442420.json,2105,top10k,2433
1951427,1951427.json,2105,top10k,2433
3361350,3361350.json,2105,top10k,2433
1877810,1877810.json,2105,top10k,2433
3887381,3887381.json,2105,top10k,2433
4095757,4095757.json,2105,top10k,2433
51193,51193.json,2105,top10k,2433
242789,242789.json,2105,top10k,2433
9127450,9127450.json,2105,top10k,2433
5521886,5521886.json,2127,top10k,2433
5781090,5781090.json,2127,top10k,2433
3410981,3410981.json,2127,top10k,2433
1970662,1970662.json,2127,top10k,2433
888503,888503.json,2127,top10k,2433
223732,223732.json,2127,top10k,2433
4690402,4690402.json,2127,top10k,2433
949176,949176.json,2134,top10k,2433
2384813,2384813.json,2134,top10k,2433
2487193,2487193.json,2134,top10k,2433
1918808,1918808.json,2134,top10k,2433
9008789,9008789.json,2138,top10k,2433
7706479,7706479.json,2138,top10k,2433
3165202,3165202.json,2138,top10k,2433
15085,15085.json,2138,top10k,2433
771678,771678.json,2142,top10k,2433
3137982,3137982.json,2142,top10k,2433
1300526,1300526.json,2142,top10k,2433
2603780,2603780.json,2145,top10k,2433
176011,176011.json,2145,top10k,2433
3368110,3368110.json,2145,top10k,2433
8886169,8886169.json,2145,top10k,2433
104576,104576.json,2145,top10k,2433
996046,996046.json,2150,top10k,2433
7031283,7031283.json,2151,top10k,2433
5563286,5563286.json,2151,top10k,2433
3016859,3016859.json,2153,top10k,2433
7416321,7416321.json,2154,top10k,2433
1832784,1832784.json,2155,top10k,2432
8867442,8867442.json,2156,top10k,2432
5469583,5469583.json,2157,top10k,2432
8533504,8533504.json,2158,top10k,2432
3100215,3100215.json,2159,top10k,2432
5516722,5516722.json,2159,top10k,2432
753439,753439.json,2159,top10k,2432
3693457,3693457.json,2159,top10k,2432
5085028,5085028.json,2163,top10k,2432
5796436,5796436.json,2163,top10k,2432
9511,9511.json,2163,top10k,2432
868636,868636.json,2163,top10k,2432
4022853,4022853.json,2163,top10k,2432
129313,129313.json,2163,top10k,2432
1298586,1298586.json,2163,top10k,2432
482486,482486.json,2163,top10k,2432
7307131,7307131.json,2163,top10k,2432
24416,24416.json,2163,top10k,2432
6611476,6611476.json,2163,top10k,2432
389064,389064.json,2163,top10k,2432
1287584,1287584.json,2163,top10k,2432
2937756,2937756.json,2163,top10k,2432
1917508,1917508.json,2163,top10k,2432
7570163,7570163.json,2163,top10k,2432
7292431,7292431.json,2163,top10k,2432
24776,24776.json,2163,top10k,2432
4368191,4368191.json,2163,top10k,2432
39755,39755.json,2163,top10k,2432
1602160,1602160.json,2163,top10k,2432
38372,38372.json,2163,top10k,2432
451926,451926.json,2163,top10k,2432
8305379,8305379.json,2163,top10k,2432
8865693,8865693.json,2163,top10k,2432
1943,1943.json,2163,top10k,2432
88471,88471.json,2163,top10k,2432
6851829,6851829.json,2163,top10k,2432
4244496,4244496.json,2163,top10k,2432
7681036,7681036.json,2163,top10k,2432
459170,459170.json,2163,top10k,2432
589320,589320.json,2163,top10k,2432
8031655,8031655.json,2163,top10k,2432
1334372,1334372.json,2163,top10k,2432
2706,2706.json,2163,top10k,2432
7369989,7369989.json,2163,top10k,2432
193530,193530.json,2199,top10k,2432
3420205,3420205.json,2199,top10k,2432
636706,636706.json,2199,top10k,2432
1704128,1704128.json,2199,top10k,2432
1178728,1178728.json,2199,top10k,2432
1564208,1564208.json,2199,top10k,2432
6593189,6593189.json,2199,top10k,2432
2946100,2946100.json,2199,top10k,2432
803670,803670.json,2199,top10k,2432
613796,613796.json,2199,top10k,2432
1890621,1890621.json,2199,top10k,2432
15825,15825.json,2199,top10k,2432
489783,489783.json,2199,top10k,2432
955822,955822.json,2199,top10k,2432
720097,720097.json,2199,top10k,2432
5167986,5167986.json,2199,top10k,2432
570583,570583.json,2199,top10k,2432
3751253,3751253.json,2199,top10k,2432
3787831,3787831.json,2199,top10k,2432
397297,397297.json,2199,top10k,2432
380437,380437.json,2199,top10k,2432
2717774,2717774.json,2199,top10k,2432
1478651,1478651.json,2199,top10k,2432
4459933,4459933.json,2199,top10k,2432
251552,251552.json,2199,top10k,2432
25165,25165.json,2199,top10k,2432
94941,94941.json,2199,top10k,2432
2957918,2957918.json,2199,top10k,2432
9358258,9358258.json,2199,top10k,2432
6291005,6291005.json,2199,top10k,2432
8796986,8796986.json,2199,top10k,2432
438682,438682.json,2199,top10k,2432
1911528,1911528.json,2231,top10k,2432
5706589,5706589.json,2231,top10k,2432
1541759,1541759.json,2231,top10k,2432
538255,538255.json,2231,top10k,2432
7999721,7999721.json,2231,top10k,2432
8585269,8585269.json,2231,top10k,2432
3039430,3039430.json,2231,top10k,2432
38131,38131.json,2231,top10k,2432
13561,13561.json,2231,top10k,2432
1282143,1282143.json,2231,top10k,2432
5626,5626.json,2231,top10k,2432
3327579,3327579.json,2231,top10k,2432
4687,4687.json,2231,top10k,2432
3304400,3304400.json,2244,top10k,2432
4105120,4105120.json,2244,top10k,2432
3700697,3700697.json,2244,top10k,2432
2247885,2247885.json,2244,top10k,2432
2107615,2107615.json,2244,top10k,2432
6446319,6446319.json,2244,top10k,2432
4907502,4907502.json,2244,top10k,2432
1742484,1742484.json,2244,top10k,2432
2857479,2857479.json,2244,top10k,2432
140574,140574.json,2253,top10k,2432
1119743,1119743.json,2253,top10k,2432
462785,462785.json,2253,top10k,2432
4771751,4771751.json,2253,top10k,2432
1526860,1526860.json,2253,top10k,2432
4946821,4946821.json,2253,top10k,2432
998343,998343.json,2253,top10k,2432
2916,2916.json,2253,top10k,2432
2034737,2034737.json,2253,top10k,2432
5850151,5850151.json,2253,top10k,2432
1421475,1421475.json,2253,top10k,2432
130966,130966.json,2253,top10k,2432
153363,153363.json,2253,top10k,2432
1243,1243.json,2266,top10k,2432
90688,90688.json,2266,top10k,2432
1397786,1397786.json,2266,top10k,2432
995772,995772.json,2266,top10k,2432
805506,805506.json,2266,top10k,2432
4980091,4980091.json,2266,top10k,2432
6024342,6024342.json,2272,top10k,2432
4570849,4570849.json,2272,top10k,2432
2248115,2248115.json,2272,top10k,2432
8527,8527.json,2272,top10k,2432
923161,923161.json,2276,top10k,2432
140598,140598.json,2277,top10k,2432
728982,728982.json,2277,top10k,2432
26061,26061.json,2277,top10k,2432
628676,628676.json,2280,top10k,2432
618210,618210.json,2281,top10k,2432
8481897,8481897.json,2282,top10k,2432
4185607,4185607.json,2283,top10k,2431
3621623,3621623.json,2284,top10k,2431
726333,726333.json,2284,top10k,2431
5368358,5368358.json,2286,top10k,2431
3791535,3791535.json,2286,top10k,2431
5924954,5924954.json,2286,top10k,2431
4122904,4122904.json,2289,top10k,2431
7668350,7668350.json,2289,top10k,2431
8690168,8690168.json,2289,top10k,2431
4684927,4684927.json,2289,top10k,2431
548882,548882.json,2289,top10k,2431
6595864,6595864.json,2294,top10k,2431
1367930,1367930.json,2294,top10k,2431
647826,647826.json,2294,top10k,2431
813060,813060.json,2294,top10k,2431
324445,324445.json,2294,top10k,2431
493475,493475.json,2294,top10k,2431
2521032,2521032.json,2294,top10k,2431
3240767,3240767.json,2294,top10k,2431
65119,65119.json,2294,top10k,2431
20349,20349.json,2294,top10k,2431
319312,319312.json,2294,top10k,2431
4978645,4978645.json,2294,top10k,2431
55867,55867.json,2294,top10k,2431
3409713,3409713.json,2294,top10k,2431
3366665,3366665.json,2294,top10k,2431
5207,5207.json,2294,top10k,2431
476174,476174.json,2294,top10k,2431
762169,762169.json,2294,top10k,2431
509903,509903.json,2294,top10k,2431
3261894,3261894.json,2294,top10k,2431
1017763,1017763.json,2294,top10k,2431
3481278,3481278.json,2294,top10k,2431
1246819,1246819.json,2294,top10k,2431
197357,197357.json,2294,top10k,2431
1286998,1286998.json,2294,top10k,2431
1344073,1344073.json,2294,top10k,2431
4413332,4413332.json,2294,top10k,2431
2372052,2372052.json,2294,top10k,2431
1315954,1315954.json,2294,top10k,2431
558789,558789.json,2294,top10k,2431
913747,913747.json,2324,top10k,2431
1971677,1971677.json,2324,top10k,2431
6775952,6775952.json,2324,top10k,2431
6010852,6010852.json,2324,top10k,2431
104656,104656.json,2324,top10k,2431
105218,105218.json,2324,top10k,2431
2429024,2429024.json,2324,top10k,2431
5733,5733.json,2324,top10k,2431
491668,491668.json,2324,top10k,2431
64908,64908.json,2324,top10k,2431
2460850,2460850.json,2324,top10k,2431
6511024,6511024.json,2324,top10k,2431
2979661,2979661.json,2324,top10k,2431
1322378,1322378.json,2324,top10k,2431
27315,27315.json,2324,top10k,2431
7241319,7241319.json,2324,top10k,2431
341965,341965.json,2324,top10k,2431
5933907,5933907.json,2324,top10k,2431
690706,690706.json,2324,top10k,2431
7307047,7307047.json,2324,top10k,2431
8287766,8287766.json,2324,top10k,2431
43494,43494.json,2324,top10k,2431
7076407,7076407.json,2324,top10k,2431
4972027,4972027.json,2324,top10k,2431
78034,78034.json,2324,top10k,2431
1562580,1562580.json,2324,top10k,2431
7267461,7267461.json,2324,top10k,2431
693302,693302.json,2324,top10k,2431
22529,22529.json,2324,top10k,2431
518492,518492.json,2353,top10k,2431
1684597,1684597.json,2353,top10k,2431
583790,583790.json,2353,top10k,2431
15744,15744.json,2353,top10k,2431
1610038,1610038.json,2353,top10k,2431
4678144,4678144.json,2353,top10k,2431
1275572,1275572.json,2353,top10k,2431
2567976,2567976.json,2353,top10k,2431
75246,75246.json,2353,top10k,2431
3858986,3858986.json,2353,top10k,2431
3316120,3316120.json,2363,top10k,2431
3120372,3120372.json,2363,top10k,2431
4606271,4606271.json,2363,top10k,2431
7695717,7695717.json,2363,top10k,2431
2595605,2595605.json,2363,top10k,2431
2425,2425.json,2363,top10k,2431
196049,196049.json,2363,top10k,2431
54193,54193.json,2363,top10k,2431
431501,431501.json,2363,top10k,2431
6358300,6358300.json,2363,top10k,2431
5136823,5136823.json,2363,top10k,2431
817,817.json,2363,top10k,2431
6249227,6249227.json,2363,top10k,2431
4291723,4291723.json,2363,top10k,2431
43109,43109.json,2377,top10k,2431
1404310,1404310.json,2377,top10k,2431
994199,994199.json,2377,top10k,2431
3743821,3743821.json,2377,top10k,2431
166444,166444.json,2377,top10k,2431
365558,365558.json,2377,top10k,2431
1787687,1787687.json,2377,top10k,2431
694924,694924.json,2377,top10k,2431
715839,715839.json,2385,top10k,2431
771013,771013.json,2385,top10k,2431
1607812,1607812.json,2387,top10k,2431
74107,74107.json,2387,top10k,2431
339249,339249.json,2387,top10k,2431
59440,59440.json,2387,top10k,2431
492938,492938.json,2387,top10k,2431
546413,546413.json,2392,top10k,2431
7724028,7724028.json,2392,top10k,2431
643188,643188.json,2392,top10k,2431
1364751,1364751.json,2395,top10k,2431
272160,272160.json,2396,top10k,2431
1052287,1052287.json,2397,top10k,2431
5410907,5410907.json,2398,top10k,2430
264624,264624.json,2399,top10k,2430
2253642,2253642.json,2400,top10k,2430
6095711,6095711.json,2400,top10k,2430
2404775,2404775.json,2402,top10k,2430
835393,835393.json,2402,top10k,2430
262186,262186.json,2402,top10k,2430
9084203,9084203.json,2402,top10k,2430
4492850,4492850.json,2402,top10k,2430
8889403,8889403.json,2402,top10k,2430
3950375,3950375.json,2402,top10k,2430
2717210,2717210.json,2402,top10k,2430
1381313,1381313.json,2402,top10k,2430
938787,938787.json,2411,top10k,2430
4504992,4504992.json,2411,top10k,2430
810210,810210.json,2411,top10k,2430
3897648,3897648.json,2411,top10k,2430
4158154,4158154.json,2411,top10k,2430
208208,208208.json,2411,top10k,2430
1118729,1118729.json,2411,top10k,2430
16590,16590.json,2411,top10k,2430
3464889,3464889.json,2411,top10k,2430
23659,23659.json,2411,top10k,2430
15113,15113.json,2411,top10k,2430
6721463,6721463.json,2411,top10k,2430
3623028,3623028.json,2411,top10k,2430
5347402,5347402.json,2411,top10k,2430
4371573,4371573.json,2411,top10k,2430
370178,370178.json,2411,top10k,2430
1058074,1058074.json,2411,top10k,2430
91463,91463.json,2411,top10k,2430
7123704,7123704.json,2411,top10k,2430
3780201,3780201.json,2411,top10k,2430
3796885,3796885.json,2411,top10k,2430
769394,769394.json,2411,top10k,2430
8093284,8093284.json,2411,top10k,2430
5177206,5177206.json,2411,top10k,2430
3215872,3215872.json,2411,top10k,2430
8392475,8392475.json,2411,top10k,2430
2185866,2185866.json,2411,top10k,2430
347905,347905.json,2411,top10k,2430
4254175,4254175.json,2411,top10k,2430
6318302,6318302.json,2411,top10k,2430
3490530,3490530.json,2411,top10k,2430
60965,60965.json,2442,top10k,2430
22744,22744.json,2442,top10k,2430
6554283,6554283.json,2442,top10k,2430
7975569,7975569.json,2442,top10k,2430
620,620.json,2442,top10k,2430
5161536,5161536.json,2442,top10k,2430
113152,113152.json,2442,top10k,2430
1102123,1102123.json,2442,top10k,2430
4965034,4965034.json,2442,top10k,2430
7000029,7000029.json,2442,top10k,2430
4472079,4472079.json,2442,top10k,2430
651942,651942.json,2442,top10k,2430
7727233,7727233.json,2442,top10k,2430
1179784,1179784.json,2442,top10k,2430
6193676,6193676.json,2442,top10k,2430
176860,176860.json,2442,top10k,2430
4975538,4975538.json,2442,top10k,2430
4811034,4811034.json,2442,top10k,2430
5515228,5515228.json,2442,top10k,2430
748640,748640.json,2442,top10k,2430
7327934,7327934.json,2442,top10k,2430
688503,688503.json,2442,top10k,2430
1557440,1557440.json,2442,top10k,2430
2305785,2305785.json,2442,top10k,2430
37805,37805.json,2466,top10k,2430
1800153,1800153.json,2466,top10k,2430
904496,904496.json,2466,top10k,2430
561475,561475.json,2466,top10k,2430
2132815,2132815.json,2466,top10k,2430
9365668,9365668.json,2466,top10k,2430
6534790,6534790.json,2466,top10k,2430
66309,66309.json,2466,top10k,2430
32761,32761.json,2466,top10k,2430
439546,439546.json,2466,top10k,2430
19695,19695.json,2466,top10k,2430
932189,932189.json,2466,top10k,2430
242770,242770.json,2466,top10k,2430
2791861,2791861.json,2466,top10k,2430
25927,25927.json,2466,top10k,2430
323993,323993.json,2481,top10k,2430
605128,605128.json,2481,top10k,2430
3681544,3681544.json,2481,top10k,2430
4882738,4882738.json,2481,top10k,2430
102020,102020.json,2481,top10k,2430
637038,637038.json,2486,top10k,2430
1268557,1268557.json,2486,top10k,2430
9651,9651.json,2486,top10k,2430
5031495,5031495.json,2489,top10k,2430
15708,15708.json,2489,top10k,2430
657357,657357.json,2489,top10k,2430
795971,795971.json,2489,top10k,2430
501421,501421.json,2489,top10k,2430
71771,71771.json,2489,top10k,2430
1094799,1094799.json,2495,top10k,2430
5191086,5191086.json,2495,top10k,2430
875250,875250.json,2497,top10k,2430
5754666,5754666.json,2497,top10k,2430
4185142,4185142.json,2499,top10k,2430
807205,807205.json,2500,top10k,2430
9283135,9283135.json,2501,top10k,2429
99197,99197.json,2502,top10k,2429
47217,47217.json,2503,top10k,2429
2542968,2542968.json,2503,top10k,2429
9230170,9230170.json,2505,top10k,2429
5800004,5800004.json,2505,top10k,2429
976630,976630.json,2505,top10k,2429
8608088,8608088.json,2505,top10k,2429
3040411,3040411.json,2505,top10k,2429
6417500,6417500.json,2505,top10k,2429
2332805,2332805.json,2505,top10k,2429
7316740,7316740.json,2505,top10k,2429
1423926,1423926.json,2513,top10k,2429
9263274,9263274.json,2513,top10k,2429
2581144,2581144.json,2513,top10k,2429
981952,981952.json,2513,top10k,2429
4262591,4262591.json,2513,top10k,2429
2250010,2250010.json,2513,top10k,2429
1727271,1727271.json,2513,top10k,2429
7793190,7793190.json,2513,top10k,2429
202665,202665.json,2513,top10k,2429
6723973,6723973.json,2513,top10k,2429
857848,857848.json,2513,top10k,2429
5991210,5991210.json,2513,top10k,2429
294707,294707.json,2513,top10k,2429
1331434,1331434.json,2513,top10k,2429
7714595,7714595.json,2513,top10k,2429
6542834,6542834.json,2513,top10k,2429
9399615,9399615.json,2513,top10k,2429
5571037,5571037.json,2513,top10k,2429
47711,47711.json,2513,top10k,2429
6538651,6538651.json,2513,top10k,2429
2343661,2343661.json,2513,top10k,2429
4193692,4193692.json,2513,top10k,2429
1592823,1592823.json,2513,top10k,2429
353804,353804.json,2513,top10k,2429
5956268,5956268.json,2513,top10k,2429
46877,46877.json,2513,top10k,2429
4269868,4269868.json,2513,top10k,2429
330562,330562.json,2513,top10k,2429
4584806,4584806.json,2513,top10k,2429
8178877,8178877.json,2513,top10k,2429
5461993,5461993.json,2513,top10k,2429
370087,370087.json,2513,top10k,2429
7659413,7659413.json,2513,top10k,2429
311264,311264.json,2513,top10k,2429
4970053,4970053.json,2513,top10k,2429
6774770,6774770.json,2513,top10k,2429
2469808,2469808.json,2549,top10k,2429
6192083,6192083.json,2549,top10k,2429
6880168,6880168.json,2549,top10k,2429
733703,733703.json,2549,top10k,2429
43111,43111.json,2549,top10k,2429
3736617,3736617.json,2549,top10k,2429
6621185,6621185.json,2549,top10k,2429
373813,373813.json,2549,top10k,2429
1720293,1720293.json,2549,top10k,2429
9023013,9023013.json,2549,top10k,2429
107836,107836.json,2549,top10k,2429
5485635,5485635.json,2549,top10k,2429
198822,198822.json,2549,top10k,2429
4281202,4281202.json,2549,top10k,2429
103224,103224.json,2549,top10k,2429
2483966,2483966.json,2549,top10k,2429
1789468,1789468.json,2549,top10k,2429
2016345,2016345.json,2549,top10k,2429
1465695,1465695.json,2549,top10k,2429
1513603,1513603.json,2549,top10k,2429
3977097,3977097.json,2549,top10k,2429
346457,346457.json,2570,top10k,2429
344111,344111.json,2570,top10k,2429
3542641,3542641.json,2570,top10k,2429
3213541,3213541.json,2570,top10k,2429
1679033,1679033.json,2570,top10k,2429
3784878,3784878.json,2570,top10k,2429
575010,575010.json,2570,top10k,2429
4722775,4722775.json,2570,top10k,2429
243150,243150.json,2570,top10k,2429
153014,153014.json,2570,top10k,2429
3792980,3792980.json,2570,top10k,2429
1115502,1115502.json,2570,top10k,2429
638946,638946.json,2570,top10k,2429
1136348,1136348.json,2570,top10k,2429
2097297,2097297.json,2570,top10k,2429
321353,321353.json,2570,top10k,2429
88689,88689.json,2586,top10k,2429
24247,24247.json,2586,top10k,2429
16618,16618.json,2586,top10k,2429
1023403,1023403.json,2586,top10k,2429
17338,17338.json,2586,top10k,2429
9329285,9329285.json,2586,top10k,2429
13777,13777.json,2586,top10k,2429
8842004,8842004.json,2586,top10k,2429
18428,18428.json,2586,top10k,2429
1666605,1666605.json,2586,top10k,2429
7574196,7574196.json,2586,top10k,2429
3860173,3860173.json,2586,top10k,2429
2849,2849.json,2586,top10k,2429
2780883,2780883.json,2586,top10k,2429
6344712,6344712.json,2586,top10k,2429
1745419,1745419.json,2586,top10k,2429
2683,2683.json,2602,top10k,2429
752214,752214.json,2602,top10k,2429
4815170,4815170.json,2602,top10k,2429
975845,975845.json,2602,top10k,2429
8161127,8161127.json,2602,top10k,2429
2577648,2577648.json,2602,top10k,2429
3453577,3453577.json,2602,top10k,2429
217833,217833.json,2602,top10k,2429
3202182,3202182.json,2610,top10k,2429
1089894,1089894.json,2610,top10k,2429
5797100,5797100.json,2610,top10k,2429
514396,514396.json,2610,top10k,2429
1562956,1562956.json,2614,top10k,2429
4145777,4145777.json,2614,top10k,2429
8928107,8928107.json,2616,top10k,2429
3302460,3302460.json,2616,top10k,2429
1032235,1032235.json,2616,top10k,2429
2916259,2916259.json,2616,top10k,2429
3106400,3106400.json,2620,top10k,2429
9243562,9243562.json,2620,top10k,2429
184048,184048.json,2620,top10k,2429
2196379,2196379.json,2623,top10k,2429
3193773,3193773.json,2624,top10k,2428
6302741,6302741.json,2625,top10k,2428
8326428,8326428.json,2625,top10k,2428
8302501,8302501.json,2625,top10k,2428
3239574,3239574.json,2628,top10k,2428
1094250,1094250.json,2628,top10k,2428
566803,566803.json,2628,top10k,2428
936472,936472.json,2628,top10k,2428
293047,293047.json,2632,top10k,2428
4648412,4648412.json,2632,top10k,2428
660585,660585.json,2632,top10k,2428
75173,75173.json,2632,top10k,2428
9416634,9416634.json,2632,top10k,2428
14,14.json,2632,top10k,2428
234832,234832.json,2632,top10k,2428
2371626,2371626.json,2632,top10k,2428
3119477,3119477.json,2640,top10k,2428
5512,5512.json,2640,top10k,2428
552384,552384.json,2640,top10k,2428
273240,273240.json,2640,top10k,2428
147358,147358.json,2640,top10k,2428
7930095,7930095.json,2640,top10k,2428
8787816,8787816.json,2640,top10k,2428
1073564,1073564.json,2640,top10k,2428
8312154,8312154.json,2640,top10k,2428
5478659,5478659.json,2640,top10k,2428
4416591,4416591.json,2640,top10k,2428
1752278,1752278.json,2640,top10k,2428
949955,949955.json,2640,top10k,2428
230243,230243.json,2640,top10k,2428
2700949,2700949.json,2640,top10k,2428
5646899,5646899.json,2640,top10k,2428
951656,951656.json,2640,top10k,2428
2965967,2965967.json,2640,top10k,2428
86702,86702.json,2640,top10k,2428
474506,474506.json,2640,top10k,2428
2188565,2188565.json,2640,top10k,2428
4958908,4958908.json,2640,top10k,2428
510102,510102.json,2640,top10k,2428
2708057,2708057.json,2640,top10k,2428
1398541,1398541.json,2640,top10k,2428
3243118,3243118.json,2640,top10k,2428
88139,88139.json,2640,top10k,2428
279174,279174.json,2640,top10k,2428
3491612,3491612.json,2640,top10k,2428
38999,38999.json,2640,top10k,2428
8834532,8834532.json,2640,top10k,2428
84943,84943.json,2640,top10k,2428
2095301,2095301.json,2640,top10k,2428
3840873,3840873.json,2640,top10k,2428
28637,28637.json,2640,top10k,2428
219737,219737.json,2640,top10k,2428
298640,298640.json,2640,top10k,2428
5812376,5812376.json,2640,top10k,2428
133334,133334.json,2640,top10k,2428
471952,471952.json,2640,top10k,2428
6345577,6345577.json,2640,top10k,2428
497724,497724.json,2640,top10k,2428
935204,935204.json,2640,top10k,2428
2392591,2392591.json,2683,top10k,2428
821898,821898.json,2683,top10k,2428
1053303,1053303.json,2683,top10k,2428
1381524,1381524.json,2683,top10k,2428
22060,22060.json,2683,top10k,2428
30104,30104.json,2683,top10k,2428
542570,542570.json,2683,top10k,2428
4512694,4512694.json,2683,top10k,2428
6096298,6096298.json,2683,top10k,2428
2329599,2329599.json,2683,top10k,2428
8650,8650.json,2683,top10k,2428
5333992,5333992.json,2683,top10k,2428
4849479,4849479.json,2683,top10k,2428
2063136,2063136.json,2683,top10k,2428
5555411,5555411.json,2683,top10k,2428
3852,3852.json,2683,top10k,2428
101931,101931.json,2683,top10k,2428
68147,68147.json,2683,top10k,2428
1669747,1669747.json,2683,top10k,2428
18168,18168.json,2683,top10k,2428
5775242,5775242.json,2683,top10k,2428
875498,875498.json,2683,top10k,2428
2290210,2290210.json,2683,top10k,2428
1651906,1651906.json,2683,top10k,2428
270758,270758.json,2683,top10k,2428
2836994,2836994.json,2683,top10k,2428
4032248,4032248.json,2683,top10k,2428
1823847,1823847.json,2683,top10k,2428
716394,716394.json,2683,top10k,2428
1114334,1114334.json,2683,top10k,2428
11324,11324.json,2683,top10k,2428
7248748,7248748.json,2683,top10k,2428
645527,645527.json,2715,top10k,2428
639427,639427.json,2715,top10k,2428
2182866,2182866.json,2715,top10k,2428
2712696,2712696.json,2715,top10k,2428
7384534,7384534.json,2715,top10k,2428
33031,33031.json,2715,top10k,2428
2426398,2426398.json,2715,top10k,2428
345538,345538.json,2715,top10k,2428
357403,357403.json,2715,top10k,2428
905951,905951.json,2715,top10k,2428
4158155,4158155.json,2715,top10k,2428
672091,672091.json,2715,top10k,2428
3456775,3456775.json,2715,top10k,2428
1796018,1796018.json,2715,top10k,2428
554223,554223.json,2715,top10k,2428
2100626,2100626.json,2715,top10k,2428
1097041,1097041.json,2715,top10k,2428
649464,649464.json,2715,top10k,2428
4524234,4524234.json,2715,top10k,2428
3735958,3735958.json,2715,top10k,2428
7257780,7257780.json,2735,top10k,2428
1059939,1059939.json,2735,top10k,2428
4922169,4922169.json,2735,top10k,2428
3158456,3158456.json,2735,top10k,2428
169698,169698.json,2735,top10k,2428
877481,877481.json,2735,top10k,2428
7605973,7605973.json,2735,top10k,2428
1793958,1793958.json,2735,top10k,2428
1529858,1529858.json,2735,top10k,2428
6298786,6298786.json,2735,top10k,2428
5032499,5032499.json,2735,top10k,2428
2170710,2170710.json,2735,top10k,2428
1464539,1464539.json,2735,top10k,2428
1242090,1242090.json,2748,top10k,2428
4311510,4311510.json,2748,top10k,2428
3663281,3663281.json,2748,top10k,2428
349721,349721.json,2748,top10k,2428
6041088,6041088.json,2748,top10k,2428
963320,963320.json,2748,top10k,2428
107092,107092.json,2754,top10k,2428
1814535,1814535.json,2754,top10k,2428
2612533,2612533.json,2756,top10k,2428
6782445,6782445.json,2756,top10k,2428
5503017,5503017.json,2758,top10k,2428
8740321,8740321.json,2758,top10k,2428
1912497,1912497.json,2760,top10k,2428
571031,571031.json,2760,top10k,2428
4341940,4341940.json,2762,top10k,2428
2870880,2870880.json,2763,top10k,2427
1724838,1724838.json,2764,top10k,2427
4184023,4184023.json,2765,top10k,2427
1841699,1841699.json,2765,top10k,2427
3255624,3255624.json,2767,top10k,2427
336369,336369.json,2768,top10k,2427
1936112,1936112.json,2768,top10k,2427
6310739,6310739.json,2768,top10k,2427
1790813,1790813.json,2771,top10k,2427
9190484,9190484.json,2771,top10k,2427
69293,69293.json,2771,top10k,2427
4199136,4199136.json,2771,top10k,2427
3922124,3922124.json,2771,top10k,2427
54151,54151.json,2771,top10k,2427
4438087,4438087.json,2771,top10k,2427
5805520,5805520.json,2778,top10k,2427
8437605,8437605.json,2778,top10k,2427
5494980,5494980.json,2778,top10k,2427
166323,166323.json,2778,top10k,2427
504927,504927.json,2778,top10k,2427
2566111,2566111.json,2778,top10k,2427
8762083,8762083.json,2778,top10k,2427
1003946,1003946.json,2778,top10k,2427
1852721,1852721.json,2778,top10k,2427
820203,820203.json,2778,top10k,2427
3342182,3342182.json,2778,top10k,2427
586451,586451.json,2778,top10k,2427
3865746,3865746.json,2778,top10k,2427
6202040,6202040.json,2778,top10k,2427
2135059,2135059.json,2778,top10k,2427
612766,612766.json,2778,top10k,2427
891365,891365.json,2778,top10k,2427
51119,51119.json,2778,top10k,2427
2270252,2270252.json,2778,top10k,2427
5618917,5618917.json,2778,top10k,2427
475404,475404.json,2778,top10k,2427
211456,211456.json,2778,top10k,2427
493309,493309.json,2778,top10k,2427
8940,8940.json,2778,top10k,2427
400297,400297.json,2778,top10k,2427
373371,373371.json,2778,top10k,2427
872461,872461.json,2778,top10k,2427
7647357,7647357.json,2778,top10k,2427
726913,726913.json,2778,top10k,2427
868348,868348.json,2778,top10k,2427
65380,65380.json,2778,top10k,2427
6213462,6213462.json,2778,top10k,2427
5088173,5088173.json,2778,top10k,2427
119476,119476.json,2778,top10k,2427
5307438,5307438.json,2778,top10k,2427
24235,24235.json,2778,top10k,2427
896801,896801.json,2778,top10k,2427
92454,92454.json,2778,top10k,2427
6728241,6728241.json,2778,top10k,2427
3733313,3733313.json,2778,top10k,2427
32698,32698.json,2778,top10k,2427
3619752,3619752.json,2778,top10k,2427
7158226,7158226.json,2778,top10k,2427
1007113,1007113.json,2778,top10k,2427
51584,51584.json,2778,top10k,2427
2075621,2075621.json,2778,top10k,2427
798744,798744.json,2778,top10k,2427
3610626,3610626.json,2778,top10k,2427
117383,117383.json,2778,top10k,2427
458810,458810.json,2778,top10k,2427
14344,14344.json,2778,top10k,2427
2891203,2891203.json,2829,top10k,2427
3933662,3933662.json,2829,top10k,2427
5541125,5541125.json,2829,top10k,2427
24338,24338.json,2829,top10k,2427
4341,4341.json,2829,top10k,2427
3165486,3165486.json,2829,top10k,2427
3128276,3128276.json,2829,top10k,2427
1872291,1872291.json,2829,top10k,2427
122950,122950.json,2829,top10k,2427
1785944,1785944.json,2829,top10k,2427
96111,96111.json,2829,top10k,2427
3018844,3018844.json,2829,top10k,2427
2617240,2617240.json,2829,top10k,2427
1755105,1755105.json,2829,top10k,2427
3309486,3309486.json,2829,top10k,2427
5199631,5199631.json,2829,top10k,2427
100582,100582.json,2829,top10k,2427
33631,33631.json,2829,top10k,2427
4865201,4865201.json,2829,top10k,2427
16829,16829.json,2829,top10k,2427
44333,44333.json,2829,top10k,2427
6553183,6553183.json,2829,top10k,2427
801464,801464.json,2829,top10k,2427
2849535,2849535.json,2829,top10k,2427
698305,698305.json,2829,top10k,2427
70967,70967.json,2829,top10k,2427
1685356,1685356.json,2829,top10k,2427
4796096,4796096.json,2829,top10k,2427
6289481,6289481.json,2857,top10k,2427
627335,627335.json,2857,top10k,2427
7047526,7047526.json,2857,top10k,2427
731598,731598.json,2857,top10k,2427
2193263,2193263.json,2857,top10k,2427
4749224,4749224.json,2857,top10k,2427
2037843,2037843.json,2857,top10k,2427
3224842,3224842.json,2857,top10k,2427
5572166,5572166.json,2857,top10k,2427
2317885,2317885.json,2857,top10k,2427
370900,370900.json,2857,top10k,2427
1086980,1086980.json,2857,top10k,2427
102968,102968.json,2857,top10k,2427
296102,296102.json,2857,top10k,2427
2327690,2327690.json,2857,top10k,2427
152139,152139.json,2857,top10k,2427
465108,465108.json,2857,top10k,2427
678020,678020.json,2857,top10k,2427
6788153,6788153.json,2857,top10k,2427
3332401,3332401.json,2857,top10k,2427
1574579,1574579.json,2857,top10k,2427
1294336,1294336.json,2857,top10k,2427
4671828,4671828.json,2879,top10k,2427
3770300,3770300.json,2879,top10k,2427
2171488,2171488.json,2879,top10k,2427
24800,24800.json,2879,top10k,2427
1488936,1488936.json,2879,top10k,2427
2572816,2572816.json,2879,top10k,2427
1261852,1261852.json,2879,top10k,2427
27020,27020.json,2879,top10k,2427
47192,47192.json,2879,top10k,2427
56666,56666.json,2879,top10k,2427
2061477,2061477.json,2879,top10k,2427
1461806,1461806.json,2879,top10k,2427
389800,389800.json,2879,top10k,2427
281367,281367.json,2879,top10k,2427
258721,258721.json,2879,top10k,2427
17484,17484.json,2879,top10k,2427
390257,390257.json,2879,top10k,2427
1639388,1639388.json,2879,top10k,2427
88316,88316.json,2879,top10k,2427
1618485,1618485.json,2898,top10k,2427
5358940,5358940.json,2898,top10k,2427
27276,27276.json,2898,top10k,2427
543157,543157.json,2898,top10k,2427
4849345,4849345.json,2898,top10k,2427
8738569,8738569.json,2898,top10k,2427
144283,144283.json,2898,top10k,2427
5380424,5380424.json,2898,top10k,2427
2547048,2547048.json,2898,top10k,2427
1846323,1846323.json,2907,top10k,2427
533591,533591.json,2907,top10k,2427
2289481,2289481.json,2907,top10k,2427
2176786,2176786.json,2907,top10k,2427
8899880,8899880.json,2911,top10k,2427
536088,536088.json,2911,top10k,2427
412977,412977.json,2911,top10k,2427
4143426,4143426.json,2914,top10k,2427
4728016,4728016.json,2914,top10k,2427
923625,923625.json,2914,top10k,2427
7802827,7802827.json,2914,top10k,2427
144341,144341.json,2914,top10k,2427
19092,19092.json,2914,top10k,2427
453948,453948.json,2920,top10k,2427
845413,845413.json,2920,top10k,2427
2847343,2847343.json,2922,top10k,2426
527088,527088.json,2923,top10k,2426
4063224,4063224.json,2923,top10k,2426
96540,96540.json,2925,top10k,2426
1779510,1779510.json,2926,top10k,2426
1025172,1025172.json,2926,top10k,2426
488874,488874.json,2926,top10k,2426
6653251,6653251.json,2929,top10k,2426
6149127,6149127.json,2929,top10k,2426
7183363,7183363.json,2929,top10k,2426
1501220,1501220.json,2929,top10k,2426
4013079,4013079.json,2929,top10k,2426
1104446,1104446.json,2934,top10k,2426
111977,111977.json,2934,top10k,2426
9446299,9446299.json,2934,top10k,2426
26365,26365.json,2934,top10k,2426
581334,581334.json,2934,top10k,2426
3449912,3449912.json,2934,top10k,2426
67429,67429.json,2934,top10k,2426
3439792,3439792.json,2934,top10k,2426
11895,11895.json,2934,top10k,2426
2477559,2477559.json,2934,top10k,2426
2612869,2612869.json,2934,top10k,2426
1907176,1907176.json,2934,top10k,2426
5922689,5922689.json,2934,top10k,2426
312945,312945.json,2934,top10k,2426
1008309,1008309.json,2934,top10k,2426
3842824,3842824.json,2934,top10k,2426
364971,364971.json,2934,top10k,2426
5762894,5762894.json,2934,top10k,2426
8832705,8832705.json,2934,top10k,2426
1403365,1403365.json,2934,top10k,2426
4651106,4651106.json,2934,top10k,2426
337624,337624.json,2934,top10k,2426
940227,940227.json,2934,top10k,2426
5144617,5144617.json,2934,top10k,2426
5180644,5180644.json,2934,top10k,2426
4202886,4202886.json,2934,top10k,2426
3022848,3022848.json,2934,top10k,2426
5752320,5752320.json,2934,top10k,2426
253567,253567.json,2934,top10k,2426
47890,47890.json,2934,top10k,2426
2953655,2953655.json,2934,top10k,2426
777765,777765.json,2934,top10k,2426
1282698,1282698.json,2934,top10k,2426
5000980,5000980.json,2934,top10k,2426
3711990,3711990.json,2934,top10k,2426
44982,44982.json,2934,top10k,2426
1081290,1081290.json,2934,top10k,2426
4711017,4711017.json,2934,top10k,2426
5082827,5082827.json,2972,top10k,2426
569203,569203.json,2972,top10k,2426
9333030,9333030.json,2972,top10k,2426
6655708,6655708.json,2972,top10k,2426
5787944,5787944.json,2972,top10k,2426
24364,24364.json,2972,top10k,2426
36426,36426.json,2972,top10k,2426
4186741,4186741.json,2972,top10k,2426
7117324,7117324.json,2972,top10k,2426
490528,490528.json,2972,top10k,2426
8164066,8164066.json,2972,top10k,2426
1320888,1320888.json,2972,top10k,2426
9035640,9035640.json,2972,top10k,2426
36233,36233.json,2972,top10k,2426
6280001,6280001.json,2972,top10k,2426
2566800,2566800.json,2972,top10k,2426
3273628,3273628.json,2972,top10k,2426
7655112,7655112.json,2972,top10k,2426
4940712,4940712.json,2972,top10k,2426
49373,49373.json,2972,top10k,2426
3637607,3637607.json,2972,top10k,2426
518958,518958.json,2972,top10k,2426
2078055,2078055.json,2972,top10k,2426
5604393,5604393.json,2972,top10k,2426
4955126,4955126.json,2972,top10k,2426
7858821,7858821.json,2997,top10k,2426
2154187,2154187.json,2997,top10k,2426
276271,276271.json,2997,top10k,2426
257325,257325.json,2997,top10k,2426
3431362,3431362.json,2997,top10k,2426
8971989,8971989.json,2997,top10k,2426
5967996,5967996.json,2997,top10k,2426
245853,245853.json,2997,top10k,2426
2080476,2080476.json,2997,top10k,2426
7204221,7204221.json,2997,top10k,2426
3483452,3483452.json,2997,top10k,2426
282337,282337.json,2997,top10k,2426
2514832,2514832.json,2997,top10k,2426
7732518,7732518.json,2997,top10k,2426
3433103,3433103.json,2997,top10k,2426
16775,16775.json,2997,top10k,2426
928555,928555.json,2997,top10k,2426
75425,75425.json,2997,top10k,2426
3646837,3646837.json,2997,top10k,2426
8021749,8021749.json,2997,top10k,2426
2230569,2230569.json,2997,top10k,2426
342253,342253.json,2997,top10k,2426
316997,316997.json,3019,top10k,2426
1839730,1839730.json,3019,top10k,2426
6474614,6474614.json,3019,top10k,2426
3518788,3518788.json,3019,top10k,2426
6384812,6384812.json,3019,top10k,2426
6398865,6398865.json,3019,top10k,2426
51543,51543.json,3019,top10k,2426
859688,859688.json,3019,top10k,2426
5877539,5877539.json,3019,top10k,2426
6555783,6555783.json,3019,top10k,2426
30463,30463.json,3019,top10k,2426
128522,128522.json,3030,top10k,2426
8532009,8532009.json,3030,top10k,2426
414261,414261.json,3030,top10k,2426
838225,838225.json,3030,top10k,2426
2604427,2604427.json,3030,top10k,2426
1430735,1430735.json,3035,top10k,2426
6682579,6682579.json,3035,top10k,2426
2398280,2398280.json,3037,top10k,2426
2312972,2312972.json,3037,top10k,2426
4754717,4754717.json,3039,top10k,2426
644191,644191.json,3039,top10k,2426
110092,110092.json,3039,top10k,2426
200147,200147.json,3042,top10k,2426
252956,252956.json,3043,top10k,2426
5458894,5458894.json,3043,top10k,2426
2260558,2260558.json,3045,top10k,2426
479551,479551.json,3045,top10k,2426
6273372,6273372.json,3047,top10k,2425
755442,755442.json,3048,top10k,2425
5354029,5354029.json,3049,top10k,2425
5850021,5850021.json,3050,top10k,2425
97352,97352.json,3050,top10k,2425
3513224,3513224.json,3050,top10k,2425
5315307,5315307.json,3053,top10k,2425
183682,183682.json,3054,top10k,2425
3192459,3192459.json,3054,top10k,2425
9270,9270.json,3054,top10k,2425
5859608,5859608.json,3054,top10k,2425
3557471,3557471.json,3054,top10k,2425
118264,118264.json,3054,top10k,2425
5191549,5191549.json,3054,top10k,2425
65778,65778.json,3054,top10k,2425
41571,41571.json,3054,top10k,2425
5378096,5378096.json,3054,top10k,2425
2497763,2497763.json,3054,top10k,2425
551977,551977.json,3065,top10k,2425
3863924,3863924.json,3065,top10k,2425
262272,262272.json,3065,top10k,2425
390171,390171.json,3065,top10k,2425
4185778,4185778.json,3065,top10k,2425
4886281,4886281.json,3065,top10k,2425
522157,522157.json,3065,top10k,2425
909525,909525.json,3065,top10k,2425
159099,159099.json,3065,top10k,2425
1054764,1054764.json,3065,top10k,2425
904412,904412.json,3065,top10k,2425
929848,929848.json,3065,top10k,2425
5708000,5708000.json,3065,top10k,2425
339250,339250.json,3065,top10k,2425
3905663,3905663.json,3065,top10k,2425
28951,28951.json,3065,top10k,2425
11230,11230.json,3065,top10k,2425
21260,21260.json,3065,top10k,2425
396497,396497.json,3065,top10k,2425
3765740,3765740.json,3065,top10k,2425
3170464,3170464.json,3065,top10k,2425
33502,33502.json,3065,top10k,2425
3682055,3682055.json,3065,top10k,2425
8769009,8769009.json,3065,top10k,2425
279128,279128.json,3065,top10k,2425
27849,27849.json,3065,top10k,2425
4809402,4809402.json,3065,top10k,2425
3034395,3034395.json,3065,top10k,2425
3916,3916.json,3065,top10k,2425
1201652,1201652.json,3065,top10k,2425
4829060,4829060.json,3065,top10k,2425
9193918,9193918.json,3065,top10k,2425
3179721,3179721.json,3065,top10k,2425
7025007,7025007.json,3065,top10k,2425
2698727,2698727.json,3065,top10k,2425
5566686,5566686.json,3065,top10k,2425
98862,98862.json,3065,top10k,2425
1860,1860.json,3065,top10k,2425
7466602,7466602.json,3065,top10k,2425
2006690,2006690.json,3065,top10k,2425
6294144,6294144.json,3065,top10k,2425
1990266,1990266.json,3065,top10k,2425
754169,754169.json,3065,top10k,2425
5486,5486.json,3065,top10k,2425
4748272,4748272.json,3065,top10k,2425
3435691,3435691.json,3065,top10k,2425
709268,709268.json,3065,top10k,2425
6055980,6055980.json,3065,top10k,2425
2081889,2081889.json,3113,top10k,2425
117484,117484.json,3113,top10k,2425
2543228,2543228.json,3113,top10k,2425
329934,329934.json,3113,top10k,2425
6232755,6232755.json,3113,top10k,2425
2779342,2779342.json,3113,top10k,2425
66597,66597.json,3113,top10k,2425
3281834,3281834.json,3113,top10k,2425
689544,689544.json,3113,top10k,2425
576084,576084.json,3113,top10k,2425
2241016,2241016.json,3113,top10k,2425
5652072,5652072.json,3113,top10k,2425
465116,465116.json,3113,top10k,2425
2507335,2507335.json,3113,top10k,2425
1710994,1710994.json,3113,top10k,2425
101183,101183.json,3113,top10k,2425
138852,138852.json,3113,top10k,2425
356561,356561.json,3113,top10k,2425
240316,240316.json,3113,top10k,2425
4570506,4570506.json,3113,top10k,2425
4667104,4667104.json,3113,top10k,2425
748036,748036.json,3113,top10k,2425
1305141,1305141.json,3113,top10k,2425
1083470,1083470.json,3113,top10k,2425
4230486,4230486.json,3113,top10k,2425
442681,442681.json,3113,top10k,2425
1287148,1287148.json,3113,top10k,2425
5809038,5809038.json,3140,top10k,2425
422137,422137.json,3140,top10k,2425
139888,139888.json,3140,top10k,2425
4930722,4930722.json,3140,top10k,2425
350320,350320.json,3140,top10k,2425
455,455.json,3140,top10k,2425
9409450,9409450.json,3140,top10k,2425
32927,32927.json,3140,top10k,2425
5260,5260.json,3140,top10k,2425
1075598,1075598.json,3140,top10k,2425
134844,134844.json,3140,top10k,2425
978714,978714.json,3140,top10k,2425
171020,171020.json,3140,top10k,2425
5468,5468.json,3140,top10k,2425
2762904,2762904.json,3140,top10k,2425
2449326,2449326.json,3140,top10k,2425
672138,672138.json,3140,top10k,2425
149735,149735.json,3140,top10k,2425
1848769,1848769.json,3140,top10k,2425
6674611,6674611.json,3140,top10k,2425
9232117,9232117.json,3140,top10k,2425
675628,675628.json,3161,top10k,2425
2296856,2296856.json,3161,top10k,2425
372434,372434.json,3161,top10k,2425
964219,964219.json,3161,top10k,2425
111119,111119.json,3161,top10k,2425
1391955,1391955.json,3161,top10k,2425
1906210,1906210.json,3161,top10k,2425
4722916,4722916.json,3161,top10k,2425
1661500,1661500.json,3161,top10k,2425
818487,818487.json,3161,top10k,2425
1001438,1001438.json,3161,top10k,2425
4755577,4755577.json,3161,top10k,2425
4064,4064.json,3161,top10k,2425
6310817,6310817.json,3161,top10k,2425
3399975,3399975.json,3161,top10k,2425
4403608,4403608.json,3176,top10k,2425
75216,75216.json,3176,top10k,2425
3422393,3422393.json,3176,top10k,2425
7758701,7758701.json,3176,top10k,2425
1208,1208.json,3176,top10k,2425
1004154,1004154.json,3176,top10k,2425
2914,2914.json,3182,top10k,2425
5508353,5508353.json,3182,top10k,2425
6887846,6887846.json,3182,top10k,2425
4063320,4063320.json,3182,top10k,2425
363148,363148.json,3182,top10k,2425
125109,125109.json,3182,top10k,2425
470741,470741.json,3182,top10k,2425
714706,714706.json,3189,top10k,2425
9156677,9156677.json,3189,top10k,2425
2705796,2705796.json,3189,top10k,2425
1299633,1299633.json,3189,top10k,2425
4262166,4262166.json,3189,top10k,2425
3519770,3519770.json,3194,top10k,2425
860,860.json,3194,top10k,2425
203203,203203.json,3194,top10k,2425
72128,72128.json,3197,top10k,2425
6243650,6243650.json,3197,top10k,2425
2903360,2903360.json,3199,top10k,2425
2375272,2375272.json,3200,top10k,2425
2109752,2109752.json,3201,top10k,2424
9293199,9293199.json,3201,top10k,2424
6521048,6521048.json,3203,top10k,2424
2137698,2137698.json,3204,top10k,2424
2911034,2911034.json,3204,top10k,2424
2629642,2629642.json,3204,top10k,2424
320944,320944.json,3204,top10k,2424
5411225,5411225.json,3204,top10k,2424
6636499,6636499.json,3209,top10k,2424
8195442,8195442.json,3209,top10k,2424
3929152,3929152.json,3209,top10k,2424
704386,704386.json,3209,top10k,2424
3735649,3735649.json,3209,top10k,2424
7733004,7733004.json,3209,top10k,2424
314586,314586.json,3209,top10k,2424
5197979,5197979.json,3209,top10k,2424
5689842,5689842.json,3209,top10k,2424
10974,10974.json,3209,top10k,2424
3008812,3008812.json,3209,top10k,2424
911359,911359.json,3209,top10k,2424
2894707,2894707.json,3209,top10k,2424
1908668,1908668.json,3222,top10k,2424
7219415,7219415.json,3222,top10k,2424
5478906,5478906.json,3222,top10k,2424
155695,155695.json,3222,top10k,2424
4383789,4383789.json,3222,top10k,2424
160924,160924.json,3222,top10k,2424
211001,211001.json,3222,top10k,2424
220691,220691.json,3222,top10k,2424
3540512,3540512.json,3222,top10k,2424
3249480,3249480.json,3222,top10k,2424
987207,987207.json,3222,top10k,2424
49424,49424.json,3222,top10k,2424
5738723,5738723.json,3222,top10k,2424
1862858,1862858.json,3222,top10k,2424
9330118,9330118.json,3222,top10k,2424
16986,16986.json,3222,top10k,2424
2036,2036.json,3222,top10k,2424
4788,4788.json,3222,top10k,2424
3667749,3667749.json,3222,top10k,2424
5359742,5359742.json,3222,top10k,2424
7698160,7698160.json,3222,top10k,2424
685401,685401.json,3222,top10k,2424
504578,504578.json,3222,top10k,2424
5073864,5073864.json,3222,top10k,2424
3470484,3470484.json,3222,top10k,2424
3998870,3998870.json,3222,top10k,2424
953587,953587.json,3222,top10k,2424
4335132,4335132.json,3222,top10k,2424
4542963,4542963.json,3222,top10k,2424
8767995,8767995.json,3222,top10k,2424
4034319,4034319.json,3222,top10k,2424
1495166,1495166.json,3222,top10k,2424
2654004,2654004.json,3222,top10k,2424
6553424,6553424.json,3222,top10k,2424
3589,3589.json,3222,top10k,2424
14346,14346.json,3222,top10k,2424
8879124,8879124.json,3222,top10k,2424
89449,89449.json,3222,top10k,2424
42687,42687.json,3222,top10k,2424
83373,83373.json,3222,top10k,2424
1513783,1513783.json,3222,top10k,2424
4198488,4198488.json,3222,top10k,2424
72071,72071.json,3222,top10k,2424
742101,742101.json,3265,top10k,2424
3872029,3872029.json,3265,top10k,2424
2057187,2057187.json,3265,top10k,2424
2039680,2039680.json,3265,top10k,2424
7922459,7922459.json,3265,top10k,2424
3051058,3051058.json,3265,top10k,2424
23418,23418.json,3265,top10k,2424
2846063,2846063.json,3265,top10k,2424
302208,302208.json,3265,top10k,2424
2345314,2345314.json,3265,top10k,2424
6972516,6972516.json,3265,top10k,2424
3243281,3243281.json,3265,top10k,2424
5286292,5286292.json,3265,top10k,2424
42894,42894.json,3265,top10k,2424
1323325,1323325.json,3265,top10k,2424
1184455,1184455.json,3265,top10k,2424
971204,971204.json,3265,top10k,2424
6000701,6000701.json,3265,top10k,2424
13793,13793.json,3265,top10k,2424
2570111,2570111.json,3265,top10k,2424
6306,6306.json,3265,top10k,2424
772007,772007.json,3265,top10k,2424
5369692,5369692.json,3265,top10k,2424
2605295,2605295.json,3265,top10k,2424
5033030,5033030.json,3265,top10k,2424
6990709,6990709.json,3265,top10k,2424
5048348,5048348.json,3265,top10k,2424
4257574,4257574.json,3265,top10k,2424
2610561,2610561.json,3265,top10k,2424
107631,107631.json,3265,top10k,2424
1077180,1077180.json,3265,top10k,2424
1221582,1221582.json,3265,top10k,2424
863380,863380.json,3297,top10k,2424
1087416,1087416.json,3297,top10k,2424
2497238,2497238.json,3297,top10k,2424
411582,411582.json,3297,top10k,2424
132842,132842.json,3297,top10k,2424
8118150,8118150.json,3297,top10k,2424
4695381,4695381.json,3297,top10k,2424
4173025,4173025.json,3297,top10k,2424
4725842,4725842.json,3297,top10k,2424
5488680,5488680.json,3297,top10k,2424
67303,67303.json,3297,top10k,2424
3560463,3560463.json,3297,top10k,2424
208526,208526.json,3297,top10k,2424
5676084,5676084.json,3297,top10k,2424
1027033,1027033.json,3297,top10k,2424
99841,99841.json,3297,top10k,2424
632622,632622.json,3297,top10k,2424
490931,490931.json,3297,top10k,2424
6748281,6748281.json,3315,top10k,2424
1895212,1895212.json,3315,top10k,2424
257027,257027.json,3315,top10k,2424
3629738,3629738.json,3315,top10k,2424
181642,181642.json,3315,top10k,2424
2571200,2571200.json,3315,top10k,2424
112348,112348.json,3315,top10k,2424
2075827,2075827.json,3322,top10k,2424
8816112,8816112.json,3322,top10k,2424
358635,358635.json,3322,top10k,2424
3138110,3138110.json,3322,top10k,2424
5295304,5295304.json,3322,top10k,2424
1207353,1207353.json,3322,top10k,2424
3750000,3750000.json,3322,top10k,2424
2995017,2995017.json,3329,top10k,2424
527393,527393.json,3329,top10k,2424
1012999,1012999.json,3329,top10k,2424
6884588,6884588.json,3329,top10k,2424
3336576,3336576.json,3333,top10k,2424
2195045,2195045.json,3333,top10k,2424
391127,391127.json,3333,top10k,2424
4125,4125.json,3336,top10k,2424
3889767,3889767.json,3337,top10k,2424
48269,48269.json,3338,top10k,2424
215440,215440.json,3338,top10k,2424
7440023,7440023.json,3340,top10k,2424
849241,849241.json,3340,top10k,2424
3405187,3405187.json,3342,top10k,2424
386344,386344.json,3343,top10k,2423
5623318,5623318.json,3343,top10k,2423
556158,556158.json,3345,top10k,2423
6345759,6345759.json,3345,top10k,2423
25871,25871.json,3345,top10k,2423
4422209,4422209.json,3345,top10k,2423
1418845,1418845.json,3345,top10k,2423
5697978,5697978.json,3350,top10k,2423
5426557,5426557.json,3350,top10k,2423
7408395,7408395.json,3350,top10k,2423
2584051,2584051.json,3350,top10k,2423
5252798,5252798.json,3350,top10k,2423
81789,81789.json,3350,top10k,2423
3811951,3811951.json,3350,top10k,2423
9335974,9335974.json,3350,top10k,2423
1558753,1558753.json,3358,top10k,2423
125422,125422.json,3358,top10k,2423
1725093,1725093.json,3358,top10k,2423
59746,59746.json,3358,top10k,2423
3258101,3258101.json,3358,top10k,2423
8057411,8057411.json,3358,top10k,2423
8128946,8128946.json,3358,top10k,2423
636449,636449.json,3358,top10k,2423
629768,629768.json,3358,top10k,2423
4680065,4680065.json,3358,top10k,2423
11204,11204.json,3358,top10k,2423
23517,23517.json,3358,top10k,2423
1523992,1523992.json,3358,top10k,2423
2450966,2450966.json,3358,top10k,2423
122324,122324.json,3358,top10k,2423
1858534,1858534.json,3358,top10k,2423
15757,15757.json,3358,top10k,2423
8992512,8992512.json,3358,top10k,2423
3574252,3574252.json,3358,top10k,2423
2747290,2747290.json,3358,top10k,2423
1764968,1764968.json,3358,top10k,2423
524746,524746.json,3358,top10k,2423
151399,151399.json,3358,top10k,2423
360,360.json,3358,top10k,2423
6736533,6736533.json,3358,top10k,2423
4116205,4116205.json,3358,top10k,2423
5720679,5720679.json,3358,top10k,2423
4546,4546.json,3358,top10k,2423
234513,234513.json,3358,top10k,2423
2862276,2862276.json,3358,top10k,2423
80527,80527.json,3358,top10k,2423
222512,222512.json,3358,top10k,2423
5217988,5217988.json,3358,top10k,2423
128935,128935.json,3358,top10k,2423
222758,222758.json,3358,top10k,2423
1372611,1372611.json,3358,top10k,2423
6026606,6026606.json,3358,top10k,2423
183155,183155.json,3358,top10k,2423
547436,547436.json,3358,top10k,2423
7272001,7272001.json,3358,top10k,2423
2692514,2692514.json,3358,top10k,2423
2236960,2236960.json,3358,top10k,2423
89786,89786.json,3358,top10k,2423
4658586,4658586.json,3358,top10k,2423
4379884,4379884.json,3358,top10k,2423
2971345,2971345.json,3358,top10k,2423
8866398,8866398.json,3358,top10k,2423
3345868,3345868.json,3358,top10k,2423
2648104,2648104.json,3358,top10k,2423
6049188,6049188.json,3358,top10k,2423
620671,620671.json,3358,top10k,2423
565832,565832.json,3358,top10k,2423
1612166,1612166.json,3410,top10k,2423
1025436,1025436.json,3410,top10k,2423
5604082,5604082.json,3410,top10k,2423
2962661,2962661.json,3410,top10k,2423
360607,360607.json,3410,top10k,2423
9240804,9240804.json,3410,top10k,2423
1064599,1064599.json,3410,top10k,2423
7102107,7102107.json,3410,top10k,2423
7480991,7480991.json,3410,top10k,2423
629188,629188.json,3410,top10k,2423
35510,35510.json,3410,top10k,2423
420869,420869.json,3410,top10k,2423
745499,745499.json,3410,top10k,2423
3083976,3083976.json,3410,top10k,2423
4826401,4826401.json,3410,top10k,2423
4822276,4822276.json,3410,top10k,2423
224628,224628.json,3410,top10k,2423
1747393,1747393.json,3410,top10k,2423
5384180,5384180.json,3410,top10k,2423
3976470,3976470.json,3410,top10k,2423
314,314.json,3410,top10k,2423
1366533,1366533.json,3410,top10k,2423
5846857,5846857.json,3410,top10k,2423
4079353,4079353.json,3410,top10k,2423
2786927,2786927.json,3410,top10k,2423
278414,278414.json,3410,top10k,2423
143701,143701.json,3410,top10k,2423
127073,127073.json,3410,top10k,2423
1069594,1069594.json,3410,top10k,2423
711476,711476.json,3410,top10k,2423
1261823,1261823.json,3410,top10k,2423
260576,260576.json,3410,top10k,2423
5932464,5932464.json,3410,top10k,2423
110689,110689.json,3410,top10k,2423
2381738,2381738.json,3410,top10k,2423
9286699,9286699.json,3445,top10k,2423
2923557,2923557.json,3445,top10k,2423
6564049,6564049.json,3445,top10k,2423
7077085,7077085.json,3445,top10k,2423
76413,76413.json,3445,top10k,2423
7083259,7083259.json,3445,top10k,2423
179443,179443.json,3445,top10k,2423
7257787,7257787.json,3445,top10k,2423
194092,194092.json,3445,top10k,2423
1606992,1606992.json,3445,top10k,2423
4699763,4699763.json,3445,top10k,2423
6619087,6619087.json,3445,top10k,2423
7546875,7546875.json,3445,top10k,2423
43840,43840.json,3445,top10k,2423
4859229,4859229.json,3445,top10k,2423
6513988,6513988.json,3445,top10k,2423
3563083,3563083.json,3445,top10k,2423
379163,379163.json,3445,top10k,2423
8473548,8473548.json,3445,top10k,2423
2193038,2193038.json,3445,top10k,2423
2305232,2305232.json,3445,top10k,2423
2966332,2966332.json,3445,top10k,2423
28805,28805.json,3445,top10k,2423
3029818,3029818.json,3445,top10k,2423
3423361,3423361.json,3445,top10k,2423
10018,10018.json,3445,top10k,2423
296005,296005.json,3471,top10k,2423
4847656,4847656.json,3471,top10k,2423
4185214,4185214.json,3471,top10k,2423
5229629,5229629.json,3471,top10k,2423
1587029,1587029.json,3471,top10k,2423
868075,868075.json,3471,top10k,2423
1641202,1641202.json,3471,top10k,2423
1851641,1851641.json,3471,top10k,2423
380867,380867.json,3471,top10k,2423
632684,632684.json,3471,top10k,2423
1444547,1444547.json,3481,top10k,2423
575699,575699.json,3481,top10k,2423
1046053,1046053.json,3481,top10k,2423
7091184,7091184.json,3481,top10k,2423
377515,377515.json,3481,top10k,2423
8091824,8091824.json,3481,top10k,2423
965457,965457.json,3481,top10k,2423
6219388,6219388.json,3488,top10k,2423
59303,59303.json,3488,top10k,2423
423513,423513.json,3488,top10k,2423
2504425,2504425.json,3488,top10k,2423
61611,61611.json,3492,top10k,2423
2447601,2447601.json,3492,top10k,2423
1011501,1011501.json,3492,top10k,2423
178600,178600.json,3492,top10k,2423
1582891,1582891.json,3492,top10k,2423
511339,511339.json,3492,top10k,2423
86440,86440.json,3498,top10k,2423
190146,190146.json,3499,top10k,2423
4276272,4276272.json,3499,top10k,2423
33168,33168.json,3499,top10k,2423
5323551,5323551.json,3499,top10k,2423
47633,47633.json,3499,top10k,2423
7103059,7103059.json,3504,top10k,2423
3132161,3132161.json,3505,top10k,2423
170614,170614.json,3506,top10k,2423
8395093,8395093.json,3507,top10k,2422
3817757,3817757.json,3508,top10k,2422
46479,46479.json,3509,top10k,2422
5407378,5407378.json,3510,top10k,2422
6701378,6701378.json,3510,top10k,2422
1109369,1109369.json,3510,top10k,2422
1606227,1606227.json,3513,top10k,2422
1186020,1186020.json,3513,top10k,2422
38694,38694.json,3513,top10k,2422
2586853,2586853.json,3513,top10k,2422
1247790,1247790.json,3513,top10k,2422
2256475,2256475.json,3513,top10k,2422
69383,69383.json,3513,top10k,2422
1517850,1517850.json,3513,top10k,2422
919795,919795.json,3513,top10k,2422
4585790,4585790.json,3513,top10k,2422
1263458,1263458.json,3513,top10k,2422
1544084,1544084.json,3513,top10k,2422
4249560,4249560.json,3513,top10k,2422
194544,194544.json,3513,top10k,2422
633490,633490.json,3527,top10k,2422
1800893,1800893.json,3527,top10k,2422
931837,931837.json,3527,top10k,2422
1473262,1473262.json,3527,top10k,2422
1308355,1308355.json,3527,top10k,2422
1078771,1078771.json,3527,top10k,2422
1824705,1824705.json,3527,top10k,2422
58360,58360.json,3527,top10k,2422
374851,374851.json,3527,top10k,2422
754052,754052.json,3527,top10k,2422
3740484,3740484.json,3527,top10k,2422
756479,756479.json,3527,top10k,2422
4118303,4118303.json,3527,top10k,2422
2312133,2312133.json,3527,top10k,2422
2586449,2586449.json,3527,top10k,2422
4405929,4405929.json,3527,top10k,2422
2020492,2020492.json,3527,top10k,2422
540148,540148.json,3527,top10k,2422
6538135,6538135.json,3527,top10k,2422
779483,779483.json,3527,top10k,2422
656644,656644.json,3527,top10k,2422
1360972,1360972.json,3527,top10k,2422
170197,170197.json,3527,top10k,2422
53281,53281.json,3527,top10k,2422
3188656,3188656.json,3527,top10k,2422
6032502,6032502.json,3527,top10k,2422
3191220,3191220.json,3527,top10k,2422
2536995,2536995.json,3527,top10k,2422
120900,120900.json,3527,top10k,2422
223734,223734.json,3527,top10k,2422
33114,33114.json,3527,top10k,2422
1036730,1036730.json,3527,top10k,2422
8919688,8919688.json,3527,top10k,2422
1430659,1430659.json,3527,top10k,2422
119609,119609.json,3527,top10k,2422
2352872,2352872.json,3527,top10k,2422
1009076,1009076.json,3527,top10k,2422
4434008,4434008.json,3527,top10k,2422
11659,11659.json,3527,top10k,2422
2528037,2528037.json,3527,top10k,2422
11429,11429.json,3527,top10k,2422
916643,916643.json,3527,top10k,2422
2514491,2514491.json,3527,top10k,2422
34956,34956.json,3527,top10k,2422
462675,462675.json,3527,top10k,2422
9261180,9261180.json,3527,top10k,2422
161852,161852.json,3527,top10k,2422
4289963,4289963.json,3527,top10k,2422
90799,90799.json,3527,top10k,2422
253424,253424.json,3527,top10k,2422
267965,267965.json,3527,top10k,2422
9154773,9154773.json,3527,top10k,2422
630446,630446.json,3527,top10k,2422
186180,186180.json,3580,top10k,2422
314738,314738.json,3580,top10k,2422
2593968,2593968.json,3580,top10k,2422
31798,31798.json,3580,top10k,2422
275456,275456.json,3580,top10k,2422
2431,2431.json,3580,top10k,2422
550990,550990.json,3580,top10k,2422
566014,566014.json,3580,top10k,2422
2689347,2689347.json,3580,top10k,2422
4571310,4571310.json,3580,top10k,2422
1054992,1054992.json,3580,top10k,2422
71522,71522.json,3580,top10k,2422
425080,425080.json,3580,top10k,2422
8449482,8449482.json,3580,top10k,2422
2884850,2884850.json,3580,top10k,2422
150765,150765.json,3580,top10k,2422
1062265,1062265.json,3580,top10k,2422
2684135,2684135.json,3580,top10k,2422
853426,853426.json,3580,top10k,2422
9036360,9036360.json,3580,top10k,2422
236594,236594.json,3580,top10k,2422
6578154,6578154.json,3580,top10k,2422
5952843,5952843.json,3580,top10k,2422
791321,791321.json,3580,top10k,2422
7891880,7891880.json,3580,top10k,2422
151580,151580.json,3580,top10k,2422
3139008,3139008.json,3580,top10k,2422
99399,99399.json,3580,top10k,2422
8367650,8367650.json,3580,top10k,2422
1431371,1431371.json,3609,top10k,2422
8886471,8886471.json,3609,top10k,2422
6934572,6934572.json,3609,top10k,2422
1709265,1709265.json,3609,top10k,2422
962321,962321.json,3609,top10k,2422
6546583,6546583.json,3609,top10k,2422
1027286,1027286.json,3609,top10k,2422
2873160,2873160.json,3609,top10k,2422
794626,794626.json,3609,top10k,2422
6363393,6363393.json,3609,top10k,2422
5717241,5717241.json,3609,top10k,2422
5074419,5074419.json,3609,top10k,2422
132757,132757.json,3609,top10k,2422
2777864,2777864.json,3609,top10k,2422
4209629,4209629.json,3623,top10k,2422
515786,515786.json,3623,top10k,2422
3440119,3440119.json,3623,top10k,2422
3127852,3127852.json,3623,top10k,2422
6029551,6029551.json,3623,top10k,2422
706677,706677.json,3623,top10k,2422
3174083,3174083.json,3623,top10k,2422
62544,62544.json,3623,top10k,2422
1417152,1417152.json,3623,top10k,2422
108092,108092.json,3623,top10k,2422
7575687,7575687.json,3623,top10k,2422
5548359,5548359.json,3623,top10k,2422
6099234,6099234.json,3623,top10k,2422
2167687,2167687.json,3623,top10k,2422
3708868,3708868.json,3623,top10k,2422
2038950,2038950.json,3623,top10k,2422
5678580,5678580.json,3639,top10k,2422
45107,45107.json,3639,top10k,2422
390283,390283.json,3639,top10k,2422
13569,13569.json,3639,top10k,2422
7500997,7500997.json,3639,top10k,2422
6821876,6821876.json,3639,top10k,2422
7035298,7035298.json,3639,top10k,2422
6291620,6291620.json,3639,top10k,2422
5120066,5120066.json,3647,top10k,2422
4427,4427.json,3647,top10k,2422
151881,151881.json,3647,top10k,2422
1903246,1903246.json,3647,top10k,2422
12531,12531.json,3647,top10k,2422
7559210,7559210.json,3647,top10k,2422
44941,44941.json,3647,top10k,2422
3438132,3438132.json,3654,top10k,2422
8037389,8037389.json,3654,top10k,2422
36453,36453.json,3656,top10k,2422
2239055,2239055.json,3657,top10k,2422
102091,102091.json,3658,top10k,2422
2805393,2805393.json,3659,top10k,2422
8195084,8195084.json,3660,top10k,2422
37904,37904.json,3661,top10k,2421
676526,676526.json,3662,top10k,2421
671509,671509.json,3662,top10k,2421
3699120,3699120.json,3662,top10k,2421
3955857,3955857.json,3662,top10k,2421
2372094,2372094.json,3662,top10k,2421
883883,883883.json,3667,top10k,2421
7176685,7176685.json,3667,top10k,2421
409173,409173.json,3667,top10k,2421
5571848,5571848.json,3667,top10k,2421
1958142,1958142.json,3667,top10k,2421
1251157,1251157.json,3667,top10k,2421
1984548,1984548.json,3667,top10k,2421
1516269,1516269.json,3667,top10k,2421
67062,67062.json,3667,top10k,2421
2542008,2542008.json,3667,top10k,2421
261374,261374.json,3667,top10k,2421
5238398,5238398.json,3667,top10k,2421
7949763,7949763.json,3667,top10k,2421
7961841,7961841.json,3667,top10k,2421
2379570,2379570.json,3667,top10k,2421
32574,32574.json,3682,top10k,2421
5658495,5658495.json,3682,top10k,2421
139855,139855.json,3682,top10k,2421
460273,460273.json,3682,top10k,2421
7351711,7351711.json,3682,top10k,2421
9417908,9417908.json,3682,top10k,2421
13485,13485.json,3682,top10k,2421
1527620,1527620.json,3682,top10k,2421
2435533,2435533.json,3682,top10k,2421
5677248,5677248.json,3682,top10k,2421
2336145,2336145.json,3682,top10k,2421
71990,71990.json,3682,top10k,2421
7739923,7739923.json,3682,top10k,2421
5425331,5425331.json,3682,top10k,2421
4144163,4144163.json,3682,top10k,2421
1732,1732.json,3682,top10k,2421
750130,750130.json,3682,top10k,2421
6681462,6681462.json,3682,top10k,2421
2581927,2581927.json,3682,top10k,2421
3940647,3940647.json,3682,top10k,2421
380664,380664.json,3682,top10k,2421
1731057,1731057.json,3682,top10k,2421
5452606,5452606.json,3682,top10k,2421
59621,59621.json,3682,top10k,2421
7464257,7464257.json,3682,top10k,2421
8735871,8735871.json,3682,top10k,2421
7098997,7098997.json,3682,top10k,2421
5129064,5129064.json,3682,top10k,2421
781727,781727.json,3682,top10k,2421
780086,780086.json,3682,top10k,2421
800712,800712.json,3682,top10k,2421
3567985,3567985.json,3682,top10k,2421
704631,704631.json,3682,top10k,2421
7867884,7867884.json,3682,top10k,2421
9191314,9191314.json,3682,top10k,2421
159425,159425.json,3682,top10k,2421
78322,78322.json,3682,top10k,2421
653853,653853.json,3682,top10k,2421
267936,267936.json,3682,top10k,2421
69716,69716.json,3682,top10k,2421
1875792,1875792.json,3682,top10k,2421
107196,107196.json,3682,top10k,2421
7149703,7149703.json,3682,top10k,2421
1447217,1447217.json,3682,top10k,2421
293103,293103.json,3682,top10k,2421
3236198,3236198.json,3682,top10k,2421
2202981,2202981.json,3682,top10k,2421
308855,308855.json,3682,top10k,2421
321970,321970.json,3682,top10k,2421
1136709,1136709.json,3682,top10k,2421
5094896,5094896.json,3682,top10k,2421
3238924,3238924.json,3682,top10k,2421
3406937,3406937.json,3682,top10k,2421
32208,32208.json,3682,top10k,2421
99695,99695.json,3682,top10k,2421
2902315,2902315.json,3682,top10k,2421
4760568,4760568.json,3738,top10k,2421
145061,145061.json,3738,top10k,2421
2614889,2614889.json,3738,top10k,2421
578305,578305.json,3738,top10k,2421
5729812,5729812.json,3738,top10k,2421
542601,542601.json,3738,top10k,2421
3722207,3722207.json,3738,top10k,2421
14076,14076.json,3738,top10k,2421
1986772,1986772.json,3738,top10k,2421
7445810,7445810.json,3738,top10k,2421
7488980,7488980.json,3738,top10k,2421
75182,75182.json,3738,top10k,2421
2305176,2305176.json,3738,top10k,2421
231667,231667.json,3738,top10k,2421
394274,394274.json,3738,top10k,2421
446341,446341.json,3738,top10k,2421
2610552,2610552.json,3738,top10k,2421
6157818,6157818.json,3738,top10k,2421
2638911,2638911.json,3738,top10k,2421
3959717,3959717.json,3738,top10k,2421
114921,114921.json,3738,top10k,2421
116020,116020.json,3738,top10k,2421
2209907,2209907.json,3738,top10k,2421
1430878,1430878.json,3738,top10k,2421
7032536,7032536.json,3738,top10k,2421
109192,109192.json,3738,top10k,2421
619388,619388.json,3738,top10k,2421
4829904,4829904.json,3738,top10k,2421
4254,4254.json,3738,top10k,2421
5922267,5922267.json,3738,top10k,2421
1046190,1046190.json,3738,top10k,2421
3412506,3412506.json,3769,top10k,2421
8347396,8347396.json,3769,top10k,2421
4958226,4958226.json,3769,top10k,2421
1666938,1666938.json,3769,top10k,2421
2132659,2132659.json,3769,top10k,2421
79579,79579.json,3769,top10k,2421
1183437,1183437.json,3769,top10k,2421
522969,522969.json,3769,top10k,2421
3212250,3212250.json,3769,top10k,2421
618140,618140.json,3769,top10k,2421
3771679,3771679.json,3769,top10k,2421
1840337,1840337.json,3769,top10k,2421
62304,62304.json,3769,top10k,2421
2298972,2298972.json,3769,top10k,2421
22963,22963.json,3769,top10k,2421
5510903,5510903.json,3769,top10k,2421
89232,89232.json,3769,top10k,2421
596214,596214.json,3769,top10k,2421
5769987,5769987.json,3769,top10k,2421
2916333,2916333.json,3769,top10k,2421
140131,140131.json,3769,top10k,2421
599450,599450.json,3769,top10k,2421
572941,572941.json,3769,top10k,2421
13684,13684.json,3769,top10k,2421
7520363,7520363.json,3769,top10k,2421
380824,380824.json,3769,top10k,2421
5797253,5797253.json,3769,top10k,2421
119420,119420.json,3796,top10k,2421
120001,120001.json,3796,top10k,2421
3145226,3145226.json,3796,top10k,2421
806844,806844.json,3796,top10k,2421
846989,846989.json,3796,top10k,2421
265532,265532.json,3796,top10k,2421
1886687,1886687.json,3796,top10k,2421
78659,78659.json,3796,top10k,2421
3209558,3209558.json,3796,top10k,2421
9024700,9024700.json,3796,top10k,2421
56885,56885.json,3796,top10k,2421
1570296,1570296.json,3807,top10k,2421
4753426,4753426.json,3807,top10k,2421
7854594,7854594.json,3807,top10k,2421
52158,52158.json,3807,top10k,2421
160962,160962.json,3807,top10k,2421
797972,797972.json,3807,top10k,2421
6261610,6261610.json,3807,top10k,2421
8849057,8849057.json,3807,top10k,2421
734420,734420.json,3807,top10k,2421
8561010,8561010.json,3807,top10k,2421
5130741,5130741.json,3807,top10k,2421
2133648,2133648.json,3807,top10k,2421
340326,340326.json,3807,top10k,2421
487314,487314.json,3820,top10k,2421
921694,921694.json,3820,top10k,2421
7732360,7732360.json,3820,top10k,2421
6120090,6120090.json,3820,top10k,2421
2571657,2571657.json,3820,top10k,2421
96454,96454.json,3825,top10k,2421
631181,631181.json,3825,top10k,2421
382760,382760.json,3825,top10k,2421
3818639,3818639.json,3828,top10k,2421
4066589,4066589.json,3828,top10k,2421
3618824,3618824.json,3828,top10k,2421
30726,30726.json,3831,top10k,2421
88493,88493.json,3831,top10k,2421
32539,32539.json,3833,top10k,2421
8921407,8921407.json,3834,top10k,2421
1722839,1722839.json,3834,top10k,2421
6414399,6414399.json,3836,top10k,2421
1549491,1549491.json,3837,top10k,2421
4600567,4600567.json,3838,top10k,2421
5995041,5995041.json,3839,top10k,2420
3826351,3826351.json,3840,top10k,2420
4469648,4469648.json,3841,top10k,2420
7151818,7151818.json,3841,top10k,2420
6248328,6248328.json,3843,top10k,2420
3619814,3619814.json,3844,top10k,2420
345914,345914.json,3845,top10k,2420
1140690,1140690.json,3845,top10k,2420
4629826,4629826.json,3847,top10k,2420
7579152,7579152.json,3847,top10k,2420
1111595,1111595.json,3847,top10k,2420
422854,422854.json,3847,top10k,2420
150757,150757.json,3847,top10k,2420
4103890,4103890.json,3847,top10k,2420
45448,45448.json,3853,top10k,2420
1306476,1306476.json,3853,top10k,2420
5269476,5269476.json,3855,top10k,2420
3373920,3373920.json,3855,top10k,2420
264129,264129.json,3855,top10k,2420
462495,462495.json,3855,top10k,2420
722377,722377.json,3855,top10k,2420
3982503,3982503.json,3855,top10k,2420
2950639,2950639.json,3855,top10k,2420
254689,254689.json,3855,top10k,2420
654946,654946.json,3855,top10k,2420
4673455,4673455.json,3855,top10k,2420
5046821,5046821.json,3855,top10k,2420
6352669,6352669.json,3855,top10k,2420
3412628,3412628.json,3855,top10k,2420
2196242,2196242.json,3855,top10k,2420
2806859,2806859.json,3855,top10k,2420
767922,767922.json,3870,top10k,2420
7023782,7023782.json,3870,top10k,2420
415771,415771.json,3870,top10k,2420
7654072,7654072.json,3870,top10k,2420
1273707,1273707.json,3870,top10k,2420
1261554,1261554.json,3870,top10k,2420
4740667,4740667.json,3870,top10k,2420
1593044,1593044.json,3870,top10k,2420
355641,355641.json,3870,top10k,2420
4172645,4172645.json,3870,top10k,2420
3611829,3611829.json,3870,top10k,2420
1805040,1805040.json,3870,top10k,2420
8201506,8201506.json,3870,top10k,2420
21045,21045.json,3870,top10k,2420
835532,835532.json,3870,top10k,2420
4987484,4987484.json,3870,top10k,2420
5883831,5883831.json,3870,top10k,2420
2935233,2935233.json,3870,top10k,2420
33634,33634.json,3870,top10k,2420
2630910,2630910.json,3870,top10k,2420
44704,44704.json,3870,top10k,2420
5258684,5258684.json,3870,top10k,2420
321926,321926.json,3870,top10k,2420
5183746,5183746.json,3870,top10k,2420
35201,35201.json,3870,top10k,2420
8400374,8400374.json,3870,top10k,2420
3092915,3092915.json,3870,top10k,2420
3243972,3243972.json,3870,top10k,2420
2087779,2087779.json,3870,top10k,2420
799041,799041.json,3870,top10k,2420
4509760,4509760.json,3870,top10k,2420
6278180,6278180.json,3870,top10k,2420
3524323,3524323.json,3870,top10k,2420
851101,851101.json,3870,top10k,2420
340977,340977.json,3870,top10k,2420
329438,329438.json,3870,top10k,2420
2730941,2730941.json,3870,top10k,2420
714867,714867.json,3870,top10k,2420
4445006,4445006.json,3870,top10k,2420
383729,383729.json,3870,top10k,2420
5688931,5688931.json,3870,top10k,2420
724273,724273.json,3870,top10k,2420
4618635,4618635.json,3870,top10k,2420
925343,925343.json,3870,top10k,2420
3923707,3923707.json,3870,top10k,2420
102224,102224.json,3870,top10k,2420
7050647,7050647.json,3870,top10k,2420
7522365,7522365.json,3870,top10k,2420
23672,23672.json,3870,top10k,2420
3116332,3116332.json,3870,top10k,2420
84282,84282.json,3870,top10k,2420
2354452,2354452.json,3870,top10k,2420
3258773,3258773.json,3870,top10k,2420
7283964,7283964.json,3870,top10k,2420
481091,481091.json,3870,top10k,2420
1712522,1712522.json,3870,top10k,2420
1702954,1702954.json,3870,top10k,2420
3676498,3676498.json,3870,top10k,2420
774151,774151.json,3870,top10k,2420
18493,18493.json,3929,top10k,2420
606,606.json,3929,top10k,2420
14018,14018.json,3929,top10k,2420
916522,916522.json,3929,top10k,2420
585063,585063.json,3929,top10k,2420
8167628,8167628.json,3929,top10k,2420
2179442,2179442.json,3929,top10k,2420
1142513,1142513.json,3929,top10k,2420
10640,10640.json,3929,top10k,2420
2268056,2268056.json,3929,top10k,2420
198664,198664.json,3929,top10k,2420
6876606,6876606.json,3929,top10k,2420
575507,575507.json,3929,top10k,2420
7404630,7404630.json,3929,top10k,2420
471711,471711.json,3929,top10k,2420
9020401,9020401.json,3929,top10k,2420
4177920,4177920.json,3929,top10k,2420
9734,9734.json,3929,top10k,2420
3986247,3986247.json,3929,top10k,2420
728947,728947.json,3929,top10k,2420
298077,298077.json,3929,top10k,2420
7933743,7933743.json,3950,top10k,2420
9176758,9176758.json,3950,top10k,2420
2063658,2063658.json,3950,top10k,2420
31206,31206.json,3950,top10k,2420
4466254,4466254.json,3950,top10k,2420
63776,63776.json,3950,top10k,2420
982513,982513.json,3950,top10k,2420
2940717,2940717.json,3950,top10k,2420
117783,117783.json,3950,top10k,2420
206035,206035.json,3950,top10k,2420
3630097,3630097.json,3950,top10k,2420
12803,12803.json,3950,top10k,2420
1274592,1274592.json,3950,top10k,2420
5823,5823.json,3950,top10k,2420
256440,256440.json,3950,top10k,2420
2965905,2965905.json,3950,top10k,2420
1965466,1965466.json,3950,top10k,2420
3261421,3261421.json,3950,top10k,2420
6697876,6697876.json,3950,top10k,2420
2407753,2407753.json,3950,top10k,2420
8761,8761.json,3950,top10k,2420
1756825,1756825.json,3950,top10k,2420
99212,99212.json,3972,top10k,2420
200420,200420.json,3972,top10k,2420
32063,32063.json,3972,top10k,2420
404146,404146.json,3972,top10k,2420
469658,469658.json,3972,top10k,2420
4138322,4138322.json,3972,top10k,2420
1289947,1289947.json,3972,top10k,2420
3829946,3829946.json,3972,top10k,2420
2056674,2056674.json,3972,top10k,2420
557904,557904.json,3972,top10k,2420
482222,482222.json,3972,top10k,2420
961152,961152.json,3972,top10k,2420
3303629,3303629.json,3972,top10k,2420
5763884,5763884.json,3972,top10k,2420
4952230,4952230.json,3972,top10k,2420
4677189,4677189.json,3972,top10k,2420
2710582,2710582.json,3972,top10k,2420
9169544,9169544.json,3972,top10k,2420
21035,21035.json,3972,top10k,2420
625419,625419.json,3972,top10k,2420
412016,412016.json,3972,top10k,2420
708983,708983.json,3972,top10k,2420
102806,102806.json,3972,top10k,2420
7201781,7201781.json,3972,top10k,2420
2997911,2997911.json,3972,top10k,2420
572146,572146.json,3972,top10k,2420
547561,547561.json,3972,top10k,2420
1002052,1002052.json,3972,top10k,2420
553564,553564.json,4000,top10k,2420
4098880,4098880.json,4000,top10k,2420
612538,612538.json,4000,top10k,2420
6817027,6817027.json,4000,top10k,2420
44294,44294.json,4000,top10k,2420
130096,130096.json,4000,top10k,2420
3105752,3105752.json,4000,top10k,2420
211363,211363.json,4000,top10k,2420
1770957,1770957.json,4000,top10k,2420
3944153,3944153.json,4009,top10k,2420
35300,35300.json,4009,top10k,2420
4103238,4103238.json,4009,top10k,2420
35817,35817.json,4009,top10k,2420
13831,13831.json,4009,top10k,2420
94152,94152.json,4009,top10k,2420
3481486,3481486.json,4015,top10k,2420
7114344,7114344.json,4015,top10k,2420
12434,12434.json,4015,top10k,2420
8357341,8357341.json,4015,top10k,2420
2896591,2896591.json,4015,top10k,2420
4248829,4248829.json,4020,top10k,2420
4693920,4693920.json,4020,top10k,2420
5377389,5377389.json,4022,top10k,2420
1282462,1282462.json,4022,top10k,2420
327479,327479.json,4024,top10k,2420
1058349,1058349.json,4025,top10k,2420
4994364,4994364.json,4026,top10k,2420
2262419,2262419.json,4027,top10k,2420
2669231,2669231.json,4027,top10k,2420
182077,182077.json,4029,top10k,2420
703546,703546.json,4029,top10k,2420
770850,770850.json,4031,top10k,2420
4255716,4255716.json,4032,top10k,2419
7858716,7858716.json,4033,top10k,2419
1292470,1292470.json,4033,top10k,2419
283689,283689.json,4035,top10k,2419
9249950,9249950.json,4035,top10k,2419
1277043,1277043.json,4037,top10k,2419
2448637,2448637.json,4037,top10k,2419
1282649,1282649.json,4037,top10k,2419
4316289,4316289.json,4037,top10k,2419
8815251,8815251.json,4037,top10k,2419
8527990,8527990.json,4037,top10k,2419
90710,90710.json,4037,top10k,2419
3998298,3998298.json,4037,top10k,2419
1721669,1721669.json,4045,top10k,2419
8363582,8363582.json,4045,top10k,2419
40911,40911.json,4045,top10k,2419
935053,935053.json,4045,top10k,2419
7046936,7046936.json,4045,top10k,2419
1305269,1305269.json,4045,top10k,2419
6669852,6669852.json,4045,top10k,2419
6996653,6996653.json,4045,top10k,2419
3169006,3169006.json,4045,top10k,2419
14462,14462.json,4045,top10k,2419
6799475,6799475.json,4045,top10k,2419
3212737,3212737.json,4045,top10k,2419
2024256,2024256.json,4045,top10k,2419
5172,5172.json,4045,top10k,2419
2523874,2523874.json,4045,top10k,2419
8426070,8426070.json,4060,top10k,2419
6754522,6754522.json,4060,top10k,2419
712888,712888.json,4060,top10k,2419
5117635,5117635.json,4060,top10k,2419
75545,75545.json,4060,top10k,2419
368890,368890.json,4060,top10k,2419
1255801,1255801.json,4060,top10k,2419
6133308,6133308.json,4060,top10k,2419
865835,865835.json,4060,top10k,2419
708434,708434.json,4060,top10k,2419
8145265,8145265.json,4060,top10k,2419
2617051,2617051.json,4060,top10k,2419
3224608,3224608.json,4060,top10k,2419
1386803,1386803.json,4060,top10k,2419
25612,25612.json,4060,top10k,2419
248178,248178.json,4060,top10k,2419
1086288,1086288.json,4060,top10k,2419
77337,77337.json,4060,top10k,2419
41581,41581.json,4060,top10k,2419
157321,157321.json,4060,top10k,2419
1537503,1537503.json,4060,top10k,2419
2462869,2462869.json,4060,top10k,2419
4919672,4919672.json,4060,top10k,2419
7204026,7204026.json,4060,top10k,2419
138048,138048.json,4060,top10k,2419
936212,936212.json,4060,top10k,2419
2407920,2407920.json,4060,top10k,2419
5176791,5176791.json,4060,top10k,2419
722,722.json,4060,top10k,2419
1354157,1354157.json,4060,top10k,2419
5311303,5311303.json,4060,top10k,2419
7882096,7882096.json,4060,top10k,2419
66816,66816.json,4060,top10k,2419
7929055,7929055.json,4060,top10k,2419
6521884,6521884.json,4060,top10k,2419
2982376,2982376.json,4060,top10k,2419
27076,27076.json,4060,top10k,2419
109270,109270.json,4060,top10k,2419
622987,622987.json,4060,top10k,2419
1932462,1932462.json,4060,top10k,2419
10533,10533.json,4060,top10k,2419
3200903,3200903.json,4060,top10k,2419
3913621,3913621.json,4060,top10k,2419
5246654,5246654.json,4060,top10k,2419
447224,447224.json,4060,top10k,2419
175520,175520.json,4060,top10k,2419
5215609,5215609.json,4060,top10k,2419
35920,35920.json,4060,top10k,2419
4169636,4169636.json,4060,top10k,2419
1590636,1590636.json,4060,top10k,2419
70908,70908.json,4060,top10k,2419
187511,187511.json,4060,top10k,2419
298153,298153.json,4060,top10k,2419
2668054,2668054.json,4060,top10k,2419
5757517,5757517.json,4060,top10k,2419
2178662,2178662.json,4060,top10k,2419
6842605,6842605.json,4060,top10k,2419
4076192,4076192.json,4060,top10k,2419
102896,102896.json,4060,top10k,2419
757196,757196.json,4119,top10k,2419
1303700,1303700.json,4119,top10k,2419
6527491,6527491.json,4119,top10k,2419
5052056,5052056.json,4119,top10k,2419
235056,235056.json,4119,top10k,2419
7640615,7640615.json,4119,top10k,2419
5475410,5475410.json,4119,top10k,2419
4502230,4502230.json,4119,top10k,2419
2318729,2318729.json,4119,top10k,2419
3355070,3355070.json,4119,top10k,2419
5233123,5233123.json,4119,top10k,2419
3995524,3995524.json,4119,top10k,2419
5619336,5619336.json,4119,top10k,2419
306,306.json,4119,top10k,2419
2710333,2710333.json,4119,top10k,2419
82183,82183.json,4119,top10k,2419
4618333,4618333.json,4119,top10k,2419
5757836,5757836.json,4119,top10k,2419
2059393,2059393.json,4119,top10k,2419
1907241,1907241.json,4119,top10k,2419
8437400,8437400.json,4119,top10k,2419
6140708,6140708.json,4119,top10k,2419
1287276,1287276.json,4119,top10k,2419
86906,86906.json,4119,top10k,2419
1491379,1491379.json,4119,top10k,2419
3758627,3758627.json,4119,top10k,2419
1003084,1003084.json,4119,top10k,2419
291801,291801.json,4119,top10k,2419
2395548,2395548.json,4119,top10k,2419
2146064,2146064.json,4119,top10k,2419
164221,164221.json,4149,top10k,2419
4616802,4616802.json,4149,top10k,2419
6555419,6555419.json,4149,top10k,2419
100478,100478.json,4149,top10k,2419
186976,186976.json,4149,top10k,2419
6739641,6739641.json,4149,top10k,2419
219151,219151.json,4149,top10k,2419
90747,90747.json,4149,top10k,2419
133981,133981.json,4149,top10k,2419
2968704,2968704.json,4149,top10k,2419
1196509,1196509.json,4149,top10k,2419
1081482,1081482.json,4149,top10k,2419
2809164,2809164.json,4149,top10k,2419
4161932,4161932.json,4149,top10k,2419
167303,167303.json,4149,top10k,2419
587821,587821.json,4149,top10k,2419
4185537,4185537.json,4149,top10k,2419
2093154,2093154.json,4149,top10k,2419
2840924,2840924.json,4149,top10k,2419
65386,65386.json,4149,top10k,2419
308971,308971.json,4149,top10k,2419
5105718,5105718.json,4149,top10k,2419
530987,530987.json,4149,top10k,2419
198244,198244.json,4149,top10k,2419
641538,641538.json,4149,top10k,2419
1453665,1453665.json,4149,top10k,2419
569266,569266.json,4149,top10k,2419
23248,23248.json,4176,top10k,2419
2050519,2050519.json,4176,top10k,2419
267166,267166.json,4176,top10k,2419
8299947,8299947.json,4176,top10k,2419
556856,556856.json,4176,top10k,2419
13484,13484.json,4176,top10k,2419
560729,560729.json,4176,top10k,2419
45872,45872.json,4176,top10k,2419
185891,185891.json,4176,top10k,2419
2550383,2550383.json,4176,top10k,2419
910826,910826.json,4186,top10k,2419
54957,54957.json,4186,top10k,2419
1659110,1659110.json,4186,top10k,2419
1230750,1230750.json,4186,top10k,2419
2802490,2802490.json,4186,top10k,2419
230864,230864.json,4186,top10k,2419
5347870,5347870.json,4186,top10k,2419
128539,128539.json,4186,top10k,2419
2536423,2536423.json,4186,top10k,2419
5706,5706.json,4195,top10k,2419
45220,45220.json,4195,top10k,2419
2161441,2161441.json,4195,top10k,2419
6061407,6061407.json,4198,top10k,2419
119969,119969.json,4198,top10k,2419
4944640,4944640.json,4198,top10k,2419
581752,581752.json,4198,top10k,2419
4983132,4983132.json,4198,top10k,2419
5029593,5029593.json,4198,top10k,2419
285662,285662.json,4204,top10k,2419
2654837,2654837.json,4204,top10k,2419
852340,852340.json,4206,top10k,2419
3215021,3215021.json,4206,top10k,2419
38558,38558.json,4208,top10k,2419
12284,12284.json,4209,top10k,2419
2078803,2078803.json,4209,top10k,2419
485822,485822.json,4209,top10k,2419
294872,294872.json,4212,top10k,2419
1653836,1653836.json,4213,top10k,2419
3099310,3099310.json,4214,top10k,2419
3749202,3749202.json,4214,top10k,2419
910893,910893.json,4216,top10k,2419
5558149,5558149.json,4217,top10k,2419
7932812,7932812.json,4218,top10k,2418
9214494,9214494.json,4219,top10k,2418
9155809,9155809.json,4220,top10k,2418
4456701,4456701.json,4221,top10k,2418
7637944,7637944.json,4221,top10k,2418
4887552,4887552.json,4223,top10k,2418
9185022,9185022.json,4224,top10k,2418
2483695,2483695.json,4225,top10k,2418
3046531,3046531.json,4225,top10k,2418
6995110,6995110.json,4225,top10k,2418
1139387,1139387.json,4225,top10k,2418
1445466,1445466.json,4225,top10k,2418
7016802,7016802.json,4225,top10k,2418
4960372,4960372.json,4231,top10k,2418
8004182,8004182.json,4231,top10k,2418
6432210,6432210.json,4231,top10k,2418
398693,398693.json,4231,top10k,2418
5066445,5066445.json,4231,top10k,2418
28111,28111.json,4231,top10k,2418
356343,356343.json,4231,top10k,2418
4530770,4530770.json,4231,top10k,2418
4714592,4714592.json,4231,top10k,2418
6937972,6937972.json,4231,top10k,2418
85306,85306.json,4231,top10k,2418
5909515,5909515.json,4231,top10k,2418
1906356,1906356.json,4243,top10k,2418
1879336,1879336.json,4243,top10k,2418
29374,29374.json,4243,top10k,2418
3297401,3297401.json,4243,top10k,2418
7343368,7343368.json,4243,top10k,2418
182674,182674.json,4243,top10k,2418
2086520,2086520.json,4243,top10k,2418
880004,880004.json,4243,top10k,2418
699982,699982.json,4243,top10k,2418
1686,1686.json,4243,top10k,2418
5810632,5810632.json,4243,top10k,2418
7831295,7831295.json,4243,top10k,2418
2490991,2490991.json,4243,top10k,2418
4822698,4822698.json,4243,top10k,2418
1707663,1707663.json,4243,top10k,2418
69553,69553.json,4243,top10k,2418
401975,401975.json,4243,top10k,2418
2702791,2702791.json,4243,top10k,2418
4216840,4216840.json,4243,top10k,2418
3252265,3252265.json,4243,top10k,2418
6177636,6177636.json,4243,top10k,2418
744292,744292.json,4243,top10k,2418
1616,1616.json,4243,top10k,2418
59428,59428.json,4243,top10k,2418
2028630,2028630.json,4243,top10k,2418
108680,108680.json,4243,top10k,2418
2299308,2299308.json,4243,top10k,2418
204100,204100.json,4243,top10k,2418
8980059,8980059.json,4243,top10k,2418
460965,460965.json,4243,top10k,2418
4130200,4130200.json,4243,top10k,2418
2883053,2883053.json,4243,top10k,2418
1784,1784.json,4243,top10k,2418
123735,123735.json,4243,top10k,2418
4421456,4421456.json,4243,top10k,2418
1449191,1449191.json,4243,top10k,2418
881540,881540.json,4243,top10k,2418
1274973,1274973.json,4243,top10k,2418
902887,902887.json,4243,top10k,2418
49747,49747.json,4243,top10k,2418
104846,104846.json,4243,top10k,2418
3518977,3518977.json,4243,top10k,2418
5681164,5681164.json,4243,top10k,2418
459598,459598.json,4243,top10k,2418
4715098,4715098.json,4243,top10k,2418
5517735,5517735.json,4243,top10k,2418
22745,22745.json,4243,top10k,2418
9330216,9330216.json,4243,top10k,2418
4467356,4467356.json,4243,top10k,2418
54857,54857.json,4243,top10k,2418
1256316,1256316.json,4243,top10k,2418
1267995,1267995.json,4243,top10k,2418
331887,331887.json,4243,top10k,2418
6236,6236.json,4243,top10k,2418
649895,649895.json,4243,top10k,2418
4456070,4456070.json,4243,top10k,2418
1848501,1848501.json,4243,top10k,2418
557763,557763.json,4243,top10k,2418
737034,737034.json,4243,top10k,2418
6835063,6835063.json,4243,top10k,2418
1112040,1112040.json,4243,top10k,2418
1842020,1842020.json,4243,top10k,2418
710132,710132.json,4243,top10k,2418
4702959,4702959.json,4306,top10k,2418
615163,615163.json,4306,top10k,2418
1305578,1305578.json,4306,top10k,2418
44576,44576.json,4306,top10k,2418
4251854,4251854.json,4306,top10k,2418
1210,1210.json,4306,top10k,2418
2695355,2695355.json,4306,top10k,2418
1741817,1741817.json,4306,top10k,2418
108183,108183.json,4306,top10k,2418
942019,942019.json,4306,top10k,2418
3141986,3141986.json,4306,top10k,2418
1430174,1430174.json,4306,top10k,2418
1346713,1346713.json,4306,top10k,2418
338727,338727.json,4306,top10k,2418
7644488,7644488.json,4306,top10k,2418
8264301,8264301.json,4306,top10k,2418
445699,445699.json,4306,top10k,2418
440604,440604.json,4306,top10k,2418
53238,53238.json,4306,top10k,2418
1596028,1596028.json,4306,top10k,2418
4776820,4776820.json,4306,top10k,2418
7522557,7522557.json,4306,top10k,2418
142173,142173.json,4306,top10k,2418
2017836,2017836.json,4306,top10k,2418
4166442,4166442.json,4306,top10k,2418
125770,125770.json,4306,top10k,2418
4760234,4760234.json,4306,top10k,2418
6591818,6591818.json,4306,top10k,2418
4960966,4960966.json,4306,top10k,2418
8324936,8324936.json,4306,top10k,2418
3532457,3532457.json,4306,top10k,2418
826934,826934.json,4306,top10k,2418
177881,177881.json,4306,top10k,2418
3649548,3649548.json,4306,top10k,2418
4990461,4990461.json,4340,top10k,2418
973845,973845.json,4340,top10k,2418
3149743,3149743.json,4340,top10k,2418
2895450,2895450.json,4340,top10k,2418
1912035,1912035.json,4340,top10k,2418
742795,742795.json,4340,top10k,2418
3818684,3818684.json,4340,top10k,2418
7553049,7553049.json,4340,top10k,2418
492898,492898.json,4340,top10k,2418
5925998,5925998.json,4340,top10k,2418
2293993,2293993.json,4340,top10k,2418
3345880,3345880.json,4340,top10k,2418
4444241,4444241.json,4340,top10k,2418
15414,15414.json,4340,top10k,2418
10678,10678.json,4340,top10k,2418
1225264,1225264.json,4340,top10k,2418
869559,869559.json,4340,top10k,2418
949853,949853.json,4340,top10k,2418
53272,53272.json,4340,top10k,2418
836790,836790.json,4340,top10k,2418
3719777,3719777.json,4340,top10k,2418
7047298,7047298.json,4340,top10k,2418
401436,401436.json,4340,top10k,2418
2627,2627.json,4340,top10k,2418
1686122,1686122.json,4340,top10k,2418
283048,283048.json,4340,top10k,2418
449501,449501.json,4366,top10k,2418
149544,149544.json,4366,top10k,2418
1924461,1924461.json,4366,top10k,2418
5603520,5603520.json,4366,top10k,2418
5566514,5566514.json,4366,top10k,2418
80559,80559.json,4366,top10k,2418
906180,906180.json,4366,top10k,2418
238001,238001.json,4366,top10k,2418
3366272,3366272.json,4366,top10k,2418
4196213,4196213.json,4366,top10k,2418
1236057,1236057.json,4366,top10k,2418
7098959,7098959.json,4366,top10k,2418
6945827,6945827.json,4366,top10k,2418
3151620,3151620.json,4366,top10k,2418
2271722,2271722.json,4366,top10k,2418
2510947,2510947.json,4366,top10k,2418
1647077,1647077.json,4366,top10k,2418
8384574,8384574.json,4366,top10k,2418
6880033,6880033.json,4366,top10k,2418
143311,143311.json,4385,top10k,2418
1119360,1119360.json,4385,top10k,2418
5576900,5576900.json,4385,top10k,2418
401270,401270.json,4385,top10k,2418
627126,627126.json,4385,top10k,2418
7359646,7359646.json,4385,top10k,2418
9172403,9172403.json,4385,top10k,2418
2569065,2569065.json,4385,top10k,2418
629085,629085.json,4385,top10k,2418
5544904,5544904.json,4385,top10k,2418
4784571,4784571.json,4385,top10k,2418
31178,31178.json,4385,top10k,2418
138992,138992.json,4397,top10k,2418
2172977,2172977.json,4397,top10k,2418
3534353,3534353.json,4397,top10k,2418
8093147,8093147.json,4397,top10k,2418
1994792,1994792.json,4401,top10k,2418
7772670,7772670.json,4401,top10k,2418
2949029,2949029.json,4401,top10k,2418
2575203,2575203.json,4404,top10k,2418
8283536,8283536.json,4404,top10k,2418
154855,154855.json,4404,top10k,2418
31374,31374.json,4407,top10k,2418
2549960,2549960.json,4407,top10k,2418
2235534,2235534.json,4409,top10k,2418
653279,653279.json,4409,top10k,2418
3423476,3423476.json,4409,top10k,2418
4354255,4354255.json,4409,top10k,2418
4845768,4845768.json,4413,top10k,2418
4396407,4396407.json,4414,top10k,2418
4649692,4649692.json,4415,top10k,2417
5073919,5073919.json,4416,top10k,2417
1022690,1022690.json,4416,top10k,2417
5077616,5077616.json,4418,top10k,2417
6675872,6675872.json,4419,top10k,2417
4022625,4022625.json,4419,top10k,2417
2107681,2107681.json,4419,top10k,2417
8198796,8198796.json,4419,top10k,2417
1483350,1483350.json,4419,top10k,2417
4884360,4884360.json,4419,top10k,2417
8286631,8286631.json,4419,top10k,2417
280600,280600.json,4426,top10k,2417
1739754,1739754.json,4426,top10k,2417
6053893,6053893.json,4426,top10k,2417
3042518,3042518.json,4426,top10k,2417
563134,563134.json,4426,top10k,2417
94243,94243.json,4426,top10k,2417
792975,792975.json,4426,top10k,2417
2379097,2379097.json,4426,top10k,2417
709068,709068.json,4426,top10k,2417
3841206,3841206.json,4426,top10k,2417
345979,345979.json,4426,top10k,2417
9244167,9244167.json,4426,top10k,2417
7476728,7476728.json,4426,top10k,2417
1152712,1152712.json,4426,top10k,2417
6733649,6733649.json,4426,top10k,2417
226709,226709.json,4426,top10k,2417
8419,8419.json,4442,top10k,2417
98416,98416.json,4442,top10k,2417
25006,25006.json,4442,top10k,2417
1603184,1603184.json,4442,top10k,2417
1060386,1060386.json,4442,top10k,2417
9654,9654.json,4442,top10k,2417
6934180,6934180.json,4442,top10k,2417
1527517,1527517.json,4442,top10k,2417
4111,4111.json,4442,top10k,2417
96616,96616.json,4442,top10k,2417
5005372,5005372.json,4442,top10k,2417
3234364,3234364.json,4442,top10k,2417
39860,39860.json,4442,top10k,2417
41397,41397.json,4442,top10k,2417
4666251,4666251.json,4442,top10k,2417
8115728,8115728.json,4442,top10k,2417
176845,176845.json,4442,top10k,2417
805543,805543.json,4442,top10k,2417
352510,352510.json,4442,top10k,2417
3678560,3678560.json,4442,top10k,2417
8143802,8143802.json,4442,top10k,2417
578757,578757.json,4442,top10k,2417
318592,318592.json,4442,top10k,2417
927341,927341.json,4442,top10k,2417
2451313,2451313.json,4442,top10k,2417
1054014,1054014.json,4442,top10k,2417
3017600,3017600.json,4442,top10k,2417
225529,225529.json,4442,top10k,2417
1369547,1369547.json,4442,top10k,2417
131729,131729.json,4442,top10k,2417
4392603,4392603.json,4442,top10k,2417
650608,650608.json,4442,top10k,2417
510272,510272.json,4442,top10k,2417
1259405,1259405.json,4442,top10k,2417
1376485,1376485.json,4442,top10k,2417
5506278,5506278.json,4442,top10k,2417
2189139,2189139.json,4442,top10k,2417
1223604,1223604.json,4442,top10k,2417
5003607,5003607.json,4442,top10k,2417
1113307,1113307.json,4442,top10k,2417
545744,545744.json,4442,top10k,2417
104680,104680.json,4442,top10k,2417
4401513,4401513.json,4442,top10k,2417
22858,22858.json,4442,top10k,2417
1328956,1328956.json,4442,top10k,2417
10825,10825.json,4442,top10k,2417
5456771,5456771.json,4442,top10k,2417
3320827,3320827.json,4442,top10k,2417
3707444,3707444.json,4442,top10k,2417
15615,15615.json,4442,top10k,2417
4768669,4768669.json,4442,top10k,2417
4784035,4784035.json,4442,top10k,2417
6096678,6096678.json,4442,top10k,2417
7168566,7168566.json,4442,top10k,2417
679727,679727.json,4442,top10k,2417
7502,7502.json,4442,top10k,2417
878889,878889.json,4442,top10k,2417
796323,796323.json,4442,top10k,2417
3818481,3818481.json,4442,top10k,2417
1925580,1925580.json,4442,top10k,2417
1333783,1333783.json,4442,top10k,2417
93626,93626.json,4442,top10k,2417
4468741,4468741.json,4442,top10k,2417
257809,257809.json,4442,top10k,2417
7577064,7577064.json,4442,top10k,2417
3122159,3122159.json,4442,top10k,2417
948965,948965.json,4442,top10k,2417
3012190,3012190.json,4509,top10k,2417
6849650,6849650.json,4509,top10k,2417
2378,2378.json,4509,top10k,2417
7158,7158.json,4509,top10k,2417
656565,656565.json,4509,top10k,2417
1015788,1015788.json,4509,top10k,2417
952314,952314.json,4509,top10k,2417
563522,563522.json,4509,top10k,2417
6368204,6368204.json,4509,top10k,2417
564478,564478.json,4509,top10k,2417
9275447,9275447.json,4509,top10k,2417
3535350,3535350.json,4509,top10k,2417
36216,36216.json,4509,top10k,2417
4427061,4427061.json,4509,top10k,2417
144962,144962.json,4509,top10k,2417
1584408,1584408.json,4509,top10k,2417
5607286,5607286.json,4509,top10k,2417
5763439,5763439.json,4509,top10k,2417
8325179,8325179.json,4509,top10k,2417
2174718,2174718.json,4509,top10k,2417
4880923,4880923.json,4509,top10k,2417
1017876,1017876.json,4509,top10k,2417
2200697,2200697.json,4509,top10k,2417
151757,151757.json,4509,top10k,2417
11787,11787.json,4509,top10k,2417
951931,951931.json,4509,top10k,2417
65792,65792.json,4509,top10k,2417
3308170,3308170.json,4509,top10k,2417
159810,159810.json,4509,top10k,2417
6470856,6470856.json,4509,top10k,2417
21445,21445.json,4509,top10k,2417
2779236,2779236.json,4509,top10k,2417
7458767,7458767.json,4509,top10k,2417
5358026,5358026.json,4509,top10k,2417
374180,374180.json,4509,top10k,2417
111634,111634.json,4509,top10k,2417
4976509,4976509.json,4509,top10k,2417
1112629,1112629.json,4546,top10k,2417
8349552,8349552.json,4546,top10k,2417
1556981,1556981.json,4546,top10k,2417
154651,154651.json,4546,top10k,2417
3173459,3173459.json,4546,top10k,2417
1931434,1931434.json,4546,top10k,2417
600696,600696.json,4546,top10k,2417
1965691,1965691.json,4546,top10k,2417
14266,14266.json,4546,top10k,2417
2292728,2292728.json,4546,top10k,2417
1891040,1891040.json,4546,top10k,2417
7802325,7802325.json,4546,top10k,2417
8197232,8197232.json,4546,top10k,2417
4493940,4493940.json,4546,top10k,2417
33861,33861.json,4546,top10k,2417
13497,13497.json,4546,top10k,2417
37153,37153.json,4546,top10k,2417
4850420,4850420.json,4546,top10k,2417
7841096,7841096.json,4546,top10k,2417
569364,569364.json,4546,top10k,2417
7381244,7381244.json,4546,top10k,2417
1675417,1675417.json,4546,top10k,2417
1676647,1676647.json,4546,top10k,2417
139087,139087.json,4546,top10k,2417
6403242,6403242.json,4546,top10k,2417
779701,779701.json,4546,top10k,2417
1388631,1388631.json,4546,top10k,2417
5669395,5669395.json,4546,top10k,2417
2001892,2001892.json,4546,top10k,2417
398090,398090.json,4546,top10k,2417
4666798,4666798.json,4546,top10k,2417
614,614.json,4546,top10k,2417
5188623,5188623.json,4546,top10k,2417
5059505,5059505.json,4546,top10k,2417
242393,242393.json,4546,top10k,2417
5602363,5602363.json,4546,top10k,2417
4085567,4085567.json,4546,top10k,2417
4137406,4137406.json,4583,top10k,2417
752179,752179.json,4583,top10k,2417
496171,496171.json,4583,top10k,2417
3339485,3339485.json,4583,top10k,2417
1072274,1072274.json,4583,top10k,2417
1229550,1229550.json,4583,top10k,2417
7176967,7176967.json,4583,top10k,2417
462000,462000.json,4583,top10k,2417
580142,580142.json,4583,top10k,2417
155983,155983.json,4583,top10k,2417
5911998,5911998.json,4583,top10k,2417
6987914,6987914.json,4583,top10k,2417
152700,152700.json,4583,top10k,2417
4373384,4373384.json,4583,top10k,2417
993278,993278.json,4583,top10k,2417
3170310,3170310.json,4583,top10k,2417
2212852,2212852.json,4583,top10k,2417
22894,22894.json,4583,top10k,2417
7659907,7659907.json,4601,top10k,2417
3458286,3458286.json,4601,top10k,2417
1129866,1129866.json,4601,top10k,2417
6250099,6250099.json,4601,top10k,2417
42046,42046.json,4601,top10k,2417
8466280,8466280.json,4601,top10k,2417
664433,664433.json,4601,top10k,2417
5367791,5367791.json,4601,top10k,2417
3603555,3603555.json,4601,top10k,2417
633185,633185.json,4601,top10k,2417
972855,972855.json,4601,top10k,2417
391427,391427.json,4601,top10k,2417
5777936,5777936.json,4601,top10k,2417
1726299,1726299.json,4601,top10k,2417
2880004,2880004.json,4615,top10k,2417
1300908,1300908.json,4615,top10k,2417
3219376,3219376.json,4615,top10k,2417
680070,680070.json,4615,top10k,2417
420884,420884.json,4615,top10k,2417
9230865,9230865.json,4615,top10k,2417
8355835,8355835.json,4615,top10k,2417
457451,457451.json,4615,top10k,2417
28315,28315.json,4615,top10k,2417
2680429,2680429.json,4624,top10k,2417
20028,20028.json,4624,top10k,2417
5668721,5668721.json,4624,top10k,2417
2652900,2652900.json,4624,top10k,2417
189019,189019.json,4624,top10k,2417
498561,498561.json,4624,top10k,2417
122029,122029.json,4624,top10k,2417
3953,3953.json,4631,top10k,2417
6421338,6421338.json,4631,top10k,2417
578893,578893.json,4631,top10k,2417
3729,3729.json,4631,top10k,2417
17503,17503.json,4635,top10k,2417
35127,35127.json,4635,top10k,2417
9477121,9477121.json,4637,top10k,2417
37898,37898.json,4638,top10k,2417
4090563,4090563.json,4638,top10k,2417
6397971,6397971.json,4640,top10k,2417
2078102,2078102.json,4641,top10k,2416
3759440,3759440.json,4642,top10k,2416
5320362,5320362.json,4642,top10k,2416
69651,69651.json,4644,top10k,2416
4349683,4349683.json,4644,top10k,2416
5196188,5196188.json,4644,top10k,2416
4705129,4705129.json,4647,top10k,2416
4240944,4240944.json,4647,top10k,2416
298820,298820.json,4647,top10k,2416
255873,255873.json,4647,top10k,2416
4343444,4343444.json,4647,top10k,2416
5757880,5757880.json,4647,top10k,2416
594717,594717.json,4647,top10k,2416
4514033,4514033.json,4647,top10k,2416
7015703,7015703.json,4647,top10k,2416
4539698,4539698.json,4647,top10k,2416
826701,826701.json,4647,top10k,2416
7801464,7801464.json,4658,top10k,2416
103204,103204.json,4658,top10k,2416
9118136,9118136.json,4658,top10k,2416
638,638.json,4658,top10k,2416
4219821,4219821.json,4658,top10k,2416
641526,641526.json,4658,top10k,2416
463671,463671.json,4658,top10k,2416
155338,155338.json,4658,top10k,2416
612479,612479.json,4658,top10k,2416
11214,11214.json,4658,top10k,2416
18211,18211.json,4658,top10k,2416
4419980,4419980.json,4658,top10k,2416
8700767,8700767.json,4658,top10k,2416
1012901,1012901.json,4658,top10k,2416
5283888,5283888.json,4658,top10k,2416
3668820,3668820.json,4658,top10k,2416
6271828,6271828.json,4658,top10k,2416
298809,298809.json,4658,top10k,2416
7981532,7981532.json,4658,top10k,2416
22141,22141.json,4658,top10k,2416
726196,726196.json,4658,top10k,2416
728537,728537.json,4658,top10k,2416
1953351,1953351.json,4658,top10k,2416
7839,7839.json,4658,top10k,2416
6517608,6517608.json,4658,top10k,2416
2567017,2567017.json,4658,top10k,2416
5560410,5560410.json,4658,top10k,2416
6116707,6116707.json,4658,top10k,2416
5842430,5842430.json,4658,top10k,2416
3766799,3766799.json,4658,top10k,2416
7534,7534.json,4658,top10k,2416
8660865,8660865.json,4658,top10k,2416
4124424,4124424.json,4658,top10k,2416
5753867,5753867.json,4658,top10k,2416
1898599,1898599.json,4658,top10k,2416
6438196,6438196.json,4658,top10k,2416
658637,658637.json,4658,top10k,2416
2951149,2951149.json,4658,top10k,2416
126770,126770.json,4658,top10k,2416
86142,86142.json,4658,top10k,2416
270169,270169.json,4658,top10k,2416
29017,29017.json,4658,top10k,2416
8290,8290.json,4658,top10k,2416
9459840,9459840.json,4658,top10k,2416
6674644,6674644.json,4658,top10k,2416
255809,255809.json,4658,top10k,2416
197836,197836.json,4658,top10k,2416
5492789,5492789.json,4658,top10k,2416
2501302,2501302.json,4658,top10k,2416
3417,3417.json,4658,top10k,2416
5598372,5598372.json,4658,top10k,2416
701040,701040.json,4658,top10k,2416
6043439,6043439.json,4658,top10k,2416
7629045,7629045.json,4658,top10k,2416
3025,3025.json,4658,top10k,2416
1871295,1871295.json,4713,top10k,2416
587025,587025.json,4713,top10k,2416
1111781,1111781.json,4713,top10k,2416
3434660,3434660.json,4713,top10k,2416
1271401,1271401.json,4713,top10k,2416
41610,41610.json,4713,top10k,2416
738351,738351.json,4713,top10k,2416
36122,36122.json,4713,top10k,2416
2052,2052.json,4713,top10k,2416
2965108,2965108.json,4713,top10k,2416
1077983,1077983.json,4713,top10k,2416
4166445,4166445.json,4713,top10k,2416
2687496,2687496.json,4713,top10k,2416
739663,739663.json,4713,top10k,2416
3374226,3374226.json,4713,top10k,2416
20494,20494.json,4713,top10k,2416
60699,60699.json,4713,top10k,2416
4122757,4122757.json,4713,top10k,2416
2379411,2379411.json,4713,top10k,2416
1039879,1039879.json,4713,top10k,2416
31272,31272.json,4713,top10k,2416
143226,143226.json,4713,top10k,2416
349841,349841.json,4713,top10k,2416
9371675,9371675.json,4713,top10k,2416
7088103,7088103.json,4713,top10k,2416
2996883,2996883.json,4713,top10k,2416
279537,279537.json,4713,top10k,2416
1030090,1030090.json,4713,top10k,2416
4163815,4163815.json,4713,top10k,2416
24845,24845.json,4713,top10k,2416
5800947,5800947.json,4713,top10k,2416
106332,106332.json,4713,top10k,2416
104944,104944.json,4713,top10k,2416
24881,24881.json,4713,top10k,2416
1634680,1634680.json,4713,top10k,2416
1289211,1289211.json,4713,top10k,2416
4664524,4664524.json,4713,top10k,2416
69269,69269.json,4713,top10k,2416
19718,19718.json,4713,top10k,2416
8954732,8954732.json,4713,top10k,2416
134345,134345.json,4713,top10k,2416
68019,68019.json,4713,top10k,2416
5145427,5145427.json,4713,top10k,2416
3114485,3114485.json,4713,top10k,2416
6429198,6429198.json,4713,top10k,2416
3724,3724.json,4713,top10k,2416
1987196,1987196.json,4713,top10k,2416
1562136,1562136.json,4713,top10k,2416
3639820,3639820.json,4761,top10k,2416
3526873,3526873.json,4761,top10k,2416
190225,190225.json,4761,top10k,2416
7209396,7209396.json,4761,top10k,2416
7224822,7224822.json,4761,top10k,2416
5861727,5861727.json,4761,top10k,2416
29941,29941.json,4761,top10k,2416
4363373,4363373.json,4761,top10k,2416
7757991,7757991.json,4761,top10k,2416
4440084,4440084.json,4761,top10k,2416
4950773,4950773.json,4761,top10k,2416
214633,214633.json,4761,top10k,2416
2655164,2655164.json,4761,top10k,2416
1661139,1661139.json,4761,top10k,2416
1330300,1330300.json,4761,top10k,2416
5163911,5163911.json,4761,top10k,2416
14986,14986.json,4761,top10k,2416
2509660,2509660.json,4761,top10k,2416
8661758,8661758.json,4761,top10k,2416
6916772,6916772.json,4761,top10k,2416
247351,247351.json,4761,top10k,2416
466562,466562.json,4761,top10k,2416
127786,127786.json,4761,top10k,2416
178615,178615.json,4761,top10k,2416
7655037,7655037.json,4761,top10k,2416
32205,32205.json,4761,top10k,2416
175944,175944.json,4787,top10k,2416
3311922,3311922.json,4787,top10k,2416
1728709,1728709.json,4787,top10k,2416
2868995,2868995.json,4787,top10k,2416
4598,4598.json,4787,top10k,2416
454554,454554.json,4787,top10k,2416
2106,2106.json,4787,top10k,2416
80784,80784.json,4787,top10k,2416
4924266,4924266.json,4787,top10k,2416
7845127,7845127.json,4787,top10k,2416
958999,958999.json,4787,top10k,2416
781549,781549.json,4787,top10k,2416
1097,1097.json,4787,top10k,2416
199875,199875.json,4787,top10k,2416
303703,303703.json,4787,top10k,2416
4263101,4263101.json,4787,top10k,2416
273410,273410.json,4787,top10k,2416
3156076,3156076.json,4787,top10k,2416
2289715,2289715.json,4787,top10k,2416
1886804,1886804.json,4787,top10k,2416
374165,374165.json,4787,top10k,2416
1528721,1528721.json,4787,top10k,2416
1967090,1967090.json,4787,top10k,2416
5373151,5373151.json,4787,top10k,2416
3482456,3482456.json,4787,top10k,2416
455821,455821.json,4812,top10k,2416
666818,666818.json,4812,top10k,2416
4294920,4294920.json,4812,top10k,2416
4163115,4163115.json,4812,top10k,2416
121551,121551.json,4812,top10k,2416
3558895,3558895.json,4812,top10k,2416
342204,342204.json,4812,top10k,2416
74782,74782.json,4812,top10k,2416
5431012,5431012.json,4812,top10k,2416
2077914,2077914.json,4812,top10k,2416
4693275,4693275.json,4822,top10k,2416
6930947,6930947.json,4822,top10k,2416
6162856,6162856.json,4822,top10k,2416
80417,80417.json,4822,top10k,2416
6774762,6774762.json,4826,top10k,2416
5154256,5154256.json,4826,top10k,2416
2469226,2469226.json,4826,top10k,2416
17704,17704.json,4826,top10k,2416
18285,18285.json,4826,top10k,2416
1631061,1631061.json,4826,top10k,2416
1668964,1668964.json,4826,top10k,2416
1325045,1325045.json,4833,top10k,2416
80249,80249.json,4833,top10k,2416
173847,173847.json,4833,top10k,2416
40122,40122.json,4833,top10k,2416
30622,30622.json,4837,top10k,2416
1976582,1976582.json,4837,top10k,2416
5050798,5050798.json,4837,top10k,2416
1576321,1576321.json,4840,top10k,2416
66448,66448.json,4840,top10k,2416
431856,431856.json,4840,top10k,2416
7081427,7081427.json,4843,top10k,2416
278924,278924.json,4843,top10k,2416
157757,157757.json,4845,top10k,2416
8352151,8352151.json,4846,top10k,2415
7024920,7024920.json,4847,top10k,2415
10171089,10171089.json,4848,top10k,2415
8694944,8694944.json,4848,top10k,2415
4659430,4659430.json,4850,top10k,2415
5391589,5391589.json,4850,top10k,2415
4027377,4027377.json,4852,top10k,2415
388365,388365.json,4852,top10k,2415
6071156,6071156.json,4852,top10k,2415
2575437,2575437.json,4852,top10k,2415
688661,688661.json,4852,top10k,2415
6966196,6966196.json,4852,top10k,2415
2547698,2547698.json,4852,top10k,2415
6427257,6427257.json,4859,top10k,2415
3636722,3636722.json,4859,top10k,2415
1031356,1031356.json,4859,top10k,2415
9235415,9235415.json,4859,top10k,2415
749572,749572.json,4859,top10k,2415
4142413,4142413.json,4859,top10k,2415
7590933,7590933.json,4859,top10k,2415
7042253,7042253.json,4859,top10k,2415
163180,163180.json,4859,top10k,2415
5503881,5503881.json,4859,top10k,2415
1438013,1438013.json,4869,top10k,2415
4647935,4647935.json,4869,top10k,2415
4024660,4024660.json,4869,top10k,2415
531734,531734.json,4869,top10k,2415
1163387,1163387.json,4869,top10k,2415
54702,54702.json,4869,top10k,2415
5002076,5002076.json,4869,top10k,2415
5766742,5766742.json,4869,top10k,2415
1775126,1775126.json,4869,top10k,2415
288,288.json,4869,top10k,2415
3518331,3518331.json,4869,top10k,2415
1474063,1474063.json,4869,top10k,2415
617471,617471.json,4869,top10k,2415
2595026,2595026.json,4869,top10k,2415
77939,77939.json,4869,top10k,2415
7211298,7211298.json,4869,top10k,2415
4686822,4686822.json,4869,top10k,2415
3713316,3713316.json,4869,top10k,2415
204788,204788.json,4869,top10k,2415
8765394,8765394.json,4869,top10k,2415
4909370,4909370.json,4869,top10k,2415
3373295,3373295.json,4869,top10k,2415
2364093,2364093.json,4869,top10k,2415
9592,9592.json,4869,top10k,2415
973480,973480.json,4869,top10k,2415
8975059,8975059.json,4869,top10k,2415
1532004,1532004.json,4869,top10k,2415
6187228,6187228.json,4869,top10k,2415
3375255,3375255.json,4869,top10k,2415
71308,71308.json,4869,top10k,2415
887648,887648.json,4869,top10k,2415
2695731,2695731.json,4869,top10k,2415
3204647,3204647.json,4869,top10k,2415
2815782,2815782.json,4869,top10k,2415
6044448,6044448.json,4869,top10k,2415
1908374,1908374.json,4869,top10k,2415
5857891,5857891.json,4869,top10k,2415
1204,1204.json,4869,top10k,2415
3266126,3266126.json,4869,top10k,2415
3973,3973.json,4869,top10k,2415
6830138,6830138.json,4869,top10k,2415
18253,18253.json,4869,top10k,2415
989062,989062.json,4869,top10k,2415
2922628,2922628.json,4869,top10k,2415
842752,842752.json,4869,top10k,2415
423729,423729.json,4869,top10k,2415
1652,1652.json,4869,top10k,2415
1447265,1447265.json,4869,top10k,2415
4381895,4381895.json,4869,top10k,2415
8150543,8150543.json,4869,top10k,2415
3510585,3510585.json,4869,top10k,2415
7692480,7692480.json,4869,top10k,2415
1801588,1801588.json,4869,top10k,2415
42243,42243.json,4869,top10k,2415
954236,954236.json,4869,top10k,2415
295769,295769.json,4869,top10k,2415
1302199,1302199.json,4925,top10k,2415
8399748,8399748.json,4925,top10k,2415
87012,87012.json,4925,top10k,2415
815213,815213.json,4925,top10k,2415
279630,279630.json,4925,top10k,2415
1217111,1217111.json,4925,top10k,2415
17742,17742.json,4925,top10k,2415
378047,378047.json,4925,top10k,2415
1426819,1426819.json,4925,top10k,2415
2243996,2243996.json,4925,top10k,2415
2196939,2196939.json,4925,top10k,2415
1590760,1590760.json,4925,top10k,2415
2685189,2685189.json,4925,top10k,2415
9400265,9400265.json,4925,top10k,2415
21977,21977.json,4925,top10k,2415
2187902,2187902.json,4925,top10k,2415
6490210,6490210.json,4925,top10k,2415
7317910,7317910.json,4925,top10k,2415
4386497,4386497.json,4925,top10k,2415
9194163,9194163.json,4925,top10k,2415
1971492,1971492.json,4925,top10k,2415
2622021,2622021.json,4925,top10k,2415
4655636,4655636.json,4925,top10k,2415
874225,874225.json,4925,top10k,2415
4096364,4096364.json,4925,top10k,2415
530899,530899.json,4925,top10k,2415
79841,79841.json,4925,top10k,2415
5073835,5073835.json,4925,top10k,2415
208351,208351.json,4925,top10k,2415
4840223,4840223.json,4925,top10k,2415
3934304,3934304.json,4925,top10k,2415
1357835,1357835.json,4925,top10k,2415
5842011,5842011.json,4925,top10k,2415
933837,933837.json,4925,top10k,2415
6072899,6072899.json,4925,top10k,2415
33681,33681.json,4925,top10k,2415
2686594,2686594.json,4925,top10k,2415
3302343,3302343.json,4925,top10k,2415
1218893,1218893.json,4925,top10k,2415
318752,318752.json,4925,top10k,2415
121359,121359.json,4925,top10k,2415
71998,71998.json,4925,top10k,2415
25250,25250.json,4925,top10k,2415
3822692,3822692.json,4968,top10k,2415
1752066,1752066.json,4968,top10k,2415
8407359,8407359.json,4968,top10k,2415
121514,121514.json,4968,top10k,2415
2203544,2203544.json,4968,top10k,2415
48319,48319.json,4968,top10k,2415
3543813,3543813.json,4968,top10k,2415
4322955,4322955.json,4968,top10k,2415
609975,609975.json,4968,top10k,2415
4506723,4506723.json,4968,top10k,2415
6977370,6977370.json,4968,top10k,2415
8278325,8278325.json,4968,top10k,2415
15970,15970.json,4968,top10k,2415
2355390,2355390.json,4968,top10k,2415
413736,413736.json,4968,top10k,2415
55079,55079.json,4968,top10k,2415
577603,577603.json,4968,top10k,2415
391005,391005.json,4968,top10k,2415
51228,51228.json,4968,top10k,2415
2403179,2403179.json,4968,top10k,2415
934724,934724.json,4968,top10k,2415
105603,105603.json,4968,top10k,2415
710524,710524.json,4968,top10k,2415
3343143,3343143.json,4968,top10k,2415
1476224,1476224.json,4968,top10k,2415
4701604,4701604.json,4968,top10k,2415
2518090,2518090.json,4968,top10k,2415
5576741,5576741.json,4968,top10k,2415
18518,18518.json,4968,top10k,2415
8822724,8822724.json,4997,top10k,2415
223745,223745.json,4997,top10k,2415
3646589,3646589.json,4997,top10k,2415
951026,951026.json,4997,top10k,2415
911949,911949.json,4997,top10k,2415
4096,4096.json,4997,top10k,2415
8231015,8231015.json,4997,top10k,2415
19436,19436.json,4997,top10k,2415
969039,969039.json,4997,top10k,2415
1514255,1514255.json,4997,top10k,2415
1021967,1021967.json,4997,top10k,2415
1534908,1534908.json,4997,top10k,2415
5328141,5328141.json,4997,top10k,2415
44562,44562.json,4997,top10k,2415
500591,500591.json,4997,top10k,2415
978111,978111.json,4997,top10k,2415
29704,29704.json,4997,top10k,2415
471767,471767.json,4997,top10k,2415
423359,423359.json,5015,top10k,2415
1028732,1028732.json,5015,top10k,2415
853243,853243.json,5015,top10k,2415
3847595,3847595.json,5015,top10k,2415
1328113,1328113.json,5015,top10k,2415
3795270,3795270.json,5015,top10k,2415
137568,137568.json,5015,top10k,2415
105512,105512.json,5015,top10k,2415
565703,565703.json,5015,top10k,2415
1297086,1297086.json,5015,top10k,2415
9310991,9310991.json,5015,top10k,2415
1305261,1305261.json,5015,top10k,2415
43100,43100.json,5015,top10k,2415
1972791,1972791.json,5015,top10k,2415
616723,616723.json,5015,top10k,2415
476301,476301.json,5015,top10k,2415
206850,206850.json,5015,top10k,2415
7323290,7323290.json,5015,top10k,2415
500687,500687.json,5033,top10k,2415
124697,124697.json,5033,top10k,2415
1700625,1700625.json,5033,top10k,2415
957726,957726.json,5033,top10k,2415
1269072,1269072.json,5033,top10k,2415
5596192,5596192.json,5033,top10k,2415
3961729,3961729.json,5039,top10k,2415
4880931,4880931.json,5039,top10k,2415
5866255,5866255.json,5039,top10k,2415
45090,45090.json,5042,top10k,2415
2254894,2254894.json,5042,top10k,2415
1024576,1024576.json,5042,top10k,2415
73778,73778.json,5042,top10k,2415
2248051,2248051.json,5046,top10k,2415
2537135,2537135.json,5047,top10k,2415
350755,350755.json,5047,top10k,2415
167637,167637.json,5049,top10k,2415
366012,366012.json,5050,top10k,2415
20102,20102.json,5051,top10k,2415
575817,575817.json,5052,top10k,2414
930658,930658.json,5053,top10k,2414
3819567,3819567.json,5053,top10k,2414
26362,26362.json,5055,top10k,2414
2871939,2871939.json,5055,top10k,2414
4034811,4034811.json,5055,top10k,2414
5787794,5787794.json,5055,top10k,2414
2402449,2402449.json,5059,top10k,2414
1605290,1605290.json,5059,top10k,2414
4041002,4041002.json,5059,top10k,2414
5429413,5429413.json,5059,top10k,2414
3814395,3814395.json,5059,top10k,2414
499605,499605.json,5059,top10k,2414
3045040,3045040.json,5059,top10k,2414
6595621,6595621.json,5059,top10k,2414
2454528,2454528.json,5059,top10k,2414
4334778,4334778.json,5059,top10k,2414
6812471,6812471.json,5059,top10k,2414
4524629,4524629.json,5059,top10k,2414
14522,14522.json,5071,top10k,2414
99595,99595.json,5071,top10k,2414
1160512,1160512.json,5071,top10k,2414
990619,990619.json,5071,top10k,2414
1459646,1459646.json,5071,top10k,2414
8601047,8601047.json,5071,top10k,2414
166449,166449.json,5071,top10k,2414
5477892,5477892.json,5071,top10k,2414
762212,762212.json,5071,top10k,2414
3849535,3849535.json,5071,top10k,2414
6339094,6339094.json,5071,top10k,2414
6329363,6329363.json,5071,top10k,2414
7785841,7785841.json,5071,top10k,2414
197524,197524.json,5071,top10k,2414
6369382,6369382.json,5071,top10k,2414
163323,163323.json,5071,top10k,2414
1109029,1109029.json,5071,top10k,2414
4788252,4788252.json,5071,top10k,2414
7182,7182.json,5071,top10k,2414
4212157,4212157.json,5071,top10k,2414
352028,352028.json,5071,top10k,2414
743623,743623.json,5071,top10k,2414
321959,321959.json,5071,top10k,2414
1046100,1046100.json,5071,top10k,2414
538691,538691.json,5071,top10k,2414
3671921,3671921.json,5071,top10k,2414
2473031,2473031.json,5071,top10k,2414
641865,641865.json,5071,top10k,2414
7163284,7163284.json,5071,top10k,2414
4600839,4600839.json,5071,top10k,2414
773424,773424.json,5071,top10k,2414
2475959,2475959.json,5071,top10k,2414
1103,1103.json,5071,top10k,2414
1603681,1603681.json,5071,top10k,2414
4305532,4305532.json,5071,top10k,2414
6215275,6215275.json,5071,top10k,2414
20617,20617.json,5071,top10k,2414
2547175,2547175.json,5071,top10k,2414
2543963,2543963.json,5071,top10k,2414
3298544,3298544.json,5071,top10k,2414
9323447,9323447.json,5071,top10k,2414
6023261,6023261.json,5071,top10k,2414
61676,61676.json,5071,top10k,2414
1864935,1864935.json,5071,top10k,2414
3762724,3762724.json,5071,top10k,2414
6575042,6575042.json,5071,top10k,2414
307785,307785.json,5071,top10k,2414
4614253,4614253.json,5071,top10k,2414
5574993,5574993.json,5071,top10k,2414
56104,56104.json,5071,top10k,2414
208730,208730.json,5071,top10k,2414
3143,3143.json,5071,top10k,2414
1100912,1100912.json,5071,top10k,2414
1534,1534.json,5071,top10k,2414
89596,89596.json,5071,top10k,2414
1086569,1086569.json,5071,top10k,2414
6691259,6691259.json,5071,top10k,2414
11399,11399.json,5071,top10k,2414
1251371,1251371.json,5071,top10k,2414
855010,855010.json,5071,top10k,2414
3140961,3140961.json,5071,top10k,2414
2765333,2765333.json,5071,top10k,2414
3551488,3551488.json,5071,top10k,2414
402021,402021.json,5071,top10k,2414
5009333,5009333.json,5071,top10k,2414
128597,128597.json,5136,top10k,2414
1920962,1920962.json,5136,top10k,2414
2010615,2010615.json,5136,top10k,2414
551,551.json,5136,top10k,2414
489268,489268.json,5136,top10k,2414
455128,455128.json,5136,top10k,2414
4250417,4250417.json,5136,top10k,2414
5414125,5414125.json,5136,top10k,2414
628290,628290.json,5136,top10k,2414
2210071,2210071.json,5136,top10k,2414
73477,73477.json,5136,top10k,2414
52171,52171.json,5136,top10k,2414
7962491,7962491.json,5136,top10k,2414
1253647,1253647.json,5136,top10k,2414
602799,602799.json,5136,top10k,2414
364267,364267.json,5136,top10k,2414
8828029,8828029.json,5136,top10k,2414
4205035,4205035.json,5136,top10k,2414
6140093,6140093.json,5136,top10k,2414
3333333,3333333.json,5136,top10k,2414
1086095,1086095.json,5136,top10k,2414
31496,31496.json,5136,top10k,2414
1108882,1108882.json,5136,top10k,2414
5195217,5195217.json,5136,top10k,2414
6652156,6652156.json,5136,top10k,2414
4127261,4127261.json,5136,top10k,2414
1290478,1290478.json,5136,top10k,2414
4592301,4592301.json,5136,top10k,2414
4129463,4129463.json,5136,top10k,2414
524995,524995.json,5136,top10k,2414
1177534,1177534.json,5136,top10k,2414
17386,17386.json,5136,top10k,2414
831322,831322.json,5136,top10k,2414
41769,41769.json,5136,top10k,2414
563801,563801.json,5136,top10k,2414
8718370,8718370.json,5136,top10k,2414
79398,79398.json,5136,top10k,2414
2813706,2813706.json,5136,top10k,2414
2988720,2988720.json,5136,top10k,2414
4682148,4682148.json,5136,top10k,2414
247479,247479.json,5136,top10k,2414
4477595,4477595.json,5136,top10k,2414
847082,847082.json,5136,top10k,2414
836764,836764.json,5136,top10k,2414
109359,109359.json,5136,top10k,2414
567402,567402.json,5136,top10k,2414
4019643,4019643.json,5136,top10k,2414
7044379,7044379.json,5136,top10k,2414
1456260,1456260.json,5136,top10k,2414
190,190.json,5185,top10k,2414
1211210,1211210.json,5185,top10k,2414
227092,227092.json,5185,top10k,2414
9619643,9619643.json,5185,top10k,2414
8779706,8779706.json,5185,top10k,2414
576374,576374.json,5185,top10k,2414
3313220,3313220.json,5185,top10k,2414
4160665,4160665.json,5185,top10k,2414
26136,26136.json,5185,top10k,2414
7214308,7214308.json,5185,top10k,2414
91023,91023.json,5185,top10k,2414
2995993,2995993.json,5185,top10k,2414
435959,435959.json,5185,top10k,2414
6702657,6702657.json,5185,top10k,2414
3529654,3529654.json,5185,top10k,2414
6194157,6194157.json,5185,top10k,2414
187315,187315.json,5185,top10k,2414
8634,8634.json,5185,top10k,2414
195987,195987.json,5185,top10k,2414
921058,921058.json,5185,top10k,2414
2056106,2056106.json,5185,top10k,2414
60890,60890.json,5185,top10k,2414
137445,137445.json,5185,top10k,2414
9120054,9120054.json,5185,top10k,2414
261010,261010.json,5185,top10k,2414
6293435,6293435.json,5210,top10k,2414
2554030,2554030.json,5210,top10k,2414
5841979,5841979.json,5210,top10k,2414
45724,45724.json,5210,top10k,2414
17436,17436.json,5210,top10k,2414
2525979,2525979.json,5210,top10k,2414
1644987,1644987.json,5210,top10k,2414
9133217,9133217.json,5210,top10k,2414
4765168,4765168.json,5210,top10k,2414
2914038,2914038.json,5210,top10k,2414
6312401,6312401.json,5210,top10k,2414
539023,539023.json,5210,top10k,2414
7305916,7305916.json,5210,top10k,2414
6353116,6353116.json,5210,top10k,2414
571415,571415.json,5224,top10k,2414
7764134,7764134.json,5224,top10k,2414
7895479,7895479.json,5224,top10k,2414
7893566,7893566.json,5224,top10k,2414
1925636,1925636.json,5224,top10k,2414
7568300,7568300.json,5224,top10k,2414
183359,183359.json,5224,top10k,2414
2096709,2096709.json,5224,top10k,2414
766394,766394.json,5224,top10k,2414
5291558,5291558.json,5224,top10k,2414
4779350,4779350.json,5224,top10k,2414
5207536,5207536.json,5224,top10k,2414
494878,494878.json,5224,top10k,2414
6669783,6669783.json,5224,top10k,2414
2766345,2766345.json,5238,top10k,2414
7020100,7020100.json,5238,top10k,2414
152260,152260.json,5238,top10k,2414
1052020,1052020.json,5238,top10k,2414
5790458,5790458.json,5238,top10k,2414
291095,291095.json,5238,top10k,2414
5944859,5944859.json,5238,top10k,2414
1604921,1604921.json,5238,top10k,2414
2607615,2607615.json,5238,top10k,2414
141749,141749.json,5238,top10k,2414
555319,555319.json,5248,top10k,2414
4487918,4487918.json,5248,top10k,2414
3838889,3838889.json,5248,top10k,2414
4569737,4569737.json,5248,top10k,2414
1924502,1924502.json,5248,top10k,2414
670428,670428.json,5248,top10k,2414
6137738,6137738.json,5248,top10k,2414
3437920,3437920.json,5255,top10k,2414
323018,323018.json,5255,top10k,2414
466597,466597.json,5257,top10k,2414
4046214,4046214.json,5257,top10k,2414
7675424,7675424.json,5259,top10k,2414
3314962,3314962.json,5259,top10k,2414
5798808,5798808.json,5261,top10k,2414
796962,796962.json,5261,top10k,2414
4178934,4178934.json,5263,top10k,2414
579556,579556.json,5264,top10k,2414
2692658,2692658.json,5265,top10k,2414
237986,237986.json,5266,top10k,2413
7848145,7848145.json,5266,top10k,2413
8310420,8310420.json,5266,top10k,2413
608049,608049.json,5269,top10k,2413
451095,451095.json,5269,top10k,2413
8960158,8960158.json,5269,top10k,2413
847322,847322.json,5272,top10k,2413
7138729,7138729.json,5272,top10k,2413
256182,256182.json,5272,top10k,2413
292393,292393.json,5272,top10k,2413
4322736,4322736.json,5272,top10k,2413
7502508,7502508.json,5272,top10k,2413
5186313,5186313.json,5272,top10k,2413
3090636,3090636.json,5272,top10k,2413
4811903,4811903.json,5280,top10k,2413
4160641,4160641.json,5280,top10k,2413
33826,33826.json,5280,top10k,2413
3136699,3136699.json,5280,top10k,2413
2062934,2062934.json,5280,top10k,2413
8369652,8369652.json,5280,top10k,2413
7563108,7563108.json,5280,top10k,2413
5789833,5789833.json,5280,top10k,2413
1418196,1418196.json,5280,top10k,2413
7560540,7560540.json,5280,top10k,2413
9310866,9310866.json,5290,top10k,2413
4644436,4644436.json,5290,top10k,2413
885456,885456.json,5290,top10k,2413
1577022,1577022.json,5290,top10k,2413
470213,470213.json,5290,top10k,2413
7934,7934.json,5290,top10k,2413
65097,65097.json,5290,top10k,2413
128091,128091.json,5290,top10k,2413
742911,742911.json,5290,top10k,2413
601029,601029.json,5290,top10k,2413
17058,17058.json,5290,top10k,2413
296106,296106.json,5290,top10k,2413
2061178,2061178.json,5290,top10k,2413
8117,8117.json,5290,top10k,2413
124019,124019.json,5290,top10k,2413
90667,90667.json,5290,top10k,2413
5484900,5484900.json,5290,top10k,2413
139008,139008.json,5290,top10k,2413
53549,53549.json,5290,top10k,2413
2256005,2256005.json,5290,top10k,2413
810494,810494.json,5290,top10k,2413
1931097,1931097.json,5290,top10k,2413
1074,1074.json,5290,top10k,2413
3200805,3200805.json,5290,top10k,2413
3363486,3363486.json,5290,top10k,2413
838803,838803.json,5290,top10k,2413
4217105,4217105.json,5290,top10k,2413
9229874,9229874.json,5290,top10k,2413
4389939,4389939.json,5290,top10k,2413
3257596,3257596.json,5290,top10k,2413
4637841,4637841.json,5290,top10k,2413
3567511,3567511.json,5290,top10k,2413
138218,138218.json,5290,top10k,2413
334093,334093.json,5290,top10k,2413
86649,86649.json,5290,top10k,2413
1403191,1403191.json,5290,top10k,2413
714771,714771.json,5290,top10k,2413
8569992,8569992.json,5290,top10k,2413
214937,214937.json,5290,top10k,2413
2104620,2104620.json,5290,top10k,2413
4912084,4912084.json,5290,top10k,2413
142132,142132.json,5290,top10k,2413
2582254,2582254.json,5290,top10k,2413
1831286,1831286.json,5290,top10k,2413
2832,2832.json,5290,top10k,2413
3474972,3474972.json,5290,top10k,2413
2877784,2877784.json,5290,top10k,2413
817796,817796.json,5290,top10k,2413
8247917,8247917.json,5290,top10k,2413
3435073,3435073.json,5290,top10k,2413
7776859,7776859.json,5290,top10k,2413
4350137,4350137.json,5290,top10k,2413
6695227,6695227.json,5290,top10k,2413
595306,595306.json,5290,top10k,2413
3626011,3626011.json,5290,top10k,2413
11921,11921.json,5290,top10k,2413
282466,282466.json,5290,top10k,2413
9147,9147.json,5290,top10k,2413
608759,608759.json,5290,top10k,2413
634305,634305.json,5290,top10k,2413
167371,167371.json,5290,top10k,2413
1518,1518.json,5290,top10k,2413
5806076,5806076.json,5290,top10k,2413
81465,81465.json,5290,top10k,2413
2109741,2109741.json,5290,top10k,2413
1822742,1822742.json,5290,top10k,2413
5072528,5072528.json,5356,top10k,2413
495396,495396.json,5356,top10k,2413
7721712,7721712.json,5356,top10k,2413
1843804,1843804.json,5356,top10k,2413
1927,1927.json,5356,top10k,2413
64409,64409.json,5356,top10k,2413
3916897,3916897.json,5356,top10k,2413
398624,398624.json,5356,top10k,2413
51552,51552.json,5356,top10k,2413
6636666,6636666.json,5356,top10k,2413
6626,6626.json,5356,top10k,2413
4456571,4456571.json,5356,top10k,2413
4172779,4172779.json,5356,top10k,2413
9016478,9016478.json,5356,top10k,2413
37788,37788.json,5356,top10k,2413
5297818,5297818.json,5356,top10k,2413
1243265,1243265.json,5356,top10k,2413
2664957,2664957.json,5356,top10k,2413
5321383,5321383.json,5356,top10k,2413
204273,204273.json,5356,top10k,2413
212,212.json,5356,top10k,2413
899512,899512.json,5356,top10k,2413
4403823,4403823.json,5356,top10k,2413
766908,766908.json,5356,top10k,2413
8454946,8454946.json,5356,top10k,2413
154027,154027.json,5356,top10k,2413
46561,46561.json,5356,top10k,2413
2723516,2723516.json,5356,top10k,2413
1158631,1158631.json,5356,top10k,2413
1980353,1980353.json,5356,top10k,2413
2687889,2687889.json,5356,top10k,2413
2364107,2364107.json,5356,top10k,2413
1524199,1524199.json,5356,top10k,2413
426316,426316.json,5356,top10k,2413
2365229,2365229.json,5356,top10k,2413
4445225,4445225.json,5356,top10k,2413
54124,54124.json,5356,top10k,2413
1073096,1073096.json,5356,top10k,2413
82921,82921.json,5356,top10k,2413
1957116,1957116.json,5356,top10k,2413
82280,82280.json,5356,top10k,2413
5067,5067.json,5356,top10k,2413
613229,613229.json,5356,top10k,2413
128108,128108.json,5356,top10k,2413
122993,122993.json,5400,top10k,2413
8140577,8140577.json,5400,top10k,2413
9032910,9032910.json,5400,top10k,2413
8867327,8867327.json,5400,top10k,2413
2783198,2783198.json,5400,top10k,2413
3731494,3731494.json,5400,top10k,2413
1380878,1380878.json,5400,top10k,2413
2018787,2018787.json,5400,top10k,2413
1127990,1127990.json,5400,top10k,2413
2401959,2401959.json,5400,top10k,2413
413303,413303.json,5400,top10k,2413
416415,416415.json,5400,top10k,2413
8412029,8412029.json,5400,top10k,2413
717083,717083.json,5400,top10k,2413
2668442,2668442.json,5400,top10k,2413
3719852,3719852.json,5400,top10k,2413
1564314,1564314.json,5400,top10k,2413
6602652,6602652.json,5400,top10k,2413
2230642,2230642.json,5400,top10k,2413
3440798,3440798.json,5400,top10k,2413
13306,13306.json,5400,top10k,2413
615296,615296.json,5400,top10k,2413
765900,765900.json,5400,top10k,2413
142750,142750.json,5400,top10k,2413
32747,32747.json,5400,top10k,2413
611954,611954.json,5400,top10k,2413
13285,13285.json,5400,top10k,2413
4534392,4534392.json,5400,top10k,2413
802002,802002.json,5400,top10k,2413
862583,862583.json,5400,top10k,2413
1529771,1529771.json,5400,top10k,2413
557307,557307.json,5400,top10k,2413
3574745,3574745.json,5400,top10k,2413
917844,917844.json,5400,top10k,2413
280776,280776.json,5434,top10k,2413
7329655,7329655.json,5434,top10k,2413
1560370,1560370.json,5434,top10k,2413
1345377,1345377.json,5434,top10k,2413
5325316,5325316.json,5434,top10k,2413
361324,361324.json,5434,top10k,2413
2736706,2736706.json,5434,top10k,2413
885001,885001.json,5434,top10k,2413
6376878,6376878.json,5434,top10k,2413
9926769,9926769.json,5434,top10k,2413
5471612,5471612.json,5434,top10k,2413
8046117,8046117.json,5434,top10k,2413
2331472,2331472.json,5434,top10k,2413
4527215,4527215.json,5434,top10k,2413
437891,437891.json,5434,top10k,2413
6685681,6685681.json,5434,top10k,2413
5593112,5593112.json,5434,top10k,2413
7520629,7520629.json,5434,top10k,2413
92426,92426.json,5434,top10k,2413
1861304,1861304.json,5434,top10k,2413
3442461,3442461.json,5434,top10k,2413
7454283,7454283.json,5434,top10k,2413
878065,878065.json,5434,top10k,2413
5076077,5076077.json,5434,top10k,2413
4779276,4779276.json,5434,top10k,2413
541250,541250.json,5459,top10k,2413
471424,471424.json,5459,top10k,2413
88976,88976.json,5459,top10k,2413
622143,622143.json,5459,top10k,2413
3848903,3848903.json,5459,top10k,2413
95775,95775.json,5459,top10k,2413
55765,55765.json,5459,top10k,2413
313993,313993.json,5459,top10k,2413
3348235,3348235.json,5459,top10k,2413
98162,98162.json,5459,top10k,2413
233040,233040.json,5459,top10k,2413
4139319,4139319.json,5470,top10k,2413
833482,833482.json,5470,top10k,2413
180517,180517.json,5470,top10k,2413
5834593,5834593.json,5470,top10k,2413
8140225,8140225.json,5470,top10k,2413
38402,38402.json,5470,top10k,2413
111663,111663.json,5470,top10k,2413
2359673,2359673.json,5470,top10k,2413
2385347,2385347.json,5478,top10k,2413
1912336,1912336.json,5478,top10k,2413
1359889,1359889.json,5478,top10k,2413
1585153,1585153.json,5478,top10k,2413
2054507,2054507.json,5478,top10k,2413
7201549,7201549.json,5483,top10k,2413
7994209,7994209.json,5483,top10k,2413
1376853,1376853.json,5483,top10k,2413
3333606,3333606.json,5483,top10k,2413
1181532,1181532.json,5483,top10k,2413
109477,109477.json,5483,top10k,2413
4951925,4951925.json,5483,top10k,2413
4820917,4820917.json,5483,top10k,2413
2244815,2244815.json,5491,top10k,2413
7757843,7757843.json,5491,top10k,2413
3012756,3012756.json,5491,top10k,2413
1220899,1220899.json,5494,top10k,2413
9000752,9000752.json,5495,top10k,2413
7291093,7291093.json,5495,top10k,2413
3269893,3269893.json,5495,top10k,2413
16926,16926.json,5498,top10k,2413
1343728,1343728.json,5498,top10k,2413
3706706,3706706.json,5500,top10k,2413
5148985,5148985.json,5501,top10k,2412
1304056,1304056.json,5502,top10k,2412
84021,84021.json,5502,top10k,2412
4762031,4762031.json,5504,top10k,2412
5609472,5609472.json,5504,top10k,2412
452219,452219.json,5504,top10k,2412
3028330,3028330.json,5504,top10k,2412
5628309,5628309.json,5504,top10k,2412
1704368,1704368.json,5509,top10k,2412
3829895,3829895.json,5509,top10k,2412
566834,566834.json,5509,top10k,2412
2263781,2263781.json,5512,top10k,2412
8228043,8228043.json,5512,top10k,2412
5730264,5730264.json,5512,top10k,2412
1668286,1668286.json,5512,top10k,2412
4981302,4981302.json,5512,top10k,2412
4758412,4758412.json,5512,top10k,2412
1755562,1755562.json,5512,top10k,2412
4905191,4905191.json,5512,top10k,2412
770167,770167.json,5512,top10k,2412
5195281,5195281.json,5512,top10k,2412
14792,14792.json,5512,top10k,2412
1779626,1779626.json,5512,top10k,2412
41747,41747.json,5512,top10k,2412
4313436,4313436.json,5512,top10k,2412
3286590,3286590.json,5512,top10k,2412
234740,234740.json,5512,top10k,2412
707373,707373.json,5512,top10k,2412
860379,860379.json,5512,top10k,2412
6149420,6149420.json,5530,top10k,2412
4858904,4858904.json,5530,top10k,2412
463809,463809.json,5530,top10k,2412
3449553,3449553.json,5530,top10k,2412
3453770,3453770.json,5530,top10k,2412
955649,955649.json,5530,top10k,2412
6539582,6539582.json,5530,top10k,2412
23084,23084.json,5530,top10k,2412
2558294,2558294.json,5530,top10k,2412
170922,170922.json,5530,top10k,2412
576782,576782.json,5530,top10k,2412
72921,72921.json,5530,top10k,2412
7139711,7139711.json,5530,top10k,2412
771842,771842.json,5530,top10k,2412
9456975,9456975.json,5530,top10k,2412
943811,943811.json,5530,top10k,2412
1207797,1207797.json,5530,top10k,2412
5348832,5348832.json,5530,top10k,2412
120605,120605.json,5530,top10k,2412
1303115,1303115.json,5530,top10k,2412
1384242,1384242.json,5530,top10k,2412
3788,3788.json,5530,top10k,2412
7743671,7743671.json,5530,top10k,2412
7838702,7838702.json,5530,top10k,2412
63905,63905.json,5530,top10k,2412
4713335,4713335.json,5530,top10k,2412
104665,104665.json,5530,top10k,2412
916342,916342.json,5530,top10k,2412
7739370,7739370.json,5530,top10k,2412
5723,5723.json,5530,top10k,2412
83668,83668.json,5530,top10k,2412
7010524,7010524.json,5530,top10k,2412
995,995.json,5530,top10k,2412
1828797,1828797.json,5530,top10k,2412
5086583,5086583.json,5530,top10k,2412
2506450,2506450.json,5530,top10k,2412
6375071,6375071.json,5530,top10k,2412
2291783,2291783.json,5530,top10k,2412
4455065,4455065.json,5530,top10k,2412
3254742,3254742.json,5530,top10k,2412
9065022,9065022.json,5530,top10k,2412
6184713,6184713.json,5530,top10k,2412
1408854,1408854.json,5530,top10k,2412
1854895,1854895.json,5530,top10k,2412
6160737,6160737.json,5530,top10k,2412
2368166,2368166.json,5530,top10k,2412
8289067,8289067.json,5530,top10k,2412
57905,57905.json,5530,top10k,2412
9276527,9276527.json,5530,top10k,2412
283382,283382.json,5530,top10k,2412
8631209,8631209.json,5530,top10k,2412
1277037,1277037.json,5530,top10k,2412
184325,184325.json,5530,top10k,2412
5809608,5809608.json,5530,top10k,2412
6050322,6050322.json,5530,top10k,2412
28231,28231.json,5530,top10k,2412
315318,315318.json,5530,top10k,2412
467137,467137.json,5530,top10k,2412
5207882,5207882.json,5530,top10k,2412
3081440,3081440.json,5530,top10k,2412
6130072,6130072.json,5530,top10k,2412
2306999,2306999.json,5530,top10k,2412
698754,698754.json,5530,top10k,2412
14778,14778.json,5530,top10k,2412
707848,707848.json,5530,top10k,2412
1505145,1505145.json,5530,top10k,2412
1157079,1157079.json,5530,top10k,2412
709092,709092.json,5530,top10k,2412
8577423,8577423.json,5530,top10k,2412
1319032,1319032.json,5530,top10k,2412
3367379,3367379.json,5530,top10k,2412
965614,965614.json,5530,top10k,2412
2173407,2173407.json,5530,top10k,2412
5047,5047.json,5603,top10k,2412
4392689,4392689.json,5603,top10k,2412
7415761,7415761.json,5603,top10k,2412
2437542,2437542.json,5603,top10k,2412
9213162,9213162.json,5603,top10k,2412
191115,191115.json,5603,top10k,2412
9201,9201.json,5603,top10k,2412
242613,242613.json,5603,top10k,2412
6192442,6192442.json,5603,top10k,2412
171248,171248.json,5603,top10k,2412
1266172,1266172.json,5603,top10k,2412
1899321,1899321.json,5603,top10k,2412
369779,369779.json,5603,top10k,2412
8205002,8205002.json,5603,top10k,2412
7693468,7693468.json,5603,top10k,2412
132623,132623.json,5603,top10k,2412
81561,81561.json,5603,top10k,2412
7278452,7278452.json,5603,top10k,2412
34881,34881.json,5603,top10k,2412
4257895,4257895.json,5603,top10k,2412
5704834,5704834.json,5603,top10k,2412
5548987,5548987.json,5603,top10k,2412
5541129,5541129.json,5603,top10k,2412
1298356,1298356.json,5603,top10k,2412
1336796,1336796.json,5603,top10k,2412
2241991,2241991.json,5603,top10k,2412
8723293,8723293.json,5603,top10k,2412
1396371,1396371.json,5603,top10k,2412
7142133,7142133.json,5603,top10k,2412
3311988,3311988.json,5603,top10k,2412
477900,477900.json,5603,top10k,2412
1372119,1372119.json,5603,top10k,2412
3329808,3329808.json,5603,top10k,2412
5216429,5216429.json,5603,top10k,2412
207641,207641.json,5603,top10k,2412
3340175,3340175.json,5603,top10k,2412
488387,488387.json,5603,top10k,2412
3581009,3581009.json,5603,top10k,2412
1397238,1397238.json,5603,top10k,2412
1289015,1289015.json,5603,top10k,2412
810303,810303.json,5603,top10k,2412
7592055,7592055.json,5603,top10k,2412
11309,11309.json,5603,top10k,2412
127641,127641.json,5603,top10k,2412
1521455,1521455.json,5603,top10k,2412
2107156,2107156.json,5603,top10k,2412
6703,6703.json,5603,top10k,2412
129381,129381.json,5603,top10k,2412
2246918,2246918.json,5603,top10k,2412
59384,59384.json,5603,top10k,2412
260312,260312.json,5603,top10k,2412
14385,14385.json,5603,top10k,2412
85703,85703.json,5603,top10k,2412
70125,70125.json,5603,top10k,2412
6868131,6868131.json,5603,top10k,2412
1502621,1502621.json,5603,top10k,2412
9404137,9404137.json,5659,top10k,2412
2993056,2993056.json,5659,top10k,2412
721188,721188.json,5659,top10k,2412
5716736,5716736.json,5659,top10k,2412
4317405,4317405.json,5659,top10k,2412
3316208,3316208.json,5659,top10k,2412
2740842,2740842.json,5659,top10k,2412
2283216,2283216.json,5659,top10k,2412
8259040,8259040.json,5659,top10k,2412
90760,90760.json,5659,top10k,2412
2858428,2858428.json,5659,top10k,2412
67452,67452.json,5659,top10k,2412
798526,798526.json,5659,top10k,2412
4880576,4880576.json,5659,top10k,2412
1590930,1590930.json,5659,top10k,2412
1518447,1518447.json,5659,top10k,2412
2512962,2512962.json,5659,top10k,2412
2514507,2514507.json,5659,top10k,2412
4197988,4197988.json,5659,top10k,2412
2270174,2270174.json,5659,top10k,2412
543616,543616.json,5659,top10k,2412
496806,496806.json,5659,top10k,2412
168969,168969.json,5659,top10k,2412
698072,698072.json,5659,top10k,2412
1910816,1910816.json,5659,top10k,2412
584299,584299.json,5659,top10k,2412
820584,820584.json,5659,top10k,2412
1116601,1116601.json,5659,top10k,2412
1696943,1696943.json,5687,top10k,2412
307358,307358.json,5687,top10k,2412
48777,48777.json,5687,top10k,2412
3233957,3233957.json,5687,top10k,2412
8563232,8563232.json,5687,top10k,2412
1025809,1025809.json,5687,top10k,2412
730098,730098.json,5687,top10k,2412
7142107,7142107.json,5687,top10k,2412
5210736,5210736.json,5687,top10k,2412
333259,333259.json,5687,top10k,2412
160333,160333.json,5687,top10k,2412
163384,163384.json,5687,top10k,2412
650311,650311.json,5699,top10k,2412
942912,942912.json,5699,top10k,2412
4131875,4131875.json,5699,top10k,2412
2206448,2206448.json,5699,top10k,2412
5145069,5145069.json,5699,top10k,2412
3983228,3983228.json,5699,top10k,2412
1097835,1097835.json,5699,top10k,2412
7740986,7740986.json,5699,top10k,2412
3968774,3968774.json,5699,top10k,2412
863898,863898.json,5699,top10k,2412
4306046,4306046.json,5699,top10k,2412
196834,196834.json,5699,top10k,2412
5475495,5475495.json,5699,top10k,2412
4249456,4249456.json,5699,top10k,2412
328078,328078.json,5699,top10k,2412
3171743,3171743.json,5699,top10k,2412
313763,313763.json,5699,top10k,2412
8529254,8529254.json,5699,top10k,2412
5136166,5136166.json,5717,top10k,2412
6554943,6554943.json,5717,top10k,2412
568183,568183.json,5717,top10k,2412
217932,217932.json,5717,top10k,2412
2010760,2010760.json,5717,top10k,2412
138837,138837.json,5717,top10k,2412
3843959,3843959.json,5717,top10k,2412
113803,113803.json,5717,top10k,2412
240204,240204.json,5717,top10k,2412
3306836,3306836.json,5717,top10k,2412
1764748,1764748.json,5717,top10k,2412
198467,198467.json,5728,top10k,2412
6287944,6287944.json,5728,top10k,2412
6182783,6182783.json,5728,top10k,2412
2027710,2027710.json,5728,top10k,2412
3736250,3736250.json,5728,top10k,2412
518107,518107.json,5728,top10k,2412
5768200,5768200.json,5728,top10k,2412
689776,689776.json,5728,top10k,2412
28781,28781.json,5728,top10k,2412
6926177,6926177.json,5728,top10k,2412
1951232,1951232.json,5738,top10k,2412
1251049,1251049.json,5738,top10k,2412
2204891,2204891.json,5740,top10k,2412
1760464,1760464.json,5740,top10k,2412
4691257,4691257.json,5740,top10k,2412
5046583,5046583.json,5740,top10k,2412
9009288,9009288.json,5740,top10k,2412
7294961,7294961.json,5740,top10k,2412
6942375,6942375.json,5740,top10k,2412
31337,31337.json,5747,top10k,2412
6071651,6071651.json,5747,top10k,2412
1362872,1362872.json,5749,top10k,2412
364359,364359.json,5750,top10k,2412
1322551,1322551.json,5750,top10k,2412
2727334,2727334.json,5752,top10k,2412
6904849,6904849.json,5753,top10k,2412
2973350,2973350.json,5754,top10k,2412
9035135,9035135.json,5755,top10k,2411
3991316,3991316.json,5756,top10k,2411
3895795,3895795.json,5757,top10k,2411
3867084,3867084.json,5757,top10k,2411
4982567,4982567.json,5759,top10k,2411
1917379,1917379.json,5759,top10k,2411
7557823,7557823.json,5761,top10k,2411
6351309,6351309.json,5761,top10k,2411
3557973,3557973.json,5761,top10k,2411
713761,713761.json,5764,top10k,2411
5623046,5623046.json,5764,top10k,2411
1858948,1858948.json,5766,top10k,2411
3282765,3282765.json,5766,top10k,2411
7176353,7176353.json,5766,top10k,2411
6050157,6050157.json,5766,top10k,2411
6329113,6329113.json,5770,top10k,2411
2949802,2949802.json,5770,top10k,2411
3762454,3762454.json,5770,top10k,2411
6857736,6857736.json,5770,top10k,2411
42433,42433.json,5770,top10k,2411
4531995,4531995.json,5770,top10k,2411
72475,72475.json,5770,top10k,2411
247705,247705.json,5770,top10k,2411
3699777,3699777.json,5770,top10k,2411
6571548,6571548.json,5770,top10k,2411
160682,160682.json,5770,top10k,2411
1929889,1929889.json,5770,top10k,2411
2216819,2216819.json,5770,top10k,2411
1948,1948.json,5770,top10k,2411
4832715,4832715.json,5770,top10k,2411
4581946,4581946.json,5770,top10k,2411
4155709,4155709.json,5770,top10k,2411
2577313,2577313.json,5770,top10k,2411
1825057,1825057.json,5788,top10k,2411
261576,261576.json,5788,top10k,2411
2062782,2062782.json,5788,top10k,2411
5812577,5812577.json,5788,top10k,2411
4876502,4876502.json,5788,top10k,2411
31507,31507.json,5788,top10k,2411
3028704,3028704.json,5788,top10k,2411
5959085,5959085.json,5788,top10k,2411
48808,48808.json,5788,top10k,2411
6006182,6006182.json,5788,top10k,2411
10300,10300.json,5788,top10k,2411
57857,57857.json,5788,top10k,2411
472289,472289.json,5788,top10k,2411
1667320,1667320.json,5788,top10k,2411
2989295,2989295.json,5788,top10k,2411
5909014,5909014.json,5788,top10k,2411
1136657,1136657.json,5788,top10k,2411
4444051,4444051.json,5788,top10k,2411
443221,443221.json,5788,top10k,2411
1783774,1783774.json,5788,top10k,2411
10797,10797.json,5788,top10k,2411
159414,159414.json,5788,top10k,2411
3602884,3602884.json,5788,top10k,2411
7137830,7137830.json,5788,top10k,2411
2906404,2906404.json,5788,top10k,2411
4087070,4087070.json,5788,top10k,2411
87529,87529.json,5788,top10k,2411
655965,655965.json,5788,top10k,2411
1434544,1434544.json,5788,top10k,2411
468601,468601.json,5788,top10k,2411
123208,123208.json,5788,top10k,2411
6833346,6833346.json,5788,top10k,2411
5705597,5705597.json,5788,top10k,2411
1896218,1896218.json,5788,top10k,2411
6021865,6021865.json,5788,top10k,2411
6015804,6015804.json,5788,top10k,2411
5342736,5342736.json,5788,top10k,2411
139306,139306.json,5788,top10k,2411
3908620,3908620.json,5788,top10k,2411
213605,213605.json,5788,top10k,2411
6928446,6928446.json,5788,top10k,2411
615381,615381.json,5788,top10k,2411
20027,20027.json,5788,top10k,2411
1106025,1106025.json,5788,top10k,2411
5444105,5444105.json,5788,top10k,2411
146986,146986.json,5788,top10k,2411
8127052,8127052.json,5788,top10k,2411
5076491,5076491.json,5788,top10k,2411
8982875,8982875.json,5788,top10k,2411
5220,5220.json,5788,top10k,2411
2388718,2388718.json,5788,top10k,2411
779683,779683.json,5788,top10k,2411
102381,102381.json,5788,top10k,2411
4650446,4650446.json,5788,top10k,2411
757720,757720.json,5788,top10k,2411
924878,924878.json,5788,top10k,2411
417415,417415.json,5788,top10k,2411
3894566,3894566.json,5788,top10k,2411
4941159,4941159.json,5788,top10k,2411
3808543,3808543.json,5788,top10k,2411
942104,942104.json,5788,top10k,2411
25290,25290.json,5788,top10k,2411
53301,53301.json,5788,top10k,2411
2340296,2340296.json,5788,top10k,2411
162889,162889.json,5788,top10k,2411
5035433,5035433.json,5788,top10k,2411
196455,196455.json,5788,top10k,2411
552897,552897.json,5788,top10k,2411
5831399,5831399.json,5788,top10k,2411
285543,285543.json,5788,top10k,2411
8610399,8610399.json,5788,top10k,2411
104060,104060.json,5859,top10k,2411
1081346,1081346.json,5859,top10k,2411
509991,509991.json,5859,top10k,2411
787639,787639.json,5859,top10k,2411
3870699,3870699.json,5859,top10k,2411
3792385,3792385.json,5859,top10k,2411
88965,88965.json,5859,top10k,2411
2420424,2420424.json,5859,top10k,2411
1902542,1902542.json,5859,top10k,2411
4045637,4045637.json,5859,top10k,2411
3199,3199.json,5859,top10k,2411
1143202,1143202.json,5859,top10k,2411
18066,18066.json,5859,top10k,2411
523931,523931.json,5859,top10k,2411
1833482,1833482.json,5859,top10k,2411
8069431,8069431.json,5859,top10k,2411
802383,802383.json,5859,top10k,2411
1109426,1109426.json,5859,top10k,2411
295053,295053.json,5859,top10k,2411
1473744,1473744.json,5859,top10k,2411
7296920,7296920.json,5859,top10k,2411
7110762,7110762.json,5859,top10k,2411
8427,8427.json,5859,top10k,2411
216349,216349.json,5859,top10k,2411
31343,31343.json,5859,top10k,2411
2330027,2330027.json,5859,top10k,2411
1462571,1462571.json,5859,top10k,2411
8762776,8762776.json,5859,top10k,2411
2042742,2042742.json,5859,top10k,2411
942013,942013.json,5859,top10k,2411
801924,801924.json,5859,top10k,2411
6159850,6159850.json,5859,top10k,2411
1623713,1623713.json,5859,top10k,2411
2895358,2895358.json,5859,top10k,2411
275468,275468.json,5859,top10k,2411
9129566,9129566.json,5859,top10k,2411
623603,623603.json,5859,top10k,2411
668025,668025.json,5859,top10k,2411
7136085,7136085.json,5859,top10k,2411
6300080,6300080.json,5859,top10k,2411
1587836,1587836.json,5859,top10k,2411
1340365,1340365.json,5859,top10k,2411
4861110,4861110.json,5859,top10k,2411
1273393,1273393.json,5859,top10k,2411
35501,35501.json,5859,top10k,2411
696697,696697.json,5859,top10k,2411
4592411,4592411.json,5859,top10k,2411
116730,116730.json,5859,top10k,2411
675250,675250.json,5859,top10k,2411
5556948,5556948.json,5859,top10k,2411
3671406,3671406.json,5859,top10k,2411
3346406,3346406.json,5859,top10k,2411
2236272,2236272.json,5859,top10k,2411
401553,401553.json,5859,top10k,2411
729731,729731.json,5859,top10k,2411
39699,39699.json,5859,top10k,2411
1094266,1094266.json,5915,top10k,2411
665796,665796.json,5915,top10k,2411
1293459,1293459.json,5915,top10k,2411
304846,304846.json,5915,top10k,2411
666848,666848.json,5915,top10k,2411
324863,324863.json,5915,top10k,2411
578598,578598.json,5915,top10k,2411
4860949,4860949.json,5915,top10k,2411
180206,180206.json,5915,top10k,2411
195496,195496.json,5915,top10k,2411
2292189,2292189.json,5915,top10k,2411
5016957,5016957.json,5915,top10k,2411
38386,38386.json,5915,top10k,2411
310141,310141.json,5915,top10k,2411
10632541,10632541.json,5915,top10k,2411
7093495,7093495.json,5915,top10k,2411
563293,563293.json,5915,top10k,2411
206121,206121.json,5915,top10k,2411
898028,898028.json,5915,top10k,2411
5720254,5720254.json,5915,top10k,2411
5493628,5493628.json,5915,top10k,2411
1713,1713.json,5915,top10k,2411
559334,559334.json,5915,top10k,2411
3985433,3985433.json,5915,top10k,2411
29682,29682.json,5915,top10k,2411
3612797,3612797.json,5915,top10k,2411
5081269,5081269.json,5915,top10k,2411
5692824,5692824.json,5915,top10k,2411
2347905,2347905.json,5915,top10k,2411
1103743,1103743.json,5915,top10k,2411
90019,90019.json,5915,top10k,2411
6345390,6345390.json,5915,top10k,2411
7812902,7812902.json,5915,top10k,2411
2573635,2573635.json,5915,top10k,2411
8556972,8556972.json,5915,top10k,2411
100516,100516.json,5915,top10k,2411
9642,9642.json,5915,top10k,2411
2264633,2264633.json,5915,top10k,2411
689026,689026.json,5953,top10k,2411
8287825,8287825.json,5953,top10k,2411
155939,155939.json,5953,top10k,2411
158540,158540.json,5953,top10k,2411
7943446,7943446.json,5953,top10k,2411
4135634,4135634.json,5953,top10k,2411
1553062,1553062.json,5953,top10k,2411
4108461,4108461.json,5953,top10k,2411
2734815,2734815.json,5953,top10k,2411
5796274,5796274.json,5953,top10k,2411
3604926,3604926.json,5953,top10k,2411
29177,29177.json,5953,top10k,2411
423282,423282.json,5953,top10k,2411
40202,40202.json,5953,top10k,2411
126031,126031.json,5953,top10k,2411
4821629,4821629.json,5953,top10k,2411
4179795,4179795.json,5953,top10k,2411
28353,28353.json,5953,top10k,2411
5334111,5334111.json,5953,top10k,2411
437762,437762.json,5953,top10k,2411
18233,18233.json,5953,top10k,2411
83948,83948.json,5953,top10k,2411
859844,859844.json,5953,top10k,2411
3105554,3105554.json,5953,top10k,2411
9800,9800.json,5953,top10k,2411
2571318,2571318.json,5978,top10k,2411
1087065,1087065.json,5978,top10k,2411
3344262,3344262.json,5978,top10k,2411
4791003,4791003.json,5978,top10k,2411
800859,800859.json,5978,top10k,2411
3301913,3301913.json,5978,top10k,2411
4171565,4171565.json,5978,top10k,2411
1312141,1312141.json,5978,top10k,2411
5960589,5960589.json,5978,top10k,2411
426643,426643.json,5978,top10k,2411
509791,509791.json,5978,top10k,2411
1665534,1665534.json,5978,top10k,2411
1050523,1050523.json,5978,top10k,2411
757166,757166.json,5978,top10k,2411
9056034,9056034.json,5978,top10k,2411
3503203,3503203.json,5978,top10k,2411
5343844,5343844.json,5994,top10k,2411
506146,506146.json,5994,top10k,2411
2406882,2406882.json,5994,top10k,2411
3639,3639.json,5994,top10k,2411
4611363,4611363.json,5994,top10k,2411
6108618,6108618.json,5994,top10k,2411
1320090,1320090.json,5994,top10k,2411
892610,892610.json,5994,top10k,2411
5479303,5479303.json,5994,top10k,2411
851743,851743.json,5994,top10k,2411
313975,313975.json,5994,top10k,2411
1917296,1917296.json,6005,top10k,2411
6826118,6826118.json,6005,top10k,2411
12992,12992.json,6005,top10k,2411
8489061,8489061.json,6005,top10k,2411
530260,530260.json,6005,top10k,2411
246773,246773.json,6005,top10k,2411
2717341,2717341.json,6005,top10k,2411
3914136,3914136.json,6005,top10k,2411
113716,113716.json,6005,top10k,2411
983125,983125.json,6005,top10k,2411
159405,159405.json,6015,top10k,2411
72466,72466.json,6015,top10k,2411
52826,52826.json,6015,top10k,2411
629145,629145.json,6015,top10k,2411
4056862,4056862.json,6015,top10k,2411
902162,902162.json,6015,top10k,2411
6933369,6933369.json,6015,top10k,2411
3975245,3975245.json,6015,top10k,2411
5126878,5126878.json,6023,top10k,2411
384560,384560.json,6023,top10k,2411
2451161,2451161.json,6025,top10k,2411
505477,505477.json,6025,top10k,2411
6238771,6238771.json,6025,top10k,2411
35689,35689.json,6025,top10k,2411
1284666,1284666.json,6029,top10k,2411
1000980,1000980.json,6030,top10k,2411
8206880,8206880.json,6031,top10k,2410
6988797,6988797.json,6032,top10k,2410
5282777,5282777.json,6033,top10k,2410
581863,581863.json,6034,top10k,2410
1794987,1794987.json,6034,top10k,2410
7241737,7241737.json,6034,top10k,2410
202521,202521.json,6037,top10k,2410
2910729,2910729.json,6037,top10k,2410
25173,25173.json,6037,top10k,2410
1998304,1998304.json,6037,top10k,2410
1162530,1162530.json,6041,top10k,2410
140077,140077.json,6041,top10k,2410
1196406,1196406.json,6041,top10k,2410
4596402,4596402.json,6041,top10k,2410
4256195,4256195.json,6041,top10k,2410
3904014,3904014.json,6041,top10k,2410
5305043,5305043.json,6041,top10k,2410
1568924,1568924.json,6041,top10k,2410
686435,686435.json,6041,top10k,2410
5622205,5622205.json,6041,top10k,2410
3704574,3704574.json,6041,top10k,2410
1154391,1154391.json,6041,top10k,2410
621016,621016.json,6041,top10k,2410
7170660,7170660.json,6041,top10k,2410
4931008,4931008.json,6041,top10k,2410
106096,106096.json,6041,top10k,2410
719404,719404.json,6041,top10k,2410
7746062,7746062.json,6041,top10k,2410
4328646,4328646.json,6041,top10k,2410
1361566,1361566.json,6041,top10k,2410
5766145,5766145.json,6041,top10k,2410
7758823,7758823.json,6041,top10k,2410
1840794,1840794.json,6063,top10k,2410
1455332,1455332.json,6063,top10k,2410
497232,497232.json,6063,top10k,2410
7286394,7286394.json,6063,top10k,2410
5523574,5523574.json,6063,top10k,2410
7019470,7019470.json,6063,top10k,2410
143763,143763.json,6063,top10k,2410
185148,185148.json,6063,top10k,2410
44903,44903.json,6063,top10k,2410
128104,128104.json,6063,top10k,2410
1545421,1545421.json,6063,top10k,2410
7995432,7995432.json,6063,top10k,2410
824375,824375.json,6063,top10k,2410
3240688,3240688.json,6063,top10k,2410
3018356,3018356.json,6063,top10k,2410
798002,798002.json,6063,top10k,2410
961939,961939.json,6063,top10k,2410
1193119,1193119.json,6063,top10k,2410
1787673,1787673.json,6063,top10k,2410
446,446.json,6063,top10k,2410
4853050,4853050.json,6063,top10k,2410
394474,394474.json,6063,top10k,2410
6225084,6225084.json,6063,top10k,2410
7303433,7303433.json,6063,top10k,2410
6800399,6800399.json,6063,top10k,2410
392991,392991.json,6063,top10k,2410
5110059,5110059.json,6063,top10k,2410
5103781,5103781.json,6063,top10k,2410
6561077,6561077.json,6063,top10k,2410
5751829,5751829.json,6063,top10k,2410
1886023,1886023.json,6063,top10k,2410
4451606,4451606.json,6063,top10k,2410
5734391,5734391.json,6063,top10k,2410
188868,188868.json,6063,top10k,2410
5984284,5984284.json,6063,top10k,2410
484778,484778.json,6063,top10k,2410
1196001,1196001.json,6063,top10k,2410
2815784,2815784.json,6063,top10k,2410
266245,266245.json,6063,top10k,2410
93523,93523.json,6063,top10k,2410
6018057,6018057.json,6063,top10k,2410
1082706,1082706.json,6063,top10k,2410
9476337,9476337.json,6063,top10k,2410
5317442,5317442.json,6063,top10k,2410
8729,8729.json,6063,top10k,2410
284617,284617.json,6063,top10k,2410
8989181,8989181.json,6063,top10k,2410
4171750,4171750.json,6063,top10k,2410
3073457,3073457.json,6063,top10k,2410
949667,949667.json,6063,top10k,2410
811745,811745.json,6063,top10k,2410
949728,949728.json,6063,top10k,2410
78878,78878.json,6063,top10k,2410
6459554,6459554.json,6063,top10k,2410
22476,22476.json,6063,top10k,2410
4677395,4677395.json,6063,top10k,2410
2775553,2775553.json,6063,top10k,2410
4747049,4747049.json,6063,top10k,2410
1213148,1213148.json,6063,top10k,2410
1759201,1759201.json,6063,top10k,2410
1063366,1063366.json,6063,top10k,2410
3798978,3798978.json,6063,top10k,2410
1460439,1460439.json,6063,top10k,2410
71605,71605.json,6063,top10k,2410
5378077,5378077.json,6063,top10k,2410
3273,3273.json,6063,top10k,2410
4657060,4657060.json,6063,top10k,2410
768019,768019.json,6063,top10k,2410
6127276,6127276.json,6063,top10k,2410
42247,42247.json,6063,top10k,2410
47308,47308.json,6063,top10k,2410
8028372,8028372.json,6063,top10k,2410
9260365,9260365.json,6063,top10k,2410
3489570,3489570.json,6063,top10k,2410
3359387,3359387.json,6063,top10k,2410
6928824,6928824.json,6063,top10k,2410
3177082,3177082.json,6063,top10k,2410
80598,80598.json,6063,top10k,2410
2749851,2749851.json,6063,top10k,2410
4518292,4518292.json,6063,top10k,2410
2854032,2854032.json,6063,top10k,2410
5065481,5065481.json,6063,top10k,2410
1512759,1512759.json,6063,top10k,2410
1448251,1448251.json,6063,top10k,2410
99655,99655.json,6147,top10k,2410
3984,3984.json,6147,top10k,2410
85980,85980.json,6147,top10k,2410
4129013,4129013.json,6147,top10k,2410
82755,82755.json,6147,top10k,2410
590031,590031.json,6147,top10k,2410
1049302,1049302.json,6147,top10k,2410
434209,434209.json,6147,top10k,2410
5197293,5197293.json,6147,top10k,2410
4672441,4672441.json,6147,top10k,2410
4346479,4346479.json,6147,top10k,2410
2092041,2092041.json,6147,top10k,2410
3141117,3141117.json,6147,top10k,2410
2399022,2399022.json,6147,top10k,2410
357690,357690.json,6147,top10k,2410
2604800,2604800.json,6147,top10k,2410
59533,59533.json,6147,top10k,2410
7766336,7766336.json,6147,top10k,2410
3857488,3857488.json,6147,top10k,2410
9639,9639.json,6147,top10k,2410
667077,667077.json,6147,top10k,2410
1114841,1114841.json,6147,top10k,2410
19914,19914.json,6147,top10k,2410
334011,334011.json,6147,top10k,2410
4296504,4296504.json,6147,top10k,2410
109821,109821.json,6147,top10k,2410
4152970,4152970.json,6147,top10k,2410
177505,177505.json,6147,top10k,2410
243624,243624.json,6147,top10k,2410
8695065,8695065.json,6147,top10k,2410
1872,1872.json,6147,top10k,2410
305450,305450.json,6147,top10k,2410
8719,8719.json,6147,top10k,2410
35597,35597.json,6147,top10k,2410
1318029,1318029.json,6147,top10k,2410
2050789,2050789.json,6147,top10k,2410
4827890,4827890.json,6147,top10k,2410
8942761,8942761.json,6147,top10k,2410
7685719,7685719.json,6147,top10k,2410
1264617,1264617.json,6147,top10k,2410
369911,369911.json,6147,top10k,2410
6994983,6994983.json,6147,top10k,2410
41082,41082.json,6147,top10k,2410
2536176,2536176.json,6147,top10k,2410
3161483,3161483.json,6147,top10k,2410
8416082,8416082.json,6147,top10k,2410
3036982,3036982.json,6147,top10k,2410
604469,604469.json,6147,top10k,2410
195,195.json,6147,top10k,2410
6560933,6560933.json,6147,top10k,2410
4930575,4930575.json,6147,top10k,2410
14006,14006.json,6147,top10k,2410
934803,934803.json,6147,top10k,2410
429194,429194.json,6147,top10k,2410
5503595,5503595.json,6147,top10k,2410
3112936,3112936.json,6147,top10k,2410
4693786,4693786.json,6147,top10k,2410
999086,999086.json,6147,top10k,2410
12289,12289.json,6205,top10k,2410
489615,489615.json,6205,top10k,2410
3688940,3688940.json,6205,top10k,2410
2610728,2610728.json,6205,top10k,2410
4571,4571.json,6205,top10k,2410
24889,24889.json,6205,top10k,2410
151141,151141.json,6205,top10k,2410
2590209,2590209.json,6205,top10k,2410
25380,25380.json,6205,top10k,2410
7731088,7731088.json,6205,top10k,2410
568639,568639.json,6205,top10k,2410
2046914,2046914.json,6205,top10k,2410
3171155,3171155.json,6205,top10k,2410
5655524,5655524.json,6205,top10k,2410
8312826,8312826.json,6205,top10k,2410
877594,877594.json,6205,top10k,2410
1617817,1617817.json,6205,top10k,2410
5541348,5541348.json,6205,top10k,2410
9477995,9477995.json,6205,top10k,2410
1071868,1071868.json,6205,top10k,2410
835961,835961.json,6205,top10k,2410
2439061,2439061.json,6205,top10k,2410
1647281,1647281.json,6205,top10k,2410
118079,118079.json,6205,top10k,2410
9560,9560.json,6205,top10k,2410
370000,370000.json,6205,top10k,2410
3411479,3411479.json,6205,top10k,2410
5077611,5077611.json,6205,top10k,2410
4918016,4918016.json,6205,top10k,2410
6991561,6991561.json,6205,top10k,2410
1827294,1827294.json,6205,top10k,2410
849841,849841.json,6205,top10k,2410
3861128,3861128.json,6237,top10k,2410
1810133,1810133.json,6237,top10k,2410
635081,635081.json,6237,top10k,2410
5209787,5209787.json,6237,top10k,2410
2380612,2380612.json,6237,top10k,2410
275372,275372.json,6237,top10k,2410
3292979,3292979.json,6237,top10k,2410
4166843,4166843.json,6237,top10k,2410
2935540,2935540.json,6237,top10k,2410
2875671,2875671.json,6237,top10k,2410
3051874,3051874.json,6237,top10k,2410
7200313,7200313.json,6237,top10k,2410
3782743,3782743.json,6237,top10k,2410
424391,424391.json,6237,top10k,2410
977845,977845.json,6237,top10k,2410
850066,850066.json,6237,top10k,2410
1006992,1006992.json,6237,top10k,2410
75148,75148.json,6237,top10k,2410
4510835,4510835.json,6237,top10k,2410
242396,242396.json,6256,top10k,2410
27079,27079.json,6256,top10k,2410
1692380,1692380.json,6256,top10k,2410
45161,45161.json,6256,top10k,2410
6700249,6700249.json,6256,top10k,2410
5292472,5292472.json,6256,top10k,2410
533265,533265.json,6256,top10k,2410
4261726,4261726.json,6256,top10k,2410
9173,9173.json,6256,top10k,2410
145054,145054.json,6256,top10k,2410
49617,49617.json,6266,top10k,2410
975599,975599.json,6266,top10k,2410
7994530,7994530.json,6266,top10k,2410
3166946,3166946.json,6266,top10k,2410
40963,40963.json,6266,top10k,2410
141398,141398.json,6266,top10k,2410
2498052,2498052.json,6266,top10k,2410
5854,5854.json,6266,top10k,2410
4053707,4053707.json,6266,top10k,2410
1865000,1865000.json,6266,top10k,2410
20169,20169.json,6276,top10k,2410
1097906,1097906.json,6276,top10k,2410
512154,512154.json,6276,top10k,2410
9080242,9080242.json,6276,top10k,2410
7601898,7601898.json,6276,top10k,2410
101193,101193.json,6276,top10k,2410
7956900,7956900.json,6276,top10k,2410
3330848,3330848.json,6276,top10k,2410
135987,135987.json,6284,top10k,2410
330028,330028.json,6284,top10k,2410
3600343,3600343.json,6284,top10k,2410
107637,107637.json,6284,top10k,2410
1439367,1439367.json,6288,top10k,2410
1169263,1169263.json,6289,top10k,2410
140506,140506.json,6290,top10k,2410
1910249,1910249.json,6291,top10k,2410
6969787,6969787.json,6292,top10k,2410
1464215,1464215.json,6292,top10k,2410
442499,442499.json,6294,top10k,2410
1165,1165.json,6294,top10k,2410
238114,238114.json,6296,top10k,2410
8017774,8017774.json,6297,top10k,2409
94281,94281.json,6298,top10k,2409
6230417,6230417.json,6299,top10k,2409
27192,27192.json,6299,top10k,2409
3720732,3720732.json,6299,top10k,2409
5887755,5887755.json,6299,top10k,2409
8381111,8381111.json,6303,top10k,2409
6367339,6367339.json,6303,top10k,2409
6008616,6008616.json,6303,top10k,2409
298631,298631.json,6303,top10k,2409
6945649,6945649.json,6303,top10k,2409
1471673,1471673.json,6303,top10k,2409
4130937,4130937.json,6303,top10k,2409
4103869,4103869.json,6310,top10k,2409
7277846,7277846.json,6310,top10k,2409
4303962,4303962.json,6310,top10k,2409
7423034,7423034.json,6310,top10k,2409
5758403,5758403.json,6310,top10k,2409
431044,431044.json,6310,top10k,2409
4262185,4262185.json,6310,top10k,2409
2888782,2888782.json,6310,top10k,2409
1626907,1626907.json,6310,top10k,2409
472640,472640.json,6310,top10k,2409
6226403,6226403.json,6310,top10k,2409
5575189,5575189.json,6310,top10k,2409
1844674,1844674.json,6310,top10k,2409
5891880,5891880.json,6310,top10k,2409
4688229,4688229.json,6310,top10k,2409
6197045,6197045.json,6310,top10k,2409
112094,112094.json,6310,top10k,2409
8864912,8864912.json,6310,top10k,2409
8426809,8426809.json,6310,top10k,2409
8518430,8518430.json,6310,top10k,2409
4686034,4686034.json,6310,top10k,2409
7534682,7534682.json,6310,top10k,2409
1721304,1721304.json,6310,top10k,2409
3402349,3402349.json,6310,top10k,2409
5795757,5795757.json,6310,top10k,2409
1711255,1711255.json,6310,top10k,2409
3553236,3553236.json,6310,top10k,2409
7103631,7103631.json,6310,top10k,2409
2497923,2497923.json,6310,top10k,2409
4200330,4200330.json,6339,top10k,2409
1395095,1395095.json,6339,top10k,2409
5566204,5566204.json,6339,top10k,2409
5670991,5670991.json,6339,top10k,2409
39872,39872.json,6339,top10k,2409
262623,262623.json,6339,top10k,2409
6429055,6429055.json,6339,top10k,2409
5306537,5306537.json,6339,top10k,2409
602246,602246.json,6339,top10k,2409
169618,169618.json,6339,top10k,2409
3434429,3434429.json,6339,top10k,2409
2784293,2784293.json,6339,top10k,2409
6202418,6202418.json,6339,top10k,2409
9634,9634.json,6339,top10k,2409
127249,127249.json,6339,top10k,2409
81451,81451.json,6339,top10k,2409
897211,897211.json,6339,top10k,2409
465406,465406.json,6339,top10k,2409
1303305,1303305.json,6339,top10k,2409
6006026,6006026.json,6339,top10k,2409
526564,526564.json,6339,top10k,2409
8387424,8387424.json,6339,top10k,2409
348790,348790.json,6339,top10k,2409
7821363,7821363.json,6339,top10k,2409
10745,10745.json,6339,top10k,2409
3011861,3011861.json,6339,top10k,2409
393208,393208.json,6339,top10k,2409
3413731,3413731.json,6339,top10k,2409
570117,570117.json,6339,top10k,2409
459588,459588.json,6339,top10k,2409
7866813,7866813.json,6339,top10k,2409
86903,86903.json,6339,top10k,2409
353517,353517.json,6339,top10k,2409
8278909,8278909.json,6339,top10k,2409
759790,759790.json,6339,top10k,2409
1941326,1941326.json,6339,top10k,2409
616096,616096.json,6339,top10k,2409
5563128,5563128.json,6339,top10k,2409
3240126,3240126.json,6339,top10k,2409
2749933,2749933.json,6339,top10k,2409
805192,805192.json,6339,top10k,2409
14089,14089.json,6339,top10k,2409
132964,132964.json,6339,top10k,2409
5223713,5223713.json,6339,top10k,2409
4135498,4135498.json,6339,top10k,2409
7121441,7121441.json,6339,top10k,2409
9224671,9224671.json,6339,top10k,2409
1066440,1066440.json,6339,top10k,2409
4353215,4353215.json,6339,top10k,2409
2400839,2400839.json,6339,top10k,2409
3219,3219.json,6339,top10k,2409
5031461,5031461.json,6339,top10k,2409
1634204,1634204.json,6339,top10k,2409
2613110,2613110.json,6339,top10k,2409
3630289,3630289.json,6339,top10k,2409
17745,17745.json,6339,top10k,2409
1595057,1595057.json,6339,top10k,2409
7273989,7273989.json,6339,top10k,2409
8153297,8153297.json,6339,top10k,2409
307056,307056.json,6339,top10k,2409
3449066,3449066.json,6339,top10k,2409
3501653,3501653.json,6339,top10k,2409
684830,684830.json,6339,top10k,2409
350097,350097.json,6339,top10k,2409
80983,80983.json,6339,top10k,2409
1957967,1957967.json,6339,top10k,2409
7737910,7737910.json,6339,top10k,2409
851707,851707.json,6339,top10k,2409
855792,855792.json,6339,top10k,2409
8499535,8499535.json,6339,top10k,2409
1974850,1974850.json,6339,top10k,2409
4307330,4307330.json,6339,top10k,2409
107,107.json,6339,top10k,2409
1434,1434.json,6339,top10k,2409
166262,166262.json,6413,top10k,2409
3182288,3182288.json,6413,top10k,2409
5517432,5517432.json,6413,top10k,2409
57468,57468.json,6413,top10k,2409
5752211,5752211.json,6413,top10k,2409
640495,640495.json,6413,top10k,2409
3523485,3523485.json,6413,top10k,2409
6113997,6113997.json,6413,top10k,2409
2277370,2277370.json,6413,top10k,2409
1383539,1383539.json,6413,top10k,2409
3727160,3727160.json,6413,top10k,2409
7140754,7140754.json,6413,top10k,2409
6575771,6575771.json,6413,top10k,2409
1506603,1506603.json,6413,top10k,2409
1084300,1084300.json,6413,top10k,2409
7057350,7057350.json,6413,top10k,2409
4074569,4074569.json,6413,top10k,2409
2936393,2936393.json,6413,top10k,2409
811337,811337.json,6413,top10k,2409
8122401,8122401.json,6413,top10k,2409
8108,8108.json,6413,top10k,2409
3972647,3972647.json,6413,top10k,2409
29217,29217.json,6413,top10k,2409
321496,321496.json,6413,top10k,2409
191488,191488.json,6413,top10k,2409
4414499,4414499.json,6413,top10k,2409
1581685,1581685.json,6413,top10k,2409
1351699,1351699.json,6413,top10k,2409
2846420,2846420.json,6413,top10k,2409
4676352,4676352.json,6413,top10k,2409
61899,61899.json,6413,top10k,2409
93085,93085.json,6413,top10k,2409
1117874,1117874.json,6413,top10k,2409
1979794,1979794.json,6413,top10k,2409
3292442,3292442.json,6413,top10k,2409
1412127,1412127.json,6413,top10k,2409
550033,550033.json,6413,top10k,2409
6917338,6917338.json,6413,top10k,2409
301944,301944.json,6413,top10k,2409
5521569,5521569.json,6413,top10k,2409
89649,89649.json,6413,top10k,2409
3929726,3929726.json,6413,top10k,2409
2065683,2065683.json,6413,top10k,2409
1192044,1192044.json,6413,top10k,2409
20131,20131.json,6413,top10k,2409
8184419,8184419.json,6413,top10k,2409
1921294,1921294.json,6413,top10k,2409
331044,331044.json,6413,top10k,2409
796626,796626.json,6413,top10k,2409
4781038,4781038.json,6413,top10k,2409
8426345,8426345.json,6413,top10k,2409
3573536,3573536.json,6413,top10k,2409
2395378,2395378.json,6413,top10k,2409
912771,912771.json,6413,top10k,2409
5138767,5138767.json,6413,top10k,2409
4118626,4118626.json,6413,top10k,2409
5132573,5132573.json,6413,top10k,2409
2317404,2317404.json,6413,top10k,2409
4238267,4238267.json,6413,top10k,2409
148839,148839.json,6413,top10k,2409
401079,401079.json,6413,top10k,2409
216961,216961.json,6474,top10k,2409
3749950,3749950.json,6474,top10k,2409
397040,397040.json,6474,top10k,2409
3114482,3114482.json,6474,top10k,2409
674703,674703.json,6474,top10k,2409
684383,684383.json,6474,top10k,2409
5171338,5171338.json,6474,top10k,2409
220504,220504.json,6474,top10k,2409
71104,71104.json,6474,top10k,2409
7977446,7977446.json,6474,top10k,2409
661743,661743.json,6474,top10k,2409
10816,10816.json,6474,top10k,2409
5174254,5174254.json,6474,top10k,2409
513625,513625.json,6474,top10k,2409
6662551,6662551.json,6474,top10k,2409
654779,654779.json,6474,top10k,2409
1623551,1623551.json,6474,top10k,2409
212605,212605.json,6474,top10k,2409
114794,114794.json,6474,top10k,2409
54082,54082.json,6474,top10k,2409
35165,35165.json,6474,top10k,2409
3917107,3917107.json,6474,top10k,2409
8714933,8714933.json,6474,top10k,2409
6348369,6348369.json,6474,top10k,2409
552587,552587.json,6474,top10k,2409
7319611,7319611.json,6474,top10k,2409
72548,72548.json,6474,top10k,2409
2783410,2783410.json,6474,top10k,2409
47025,47025.json,6474,top10k,2409
88496,88496.json,6474,top10k,2409
62606,62606.json,6474,top10k,2409
689923,689923.json,6474,top10k,2409
8901037,8901037.json,6474,top10k,2409
172878,172878.json,6474,top10k,2409
4656354,4656354.json,6474,top10k,2409
567375,567375.json,6474,top10k,2409
1935921,1935921.json,6474,top10k,2409
1726161,1726161.json,6474,top10k,2409
3208241,3208241.json,6474,top10k,2409
6057903,6057903.json,6474,top10k,2409
1795360,1795360.json,6474,top10k,2409
274078,274078.json,6474,top10k,2409
1804418,1804418.json,6474,top10k,2409
458713,458713.json,6474,top10k,2409
8270,8270.json,6474,top10k,2409
3464319,3464319.json,6474,top10k,2409
7652,7652.json,6474,top10k,2409
69428,69428.json,6474,top10k,2409
1712089,1712089.json,6474,top10k,2409
771985,771985.json,6474,top10k,2409
1286814,1286814.json,6474,top10k,2409
2506001,2506001.json,6525,top10k,2409
1426588,1426588.json,6525,top10k,2409
1067715,1067715.json,6525,top10k,2409
5298836,5298836.json,6525,top10k,2409
286983,286983.json,6525,top10k,2409
5171296,5171296.json,6525,top10k,2409
497453,497453.json,6525,top10k,2409
1515,1515.json,6525,top10k,2409
3158791,3158791.json,6525,top10k,2409
3943359,3943359.json,6525,top10k,2409
161362,161362.json,6525,top10k,2409
3305388,3305388.json,6525,top10k,2409
257601,257601.json,6525,top10k,2409
177958,177958.json,6525,top10k,2409
91931,91931.json,6525,top10k,2409
4414827,4414827.json,6525,top10k,2409
604560,604560.json,6525,top10k,2409
9295594,9295594.json,6525,top10k,2409
43148,43148.json,6525,top10k,2409
3498937,3498937.json,6525,top10k,2409
9262221,9262221.json,6525,top10k,2409
3306081,3306081.json,6525,top10k,2409
1691158,1691158.json,6525,top10k,2409
882769,882769.json,6525,top10k,2409
8545253,8545253.json,6525,top10k,2409
777441,777441.json,6525,top10k,2409
1528943,1528943.json,6525,top10k,2409
2184626,2184626.json,6552,top10k,2409
124863,124863.json,6552,top10k,2409
682446,682446.json,6552,top10k,2409
317935,317935.json,6552,top10k,2409
4758871,4758871.json,6552,top10k,2409
809741,809741.json,6552,top10k,2409
51280,51280.json,6552,top10k,2409
149126,149126.json,6552,top10k,2409
5053509,5053509.json,6552,top10k,2409
3349005,3349005.json,6552,top10k,2409
401769,401769.json,6552,top10k,2409
7220850,7220850.json,6552,top10k,2409
4651497,4651497.json,6552,top10k,2409
5371525,5371525.json,6565,top10k,2409
2967222,2967222.json,6565,top10k,2409
966336,966336.json,6565,top10k,2409
9358424,9358424.json,6565,top10k,2409
3319381,3319381.json,6565,top10k,2409
3783815,3783815.json,6565,top10k,2409
225665,225665.json,6565,top10k,2409
18254,18254.json,6565,top10k,2409
5782433,5782433.json,6573,top10k,2409
1949811,1949811.json,6573,top10k,2409
7031351,7031351.json,6573,top10k,2409
1905930,1905930.json,6573,top10k,2409
1305874,1305874.json,6573,top10k,2409
164291,164291.json,6573,top10k,2409
7040387,7040387.json,6579,top10k,2409
768432,768432.json,6579,top10k,2409
966456,966456.json,6579,top10k,2409
713593,713593.json,6579,top10k,2409
1831434,1831434.json,6579,top10k,2409
4325615,4325615.json,6579,top10k,2409
7334109,7334109.json,6579,top10k,2409
2047649,2047649.json,6586,top10k,2409
745613,745613.json,6586,top10k,2409
2180327,2180327.json,6586,top10k,2409
287841,287841.json,6589,top10k,2409
1655208,1655208.json,6590,top10k,2409
2420071,2420071.json,6591,top10k,2409
7789375,7789375.json,6592,top10k,2408
7938043,7938043.json,6593,top10k,2408
3574354,3574354.json,6594,top10k,2408
201800,201800.json,6595,top10k,2408
203662,203662.json,6595,top10k,2408
2821587,2821587.json,6595,top10k,2408
209155,209155.json,6595,top10k,2408
3902477,3902477.json,6595,top10k,2408
8460476,8460476.json,6595,top10k,2408
2564294,2564294.json,6595,top10k,2408
1799896,1799896.json,6595,top10k,2408
4648155,4648155.json,6595,top10k,2408
103477,103477.json,6595,top10k,2408
9121187,9121187.json,6595,top10k,2408
1011210,1011210.json,6606,top10k,2408
282881,282881.json,6606,top10k,2408
821372,821372.json,6606,top10k,2408
7300335,7300335.json,6606,top10k,2408
1902547,1902547.json,6606,top10k,2408
4451771,4451771.json,6606,top10k,2408
903959,903959.json,6606,top10k,2408
58753,58753.json,6606,top10k,2408
6314456,6314456.json,6606,top10k,2408
660718,660718.json,6606,top10k,2408
333069,333069.json,6606,top10k,2408
8354183,8354183.json,6606,top10k,2408
8076116,8076116.json,6606,top10k,2408
2681812,2681812.json,6606,top10k,2408
6259704,6259704.json,6620,top10k,2408
6247980,6247980.json,6620,top10k,2408
5352,5352.json,6620,top10k,2408
5363788,5363788.json,6620,top10k,2408
7122,7122.json,6620,top10k,2408
1551412,1551412.json,6620,top10k,2408
2318385,2318385.json,6620,top10k,2408
5085928,5085928.json,6620,top10k,2408
2726,2726.json,6620,top10k,2408
10494,10494.json,6620,top10k,2408
8627367,8627367.json,6620,top10k,2408
2568887,2568887.json,6620,top10k,2408
2380709,2380709.json,6620,top10k,2408
910017,910017.json,6620,top10k,2408
2573674,2573674.json,6620,top10k,2408
4329758,4329758.json,6620,top10k,2408
4064336,4064336.json,6620,top10k,2408
1419522,1419522.json,6620,top10k,2408
3602223,3602223.json,6620,top10k,2408
5972463,5972463.json,6620,top10k,2408
1828610,1828610.json,6620,top10k,2408
5834391,5834391.json,6620,top10k,2408
544740,544740.json,6620,top10k,2408
1586074,1586074.json,6620,top10k,2408
872299,872299.json,6620,top10k,2408
3915,3915.json,6620,top10k,2408
2527170,2527170.json,6620,top10k,2408
1955049,1955049.json,6620,top10k,2408
2321024,2321024.json,6620,top10k,2408
6280872,6280872.json,6620,top10k,2408
469992,469992.json,6620,top10k,2408
6267965,6267965.json,6620,top10k,2408
5576497,5576497.json,6620,top10k,2408
340960,340960.json,6620,top10k,2408
1253687,1253687.json,6620,top10k,2408
279760,279760.json,6620,top10k,2408
8150792,8150792.json,6620,top10k,2408
940169,940169.json,6620,top10k,2408
5418494,5418494.json,6620,top10k,2408
2011903,2011903.json,6620,top10k,2408
2898407,2898407.json,6620,top10k,2408
745256,745256.json,6620,top10k,2408
801118,801118.json,6620,top10k,2408
7367834,7367834.json,6620,top10k,2408
5601614,5601614.json,6620,top10k,2408
5277462,5277462.json,6620,top10k,2408
5602101,5602101.json,6620,top10k,2408
7435218,7435218.json,6620,top10k,2408
14860,14860.json,6620,top10k,2408
101679,101679.json,6620,top10k,2408
352877,352877.json,6620,top10k,2408
538067,538067.json,6620,top10k,2408
1022,1022.json,6620,top10k,2408
2187343,2187343.json,6620,top10k,2408
4953964,4953964.json,6620,top10k,2408
9435219,9435219.json,6620,top10k,2408
337705,337705.json,6620,top10k,2408
355903,355903.json,6620,top10k,2408
4053181,4053181.json,6620,top10k,2408
687369,687369.json,6620,top10k,2408
4033520,4033520.json,6620,top10k,2408
7038484,7038484.json,6620,top10k,2408
405775,405775.json,6620,top10k,2408
2975442,2975442.json,6620,top10k,2408
72130,72130.json,6620,top10k,2408
1000002,1000002.json,6620,top10k,2408
1984279,1984279.json,6620,top10k,2408
5790947,5790947.json,6620,top10k,2408
8247875,8247875.json,6620,top10k,2408
1060619,1060619.json,6620,top10k,2408
894275,894275.json,6620,top10k,2408
5746630,5746630.json,6620,top10k,2408
1874623,1874623.json,6620,top10k,2408
4371237,4371237.json,6620,top10k,2408
3603396,3603396.json,6620,top10k,2408
2524248,2524248.json,6620,top10k,2408
1963376,1963376.json,6620,top10k,2408
6412,6412.json,6620,top10k,2408
3679270,3679270.json,6698,top10k,2408
9056638,9056638.json,6698,top10k,2408
845610,845610.json,6698,top10k,2408
6156235,6156235.json,6698,top10k,2408
6292945,6292945.json,6698,top10k,2408
929799,929799.json,6698,top10k,2408
1143851,1143851.json,6698,top10k,2408
5567565,5567565.json,6698,top10k,2408
6458919,6458919.json,6698,top10k,2408
3222,3222.json,6698,top10k,2408
2554065,2554065.json,6698,top10k,2408
8313220,8313220.json,6698,top10k,2408
2886566,2886566.json,6698,top10k,2408
528724,528724.json,6698,top10k,2408
5610313,5610313.json,6698,top10k,2408
1876003,1876003.json,6698,top10k,2408
28858,28858.json,6698,top10k,2408
379364,379364.json,6698,top10k,2408
3943991,3943991.json,6698,top10k,2408
413379,413379.json,6698,top10k,2408
189801,189801.json,6698,top10k,2408
3732136,3732136.json,6698,top10k,2408
516495,516495.json,6698,top10k,2408
3818127,3818127.json,6698,top10k,2408
1543428,1543428.json,6698,top10k,2408
275622,275622.json,6698,top10k,2408
7499457,7499457.json,6698,top10k,2408
463453,463453.json,6698,top10k,2408
5395309,5395309.json,6698,top10k,2408
47812,47812.json,6698,top10k,2408
2271112,2271112.json,6698,top10k,2408
8593651,8593651.json,6698,top10k,2408
375932,375932.json,6698,top10k,2408
992107,992107.json,6698,top10k,2408
35348,35348.json,6698,top10k,2408
845631,845631.json,6698,top10k,2408
8528667,8528667.json,6698,top10k,2408
4068524,4068524.json,6698,top10k,2408
3983266,3983266.json,6698,top10k,2408
497606,497606.json,6698,top10k,2408
701667,701667.json,6698,top10k,2408
1637,1637.json,6698,top10k,2408
3362997,3362997.json,6698,top10k,2408
1011619,1011619.json,6698,top10k,2408
63256,63256.json,6698,top10k,2408
305087,305087.json,6698,top10k,2408
3869742,3869742.json,6698,top10k,2408
6052147,6052147.json,6698,top10k,2408
1185382,1185382.json,6698,top10k,2408
381066,381066.json,6698,top10k,2408
436440,436440.json,6698,top10k,2408
234495,234495.json,6698,top10k,2408
4000511,4000511.json,6698,top10k,2408
1241697,1241697.json,6698,top10k,2408
222777,222777.json,6752,top10k,2408
2469038,2469038.json,6752,top10k,2408
347124,347124.json,6752,top10k,2408
7062202,7062202.json,6752,top10k,2408
3385084,3385084.json,6752,top10k,2408
6823708,6823708.json,6752,top10k,2408
1053667,1053667.json,6752,top10k,2408
975087,975087.json,6752,top10k,2408
1992069,1992069.json,6752,top10k,2408
7773287,7773287.json,6752,top10k,2408
84146,84146.json,6752,top10k,2408
3904879,3904879.json,6752,top10k,2408
11120,11120.json,6752,top10k,2408
3196296,3196296.json,6752,top10k,2408
521732,521732.json,6752,top10k,2408
79432,79432.json,6752,top10k,2408
2976343,2976343.json,6752,top10k,2408
4246360,4246360.json,6752,top10k,2408
3864005,3864005.json,6752,top10k,2408
8752736,8752736.json,6752,top10k,2408
2518,2518.json,6752,top10k,2408
337960,337960.json,6752,top10k,2408
696712,696712.json,6752,top10k,2408
6968727,6968727.json,6752,top10k,2408
7387992,7387992.json,6752,top10k,2408
8337595,8337595.json,6752,top10k,2408
38939,38939.json,6752,top10k,2408
773300,773300.json,6752,top10k,2408
9143231,9143231.json,6752,top10k,2408
32500,32500.json,6781,top10k,2408
5557010,5557010.json,6781,top10k,2408
161151,161151.json,6781,top10k,2408
631122,631122.json,6781,top10k,2408
3416,3416.json,6781,top10k,2408
1997987,1997987.json,6781,top10k,2408
3079,3079.json,6781,top10k,2408
7468334,7468334.json,6781,top10k,2408
4429025,4429025.json,6781,top10k,2408
2281136,2281136.json,6781,top10k,2408
5983727,5983727.json,6781,top10k,2408
590,590.json,6781,top10k,2408
3828773,3828773.json,6781,top10k,2408
5672650,5672650.json,6781,top10k,2408
663466,663466.json,6781,top10k,2408
797139,797139.json,6781,top10k,2408
2817933,2817933.json,6781,top10k,2408
146994,146994.json,6781,top10k,2408
497369,497369.json,6781,top10k,2408
3980606,3980606.json,6781,top10k,2408
4970015,4970015.json,6781,top10k,2408
1642473,1642473.json,6781,top10k,2408
6051639,6051639.json,6781,top10k,2408
1073423,1073423.json,6781,top10k,2408
2995075,2995075.json,6781,top10k,2408
331386,331386.json,6781,top10k,2408
398619,398619.json,6807,top10k,2408
391425,391425.json,6807,top10k,2408
796445,796445.json,6807,top10k,2408
279136,279136.json,6807,top10k,2408
6424969,6424969.json,6807,top10k,2408
6427213,6427213.json,6807,top10k,2408
3461623,3461623.json,6807,top10k,2408
5461585,5461585.json,6807,top10k,2408
363750,363750.json,6807,top10k,2408
710916,710916.json,6807,top10k,2408
216537,216537.json,6807,top10k,2408
1155729,1155729.json,6807,top10k,2408
105805,105805.json,6807,top10k,2408
6650,6650.json,6807,top10k,2408
3135087,3135087.json,6807,top10k,2408
45400,45400.json,6822,top10k,2408
3889688,3889688.json,6822,top10k,2408
64543,64543.json,6822,top10k,2408
8361077,8361077.json,6822,top10k,2408
1195868,1195868.json,6822,top10k,2408
1487588,1487588.json,6822,top10k,2408
69558,69558.json,6822,top10k,2408
292746,292746.json,6822,top10k,2408
8007508,8007508.json,6822,top10k,2408
629734,629734.json,6822,top10k,2408
7763488,7763488.json,6822,top10k,2408
8399971,8399971.json,6833,top10k,2408
631604,631604.json,6833,top10k,2408
281223,281223.json,6833,top10k,2408
517698,517698.json,6833,top10k,2408
1765420,1765420.json,6833,top10k,2408
1120555,1120555.json,6833,top10k,2408
8022865,8022865.json,6833,top10k,2408
485992,485992.json,6833,top10k,2408
6895191,6895191.json,6841,top10k,2408
2308846,2308846.json,6842,top10k,2408
9065,9065.json,6842,top10k,2408
4823097,4823097.json,6842,top10k,2408
362648,362648.json,6845,top10k,2408
6652746,6652746.json,6845,top10k,2408
5514770,5514770.json,6847,top10k,2408
963370,963370.json,6847,top10k,2408
1084619,1084619.json,6847,top10k,2408
9359697,9359697.json,6850,top10k,2408
255982,255982.json,6851,top10k,2408
1420903,1420903.json,6852,top10k,2408
740756,740756.json,6853,top10k,2407
1879413,1879413.json,6854,top10k,2407
1891266,1891266.json,6855,top10k,2407
693802,693802.json,6856,top10k,2407
4949896,4949896.json,6857,top10k,2407
939626,939626.json,6857,top10k,2407
65068,65068.json,6859,top10k,2407
1562842,1562842.json,6859,top10k,2407
4751801,4751801.json,6861,top10k,2407
2010269,2010269.json,6861,top10k,2407
265808,265808.json,6861,top10k,2407
2103176,2103176.json,6861,top10k,2407
7955854,7955854.json,6861,top10k,2407
3118962,3118962.json,6866,top10k,2407
9462178,9462178.json,6866,top10k,2407
6169147,6169147.json,6866,top10k,2407
885536,885536.json,6866,top10k,2407
314473,314473.json,6866,top10k,2407
4891862,4891862.json,6866,top10k,2407
1379070,1379070.json,6866,top10k,2407
512518,512518.json,6866,top10k,2407
3241310,3241310.json,6866,top10k,2407
3243076,3243076.json,6866,top10k,2407
8173301,8173301.json,6866,top10k,2407
4162069,4162069.json,6866,top10k,2407
6416806,6416806.json,6866,top10k,2407
388520,388520.json,6866,top10k,2407
1964784,1964784.json,6866,top10k,2407
709516,709516.json,6866,top10k,2407
4014110,4014110.json,6866,top10k,2407
1427324,1427324.json,6866,top10k,2407
171153,171153.json,6884,top10k,2407
2504930,2504930.json,6884,top10k,2407
1966066,1966066.json,6884,top10k,2407
9297080,9297080.json,6884,top10k,2407
3691881,3691881.json,6884,top10k,2407
9441,9441.json,6884,top10k,2407
7315204,7315204.json,6884,top10k,2407
5153088,5153088.json,6884,top10k,2407
88480,88480.json,6884,top10k,2407
620627,620627.json,6884,top10k,2407
92172,92172.json,6884,top10k,2407
9372470,9372470.json,6884,top10k,2407
4583718,4583718.json,6884,top10k,2407
1913465,1913465.json,6884,top10k,2407
345541,345541.json,6884,top10k,2407
4866677,4866677.json,6884,top10k,2407
308142,308142.json,6884,top10k,2407
880519,880519.json,6884,top10k,2407
297509,297509.json,6884,top10k,2407
1208586,1208586.json,6884,top10k,2407
1809545,1809545.json,6884,top10k,2407
6633592,6633592.json,6884,top10k,2407
4523554,4523554.json,6884,top10k,2407
591165,591165.json,6884,top10k,2407
7884695,7884695.json,6884,top10k,2407
651960,651960.json,6884,top10k,2407
1999895,1999895.json,6884,top10k,2407
4431235,4431235.json,6884,top10k,2407
756971,756971.json,6884,top10k,2407
599033,599033.json,6884,top10k,2407
162847,162847.json,6884,top10k,2407
162776,162776.json,6884,top10k,2407
7162681,7162681.json,6884,top10k,2407
603839,603839.json,6884,top10k,2407
4186932,4186932.json,6884,top10k,2407
1571592,1571592.json,6884,top10k,2407
12378,12378.json,6884,top10k,2407
2807066,2807066.json,6884,top10k,2407
10723,10723.json,6884,top10k,2407
3431500,3431500.json,6884,top10k,2407
3815982,3815982.json,6884,top10k,2407
13203,13203.json,6884,top10k,2407
7711,7711.json,6884,top10k,2407
3829611,3829611.json,6884,top10k,2407
2618619,2618619.json,6884,top10k,2407
100563,100563.json,6884,top10k,2407
21316,21316.json,6884,top10k,2407
3477649,3477649.json,6884,top10k,2407
362590,362590.json,6884,top10k,2407
511079,511079.json,6884,top10k,2407
274613,274613.json,6884,top10k,2407
5416687,5416687.json,6884,top10k,2407
243081,243081.json,6884,top10k,2407
6385041,6385041.json,6884,top10k,2407
548943,548943.json,6884,top10k,2407
96138,96138.json,6884,top10k,2407
9404045,9404045.json,6884,top10k,2407
7484541,7484541.json,6884,top10k,2407
15217,15217.json,6884,top10k,2407
3684204,3684204.json,6884,top10k,2407
220468,220468.json,6884,top10k,2407
17061,17061.json,6884,top10k,2407
339589,339589.json,6884,top10k,2407
2578333,2578333.json,6884,top10k,2407
116727,116727.json,6884,top10k,2407
1016951,1016951.json,6884,top10k,2407
6856835,6856835.json,6884,top10k,2407
1129064,1129064.json,6884,top10k,2407
5229863,5229863.json,6884,top10k,2407
5234153,5234153.json,6884,top10k,2407
3388412,3388412.json,6884,top10k,2407
2594803,2594803.json,6884,top10k,2407
3536716,3536716.json,6956,top10k,2407
994392,994392.json,6956,top10k,2407
726134,726134.json,6956,top10k,2407
2707065,2707065.json,6956,top10k,2407
2345128,2345128.json,6956,top10k,2407
574805,574805.json,6956,top10k,2407
2904264,2904264.json,6956,top10k,2407
3802511,3802511.json,6956,top10k,2407
4862327,4862327.json,6956,top10k,2407
878512,878512.json,6956,top10k,2407
4228655,4228655.json,6956,top10k,2407
6327311,6327311.json,6956,top10k,2407
416356,416356.json,6956,top10k,2407
229455,229455.json,6956,top10k,2407
2513863,2513863.json,6956,top10k,2407
1377125,1377125.json,6956,top10k,2407
3074702,3074702.json,6956,top10k,2407
1597777,1597777.json,6956,top10k,2407
71978,71978.json,6956,top10k,2407
1378258,1378258.json,6956,top10k,2407
137775,137775.json,6956,top10k,2407
2969399,2969399.json,6956,top10k,2407
3782519,3782519.json,6956,top10k,2407
747644,747644.json,6956,top10k,2407
813340,813340.json,6956,top10k,2407
81193,81193.json,6956,top10k,2407
218066,218066.json,6956,top10k,2407
8501431,8501431.json,6956,top10k,2407
5076134,5076134.json,6956,top10k,2407
402,402.json,6956,top10k,2407
8487,8487.json,6956,top10k,2407
7865352,7865352.json,6956,top10k,2407
232699,232699.json,6956,top10k,2407
2481488,2481488.json,6956,top10k,2407
6074,6074.json,6956,top10k,2407
4947287,4947287.json,6956,top10k,2407
5289371,5289371.json,6956,top10k,2407
1337814,1337814.json,6956,top10k,2407
181790,181790.json,6956,top10k,2407
3768011,3768011.json,6956,top10k,2407
1289306,1289306.json,6956,top10k,2407
7116983,7116983.json,6956,top10k,2407
2955176,2955176.json,6956,top10k,2407
5996397,5996397.json,6956,top10k,2407
77806,77806.json,6956,top10k,2407
1313991,1313991.json,6956,top10k,2407
4730603,4730603.json,6956,top10k,2407
93998,93998.json,6956,top10k,2407
2542675,2542675.json,6956,top10k,2407
5485158,5485158.json,6956,top10k,2407
9033750,9033750.json,6956,top10k,2407
178805,178805.json,6956,top10k,2407
68810,68810.json,6956,top10k,2407
1501094,1501094.json,6956,top10k,2407
589988,589988.json,6956,top10k,2407
7033337,7033337.json,6956,top10k,2407
9963,9963.json,6956,top10k,2407
8531938,8531938.json,6956,top10k,2407
2170285,2170285.json,6956,top10k,2407
5101006,5101006.json,7015,top10k,2407
4868057,4868057.json,7015,top10k,2407
446829,446829.json,7015,top10k,2407
2228048,2228048.json,7015,top10k,2407
1118943,1118943.json,7015,top10k,2407
3581814,3581814.json,7015,top10k,2407
57294,57294.json,7015,top10k,2407
18480,18480.json,7015,top10k,2407
5173549,5173549.json,7015,top10k,2407
308268,308268.json,7015,top10k,2407
103159,103159.json,7015,top10k,2407
268744,268744.json,7015,top10k,2407
1265266,1265266.json,7015,top10k,2407
5689,5689.json,7015,top10k,2407
7359191,7359191.json,7015,top10k,2407
3442879,3442879.json,7015,top10k,2407
9234,9234.json,7015,top10k,2407
367965,367965.json,7015,top10k,2407
166389,166389.json,7015,top10k,2407
198346,198346.json,7015,top10k,2407
80242,80242.json,7015,top10k,2407
339421,339421.json,7015,top10k,2407
84310,84310.json,7015,top10k,2407
1013121,1013121.json,7015,top10k,2407
392222,392222.json,7015,top10k,2407
7172969,7172969.json,7015,top10k,2407
2524541,2524541.json,7015,top10k,2407
6449368,6449368.json,7015,top10k,2407
2534364,2534364.json,7015,top10k,2407
7913579,7913579.json,7015,top10k,2407
716845,716845.json,7015,top10k,2407
3308558,3308558.json,7015,top10k,2407
2030936,2030936.json,7015,top10k,2407
407758,407758.json,7015,top10k,2407
1473374,1473374.json,7015,top10k,2407
2157794,2157794.json,7015,top10k,2407
1009536,1009536.json,7015,top10k,2407
3525291,3525291.json,7052,top10k,2407
5518274,5518274.json,7052,top10k,2407
29701,29701.json,7052,top10k,2407
140416,140416.json,7052,top10k,2407
1171479,1171479.json,7052,top10k,2407
877103,877103.json,7052,top10k,2407
366029,366029.json,7052,top10k,2407
33239,33239.json,7052,top10k,2407
252707,252707.json,7052,top10k,2407
3959155,3959155.json,7052,top10k,2407
3163369,3163369.json,7052,top10k,2407
30806,30806.json,7052,top10k,2407
3535568,3535568.json,7052,top10k,2407
7899,7899.json,7052,top10k,2407
1253320,1253320.json,7052,top10k,2407
6207518,6207518.json,7052,top10k,2407
6212393,6212393.json,7052,top10k,2407
8853934,8853934.json,7052,top10k,2407
1902721,1902721.json,7052,top10k,2407
7945967,7945967.json,7052,top10k,2407
8902269,8902269.json,7052,top10k,2407
3230495,3230495.json,7052,top10k,2407
8224742,8224742.json,7052,top10k,2407
69386,69386.json,7052,top10k,2407
1814,1814.json,7052,top10k,2407
6945412,6945412.json,7052,top10k,2407
17666,17666.json,7052,top10k,2407
1967637,1967637.json,7052,top10k,2407
2288770,2288770.json,7052,top10k,2407
14670,14670.json,7052,top10k,2407
1797135,1797135.json,7082,top10k,2407
8313252,8313252.json,7082,top10k,2407
8949567,8949567.json,7082,top10k,2407
925209,925209.json,7082,top10k,2407
273021,273021.json,7082,top10k,2407
7689547,7689547.json,7082,top10k,2407
435495,435495.json,7082,top10k,2407
6961107,6961107.json,7082,top10k,2407
5010675,5010675.json,7082,top10k,2407
5400370,5400370.json,7082,top10k,2407
854192,854192.json,7082,top10k,2407
4779610,4779610.json,7082,top10k,2407
6970218,6970218.json,7082,top10k,2407
679805,679805.json,7082,top10k,2407
1471148,1471148.json,7082,top10k,2407
813760,813760.json,7082,top10k,2407
162797,162797.json,7082,top10k,2407
3072730,3072730.json,7082,top10k,2407
8389033,8389033.json,7100,top10k,2407
6433175,6433175.json,7100,top10k,2407
4135932,4135932.json,7100,top10k,2407
4152146,4152146.json,7100,top10k,2407
4110891,4110891.json,7100,top10k,2407
7214398,7214398.json,7100,top10k,2407
919831,919831.json,7100,top10k,2407
35451,35451.json,7100,top10k,2407
5173250,5173250.json,7100,top10k,2407
1786043,1786043.json,7100,top10k,2407
89701,89701.json,7100,top10k,2407
1357761,1357761.json,7111,top10k,2407
583680,583680.json,7111,top10k,2407
1061238,1061238.json,7111,top10k,2407
7469216,7469216.json,7111,top10k,2407
3986632,3986632.json,7111,top10k,2407
762955,762955.json,7111,top10k,2407
2480152,2480152.json,7111,top10k,2407
6611533,6611533.json,7111,top10k,2407
3348176,3348176.json,7111,top10k,2407
695766,695766.json,7120,top10k,2407
5965550,5965550.json,7120,top10k,2407
35542,35542.json,7120,top10k,2407
95294,95294.json,7120,top10k,2407
654786,654786.json,7120,top10k,2407
997886,997886.json,7120,top10k,2407
1774836,1774836.json,7120,top10k,2407
4816733,4816733.json,7127,top10k,2407
1765572,1765572.json,7127,top10k,2407
8180210,8180210.json,7127,top10k,2407
4330665,4330665.json,7127,top10k,2407
4081291,4081291.json,7127,top10k,2407
5596914,5596914.json,7132,top10k,2407
366623,366623.json,7132,top10k,2407
187641,187641.json,7132,top10k,2407
6618063,6618063.json,7135,top10k,2407
108994,108994.json,7135,top10k,2407
5713659,5713659.json,7135,top10k,2407
5049730,5049730.json,7138,top10k,2407
69760,69760.json,7138,top10k,2407
4272132,4272132.json,7140,top10k,2407
212357,212357.json,7140,top10k,2407
200356,200356.json,7142,top10k,2406
996889,996889.json,7143,top10k,2406
3262394,3262394.json,7144,top10k,2406
6767073,6767073.json,7144,top10k,2406
2003416,2003416.json,7146,top10k,2406
9000879,9000879.json,7146,top10k,2406
2115972,2115972.json,7146,top10k,2406
8581428,8581428.json,7149,top10k,2406
1579045,1579045.json,7149,top10k,2406
5810,5810.json,7149,top10k,2406
9315,9315.json,7149,top10k,2406
6276033,6276033.json,7149,top10k,2406
1021553,1021553.json,7149,top10k,2406
3920763,3920763.json,7149,top10k,2406
22794,22794.json,7149,top10k,2406
5483106,5483106.json,7149,top10k,2406
5839972,5839972.json,7149,top10k,2406
4343601,4343601.json,7149,top10k,2406
2858984,2858984.json,7149,top10k,2406
6238520,6238520.json,7149,top10k,2406
8861034,8861034.json,7149,top10k,2406
5164070,5164070.json,7149,top10k,2406
6293558,6293558.json,7149,top10k,2406
237036,237036.json,7149,top10k,2406
2069476,2069476.json,7149,top10k,2406
2227309,2227309.json,7149,top10k,2406
3799595,3799595.json,7149,top10k,2406
519182,519182.json,7169,top10k,2406
2120165,2120165.json,7169,top10k,2406
62296,62296.json,7169,top10k,2406
5164192,5164192.json,7169,top10k,2406
5611743,5611743.json,7169,top10k,2406
1033852,1033852.json,7169,top10k,2406
3245716,3245716.json,7169,top10k,2406
3758445,3758445.json,7169,top10k,2406
3745059,3745059.json,7169,top10k,2406
1786078,1786078.json,7169,top10k,2406
238799,238799.json,7169,top10k,2406
9068059,9068059.json,7169,top10k,2406
240033,240033.json,7169,top10k,2406
1794442,1794442.json,7169,top10k,2406
98266,98266.json,7169,top10k,2406
488605,488605.json,7169,top10k,2406
3104169,3104169.json,7169,top10k,2406
3123748,3123748.json,7169,top10k,2406
180249,180249.json,7169,top10k,2406
321205,321205.json,7169,top10k,2406
4319516,4319516.json,7169,top10k,2406
16927,16927.json,7169,top10k,2406
4332202,4332202.json,7169,top10k,2406
6170520,6170520.json,7169,top10k,2406
170838,170838.json,7169,top10k,2406
1332644,1332644.json,7169,top10k,2406
2762369,2762369.json,7169,top10k,2406
8900792,8900792.json,7169,top10k,2406
2236341,2236341.json,7169,top10k,2406
4835205,4835205.json,7169,top10k,2406
3708139,3708139.json,7169,top10k,2406
6981213,6981213.json,7169,top10k,2406
3798944,3798944.json,7169,top10k,2406
289827,289827.json,7169,top10k,2406
913079,913079.json,7169,top10k,2406
185133,185133.json,7169,top10k,2406
1125,1125.json,7169,top10k,2406
275482,275482.json,7169,top10k,2406
165192,165192.json,7169,top10k,2406
3428037,3428037.json,7169,top10k,2406
880562,880562.json,7169,top10k,2406
8800606,8800606.json,7169,top10k,2406
231378,231378.json,7169,top10k,2406
2774989,2774989.json,7169,top10k,2406
2689,2689.json,7169,top10k,2406
1396899,1396899.json,7169,top10k,2406
2027348,2027348.json,7169,top10k,2406
494053,494053.json,7169,top10k,2406
5431101,5431101.json,7169,top10k,2406
8034,8034.json,7169,top10k,2406
418572,418572.json,7169,top10k,2406
2535918,2535918.json,7169,top10k,2406
7150384,7150384.json,7169,top10k,2406
1104724,1104724.json,7169,top10k,2406
7189647,7189647.json,7169,top10k,2406
4212441,4212441.json,7169,top10k,2406
63623,63623.json,7169,top10k,2406
4805760,4805760.json,7169,top10k,2406
203679,203679.json,7169,top10k,2406
3661197,3661197.json,7169,top10k,2406
12335,12335.json,7169,top10k,2406
4166588,4166588.json,7169,top10k,2406
4728751,4728751.json,7169,top10k,2406
5447853,5447853.json,7169,top10k,2406
3428256,3428256.json,7169,top10k,2406
469172,469172.json,7169,top10k,2406
2867424,2867424.json,7169,top10k,2406
8131039,8131039.json,7169,top10k,2406
2592670,2592670.json,7169,top10k,2406
2031244,2031244.json,7169,top10k,2406
5022,5022.json,7169,top10k,2406
49679,49679.json,7169,top10k,2406
3126281,3126281.json,7169,top10k,2406
974459,974459.json,7242,top10k,2406
293770,293770.json,7242,top10k,2406
7867237,7867237.json,7242,top10k,2406
4969467,4969467.json,7242,top10k,2406
547872,547872.json,7242,top10k,2406
815901,815901.json,7242,top10k,2406
769661,769661.json,7242,top10k,2406
370545,370545.json,7242,top10k,2406
1244595,1244595.json,7242,top10k,2406
92386,92386.json,7242,top10k,2406
4651039,4651039.json,7242,top10k,2406
195562,195562.json,7242,top10k,2406
102097,102097.json,7242,top10k,2406
31786,31786.json,7242,top10k,2406
2297139,2297139.json,7242,top10k,2406
788088,788088.json,7242,top10k,2406
234259,234259.json,7242,top10k,2406
4647015,4647015.json,7242,top10k,2406
1823586,1823586.json,7242,top10k,2406
955715,955715.json,7242,top10k,2406
4464,4464.json,7242,top10k,2406
1291712,1291712.json,7242,top10k,2406
3761317,3761317.json,7242,top10k,2406
323164,323164.json,7242,top10k,2406
32131,32131.json,7242,top10k,2406
18456,18456.json,7242,top10k,2406
5817160,5817160.json,7242,top10k,2406
5833606,5833606.json,7242,top10k,2406
90951,90951.json,7242,top10k,2406
8232055,8232055.json,7242,top10k,2406
7637830,7637830.json,7242,top10k,2406
4608722,4608722.json,7242,top10k,2406
3245406,3245406.json,7242,top10k,2406
7490904,7490904.json,7242,top10k,2406
747621,747621.json,7242,top10k,2406
241001,241001.json,7242,top10k,2406
1781937,1781937.json,7242,top10k,2406
1780951,1780951.json,7242,top10k,2406
596258,596258.json,7242,top10k,2406
5954729,5954729.json,7242,top10k,2406
130901,130901.json,7242,top10k,2406
23807,23807.json,7242,top10k,2406
5846100,5846100.json,7242,top10k,2406
388458,388458.json,7242,top10k,2406
137698,137698.json,7242,top10k,2406
6302564,6302564.json,7242,top10k,2406
1637860,1637860.json,7242,top10k,2406
2975409,2975409.json,7242,top10k,2406
619467,619467.json,7242,top10k,2406
61958,61958.json,7242,top10k,2406
269539,269539.json,7242,top10k,2406
2983078,2983078.json,7242,top10k,2406
6261799,6261799.json,7242,top10k,2406
8790953,8790953.json,7242,top10k,2406
888808,888808.json,7242,top10k,2406
298987,298987.json,7242,top10k,2406
3435918,3435918.json,7242,top10k,2406
10674,10674.json,7242,top10k,2406
2433633,2433633.json,7242,top10k,2406
2902701,2902701.json,7242,top10k,2406
3253598,3253598.json,7242,top10k,2406
3800241,3800241.json,7242,top10k,2406
5197200,5197200.json,7242,top10k,2406
1315842,1315842.json,7242,top10k,2406
4963801,4963801.json,7242,top10k,2406
6821858,6821858.json,7242,top10k,2406
410749,410749.json,7242,top10k,2406
7010991,7010991.json,7242,top10k,2406
4961251,4961251.json,7242,top10k,2406
1449724,1449724.json,7242,top10k,2406
1113310,1113310.json,7242,top10k,2406
684780,684780.json,7242,top10k,2406
295169,295169.json,7242,top10k,2406
1506929,1506929.json,7242,top10k,2406
8425283,8425283.json,7242,top10k,2406
8675395,8675395.json,7242,top10k,2406
4133144,4133144.json,7242,top10k,2406
3312397,3312397.json,7242,top10k,2406
6380855,6380855.json,7242,top10k,2406
2517721,2517721.json,7242,top10k,2406
32995,32995.json,7242,top10k,2406
3513367,3513367.json,7323,top10k,2406
197651,197651.json,7323,top10k,2406
7764747,7764747.json,7323,top10k,2406
4995842,4995842.json,7323,top10k,2406
543,543.json,7323,top10k,2406
223650,223650.json,7323,top10k,2406
352,352.json,7323,top10k,2406
99420,99420.json,7323,top10k,2406
2858346,2858346.json,7323,top10k,2406
3642715,3642715.json,7323,top10k,2406
3647803,3647803.json,7323,top10k,2406
53265,53265.json,7323,top10k,2406
3622613,3622613.json,7323,top10k,2406
4822781,4822781.json,7323,top10k,2406
3206379,3206379.json,7323,top10k,2406
5889321,5889321.json,7323,top10k,2406
3483843,3483843.json,7323,top10k,2406
916971,916971.json,7323,top10k,2406
48160,48160.json,7323,top10k,2406
126073,126073.json,7323,top10k,2406
5778037,5778037.json,7323,top10k,2406
420471,420471.json,7323,top10k,2406
270581,270581.json,7323,top10k,2406
2723556,2723556.json,7323,top10k,2406
6287415,6287415.json,7323,top10k,2406
491208,491208.json,7323,top10k,2406
4862548,4862548.json,7323,top10k,2406
612021,612021.json,7323,top10k,2406
6127910,6127910.json,7323,top10k,2406
609964,609964.json,7323,top10k,2406
870330,870330.json,7323,top10k,2406
40703,40703.json,7323,top10k,2406
6830207,6830207.json,7323,top10k,2406
1491251,1491251.json,7323,top10k,2406
8646670,8646670.json,7323,top10k,2406
1163338,1163338.json,7323,top10k,2406
259755,259755.json,7323,top10k,2406
2613453,2613453.json,7323,top10k,2406
4138383,4138383.json,7361,top10k,2406
673071,673071.json,7361,top10k,2406
525873,525873.json,7361,top10k,2406
886720,886720.json,7361,top10k,2406
6816585,6816585.json,7361,top10k,2406
1650,1650.json,7361,top10k,2406
9223624,9223624.json,7361,top10k,2406
6383813,6383813.json,7361,top10k,2406
39980,39980.json,7361,top10k,2406
4399403,4399403.json,7361,top10k,2406
1734804,1734804.json,7361,top10k,2406
3918041,3918041.json,7361,top10k,2406
3073329,3073329.json,7361,top10k,2406
3994804,3994804.json,7361,top10k,2406
27873,27873.json,7361,top10k,2406
12843,12843.json,7361,top10k,2406
808773,808773.json,7361,top10k,2406
2185665,2185665.json,7361,top10k,2406
7333071,7333071.json,7361,top10k,2406
587729,587729.json,7361,top10k,2406
516389,516389.json,7361,top10k,2406
2706318,2706318.json,7361,top10k,2406
2908988,2908988.json,7361,top10k,2406
990065,990065.json,7361,top10k,2406
273063,273063.json,7361,top10k,2406
210109,210109.json,7361,top10k,2406
18016,18016.json,7361,top10k,2406
3839104,3839104.json,7361,top10k,2406
139132,139132.json,7361,top10k,2406
3885073,3885073.json,7361,top10k,2406
2413037,2413037.json,7361,top10k,2406
7845234,7845234.json,7392,top10k,2406
6128334,6128334.json,7392,top10k,2406
204544,204544.json,7392,top10k,2406
40990,40990.json,7392,top10k,2406
1727484,1727484.json,7392,top10k,2406
710976,710976.json,7392,top10k,2406
1420461,1420461.json,7392,top10k,2406
14663,14663.json,7392,top10k,2406
700061,700061.json,7392,top10k,2406
1570386,1570386.json,7392,top10k,2406
4951742,4951742.json,7392,top10k,2406
2747,2747.json,7392,top10k,2406
7237606,7237606.json,7392,top10k,2406
28926,28926.json,7392,top10k,2406
96361,96361.json,7392,top10k,2406
11199,11199.json,7407,top10k,2406
2417771,2417771.json,7407,top10k,2406
5304434,5304434.json,7407,top10k,2406
5745476,5745476.json,7407,top10k,2406
2281271,2281271.json,7407,top10k,2406
868203,868203.json,7407,top10k,2406
6395851,6395851.json,7407,top10k,2406
1143015,1143015.json,7407,top10k,2406
3721010,3721010.json,7407,top10k,2406
1875769,1875769.json,7407,top10k,2406
2051443,2051443.json,7407,top10k,2406
373530,373530.json,7418,top10k,2406
63375,63375.json,7418,top10k,2406
4246665,4246665.json,7418,top10k,2406
2995418,2995418.json,7418,top10k,2406
3972195,3972195.json,7418,top10k,2406
2992159,2992159.json,7418,top10k,2406
5030766,5030766.json,7418,top10k,2406
1957519,1957519.json,7425,top10k,2406
1222792,1222792.json,7425,top10k,2406
5486810,5486810.json,7427,top10k,2406
914535,914535.json,7427,top10k,2406
667340,667340.json,7429,top10k,2406
4113389,4113389.json,7429,top10k,2406
890605,890605.json,7429,top10k,2406
4311047,4311047.json,7429,top10k,2406
2984892,2984892.json,7433,top10k,2406
3642368,3642368.json,7433,top10k,2406
2901,2901.json,7433,top10k,2406
156098,156098.json,7436,top10k,2406
9234448,9234448.json,7436,top10k,2406
2740463,2740463.json,7438,top10k,2406
8125467,8125467.json,7439,top10k,2406
6605237,6605237.json,7440,top10k,2406
518081,518081.json,7441,top10k,2405
7772938,7772938.json,7442,top10k,2405
4120064,4120064.json,7443,top10k,2405
296790,296790.json,7443,top10k,2405
1294953,1294953.json,7443,top10k,2405
7884627,7884627.json,7446,top10k,2405
1027111,1027111.json,7446,top10k,2405
2456982,2456982.json,7446,top10k,2405
4381767,4381767.json,7446,top10k,2405
3528513,3528513.json,7446,top10k,2405
7121752,7121752.json,7451,top10k,2405
2341402,2341402.json,7451,top10k,2405
8721548,8721548.json,7451,top10k,2405
4096322,4096322.json,7451,top10k,2405
5687919,5687919.json,7451,top10k,2405
4364652,4364652.json,7451,top10k,2405
5393465,5393465.json,7451,top10k,2405
34412,34412.json,7451,top10k,2405
2708533,2708533.json,7451,top10k,2405
3269679,3269679.json,7451,top10k,2405
490666,490666.json,7451,top10k,2405
2175570,2175570.json,7462,top10k,2405
1156936,1156936.json,7462,top10k,2405
54153,54153.json,7462,top10k,2405
7460812,7460812.json,7462,top10k,2405
4901217,4901217.json,7462,top10k,2405
3468947,3468947.json,7462,top10k,2405
4422618,4422618.json,7462,top10k,2405
221290,221290.json,7462,top10k,2405
7311695,7311695.json,7462,top10k,2405
164950,164950.json,7462,top10k,2405
6248991,6248991.json,7462,top10k,2405
1684062,1684062.json,7462,top10k,2405
2451454,2451454.json,7462,top10k,2405
1713588,1713588.json,7462,top10k,2405
6147501,6147501.json,7462,top10k,2405
2439778,2439778.json,7462,top10k,2405
7735002,7735002.json,7462,top10k,2405
422156,422156.json,7462,top10k,2405
1174037,1174037.json,7462,top10k,2405
874382,874382.json,7462,top10k,2405
96123,96123.json,7482,top10k,2405
1830908,1830908.json,7482,top10k,2405
4883037,4883037.json,7482,top10k,2405
3789069,3789069.json,7482,top10k,2405
7390625,7390625.json,7482,top10k,2405
2393971,2393971.json,7482,top10k,2405
907262,907262.json,7482,top10k,2405
181240,181240.json,7482,top10k,2405
184511,184511.json,7482,top10k,2405
742000,742000.json,7482,top10k,2405
1184555,1184555.json,7482,top10k,2405
979,979.json,7482,top10k,2405
946521,946521.json,7482,top10k,2405
1773163,1773163.json,7482,top10k,2405
3001989,3001989.json,7482,top10k,2405
6091291,6091291.json,7482,top10k,2405
24111,24111.json,7482,top10k,2405
3728884,3728884.json,7482,top10k,2405
1278299,1278299.json,7482,top10k,2405
3747140,3747140.json,7482,top10k,2405
8477044,8477044.json,7482,top10k,2405
1706578,1706578.json,7482,top10k,2405
843634,843634.json,7482,top10k,2405
3946313,3946313.json,7482,top10k,2405
1064029,1064029.json,7482,top10k,2405
32902,32902.json,7482,top10k,2405
3408208,3408208.json,7482,top10k,2405
3403121,3403121.json,7482,top10k,2405
6179788,6179788.json,7482,top10k,2405
6918466,6918466.json,7482,top10k,2405
294498,294498.json,7482,top10k,2405
298949,298949.json,7482,top10k,2405
6180596,6180596.json,7482,top10k,2405
5996963,5996963.json,7482,top10k,2405
7152579,7152579.json,7482,top10k,2405
841678,841678.json,7482,top10k,2405
520648,520648.json,7482,top10k,2405
1345439,1345439.json,7482,top10k,2405
2679294,2679294.json,7482,top10k,2405
291742,291742.json,7482,top10k,2405
177,177.json,7482,top10k,2405
983293,983293.json,7482,top10k,2405
806079,806079.json,7482,top10k,2405
9927665,9927665.json,7482,top10k,2405
37081,37081.json,7482,top10k,2405
2349811,2349811.json,7482,top10k,2405
3378693,3378693.json,7482,top10k,2405
6729225,6729225.json,7482,top10k,2405
7810780,7810780.json,7482,top10k,2405
919596,919596.json,7482,top10k,2405
4639151,4639151.json,7482,top10k,2405
46576,46576.json,7482,top10k,2405
24703,24703.json,7482,top10k,2405
1017,1017.json,7482,top10k,2405
428478,428478.json,7482,top10k,2405
9536,9536.json,7482,top10k,2405
4073911,4073911.json,7482,top10k,2405
410974,410974.json,7482,top10k,2405
4650516,4650516.json,7482,top10k,2405
191953,191953.json,7482,top10k,2405
6558839,6558839.json,7482,top10k,2405
6595381,6595381.json,7482,top10k,2405
29615,29615.json,7482,top10k,2405
2524078,2524078.json,7482,top10k,2405
6526447,6526447.json,7482,top10k,2405
33216,33216.json,7482,top10k,2405
879700,879700.json,7482,top10k,2405
1229307,1229307.json,7482,top10k,2405
779138,779138.json,7482,top10k,2405
1531903,1531903.json,7482,top10k,2405
5523294,5523294.json,7482,top10k,2405
580291,580291.json,7553,top10k,2405
182534,182534.json,7553,top10k,2405
452662,452662.json,7553,top10k,2405
31405,31405.json,7553,top10k,2405
586,586.json,7553,top10k,2405
2646758,2646758.json,7553,top10k,2405
3948083,3948083.json,7553,top10k,2405
174944,174944.json,7553,top10k,2405
4397322,4397322.json,7553,top10k,2405
6132017,6132017.json,7553,top10k,2405
766919,766919.json,7553,top10k,2405
7559503,7559503.json,7553,top10k,2405
2756743,2756743.json,7553,top10k,2405
5919403,5919403.json,7553,top10k,2405
2397559,2397559.json,7553,top10k,2405
5389,5389.json,7553,top10k,2405
2707223,2707223.json,7553,top10k,2405
9047205,9047205.json,7553,top10k,2405
5964299,5964299.json,7553,top10k,2405
3833124,3833124.json,7553,top10k,2405
5198308,5198308.json,7553,top10k,2405
4891695,4891695.json,7553,top10k,2405
31641,31641.json,7553,top10k,2405
830657,830657.json,7553,top10k,2405
5829995,5829995.json,7553,top10k,2405
73583,73583.json,7553,top10k,2405
5085428,5085428.json,7553,top10k,2405
7443723,7443723.json,7553,top10k,2405
1124,1124.json,7553,top10k,2405
8345449,8345449.json,7553,top10k,2405
131758,131758.json,7553,top10k,2405
3105795,3105795.json,7553,top10k,2405
5089381,5089381.json,7553,top10k,2405
358287,358287.json,7553,top10k,2405
215865,215865.json,7553,top10k,2405
2852609,2852609.json,7553,top10k,2405
3129124,3129124.json,7553,top10k,2405
937408,937408.json,7553,top10k,2405
1978367,1978367.json,7553,top10k,2405
3620854,3620854.json,7553,top10k,2405
648064,648064.json,7553,top10k,2405
793528,793528.json,7553,top10k,2405
54983,54983.json,7553,top10k,2405
2288077,2288077.json,7553,top10k,2405
4254220,4254220.json,7553,top10k,2405
6370293,6370293.json,7553,top10k,2405
1630599,1630599.json,7553,top10k,2405
2953889,2953889.json,7553,top10k,2405
5582102,5582102.json,7553,top10k,2405
6729487,6729487.json,7553,top10k,2405
6330933,6330933.json,7553,top10k,2405
6329779,6329779.json,7553,top10k,2405
152333,152333.json,7553,top10k,2405
4287395,4287395.json,7553,top10k,2405
62809,62809.json,7553,top10k,2405
6822740,6822740.json,7553,top10k,2405
6778751,6778751.json,7553,top10k,2405
52717,52717.json,7553,top10k,2405
1489141,1489141.json,7553,top10k,2405
1917409,1917409.json,7553,top10k,2405
1243806,1243806.json,7553,top10k,2405
369577,369577.json,7553,top10k,2405
2552423,2552423.json,7553,top10k,2405
116207,116207.json,7553,top10k,2405
6215560,6215560.json,7553,top10k,2405
4012747,4012747.json,7553,top10k,2405
1479629,1479629.json,7553,top10k,2405
36886,36886.json,7553,top10k,2405
4619935,4619935.json,7553,top10k,2405
557472,557472.json,7553,top10k,2405
319651,319651.json,7553,top10k,2405
132190,132190.json,7553,top10k,2405
4669286,4669286.json,7553,top10k,2405
7816616,7816616.json,7553,top10k,2405
781857,781857.json,7553,top10k,2405
7525786,7525786.json,7628,top10k,2405
4486960,4486960.json,7628,top10k,2405
4986996,4986996.json,7628,top10k,2405
2862829,2862829.json,7628,top10k,2405
322072,322072.json,7628,top10k,2405
2900427,2900427.json,7628,top10k,2405
800347,800347.json,7628,top10k,2405
201650,201650.json,7628,top10k,2405
968735,968735.json,7628,top10k,2405
1193814,1193814.json,7628,top10k,2405
4308890,4308890.json,7628,top10k,2405
30752,30752.json,7628,top10k,2405
303009,303009.json,7628,top10k,2405
1439309,1439309.json,7628,top10k,2405
90401,90401.json,7628,top10k,2405
4454681,4454681.json,7628,top10k,2405
9126988,9126988.json,7628,top10k,2405
3234026,3234026.json,7628,top10k,2405
240971,240971.json,7628,top10k,2405
83909,83909.json,7628,top10k,2405
521890,521890.json,7628,top10k,2405
899210,899210.json,7628,top10k,2405
395677,395677.json,7628,top10k,2405
60501,60501.json,7628,top10k,2405
20283,20283.json,7628,top10k,2405
843201,843201.json,7628,top10k,2405
877767,877767.json,7628,top10k,2405
4110033,4110033.json,7628,top10k,2405
363583,363583.json,7628,top10k,2405
6500260,6500260.json,7628,top10k,2405
8661106,8661106.json,7628,top10k,2405
6624811,6624811.json,7628,top10k,2405
30325,30325.json,7628,top10k,2405
199390,199390.json,7628,top10k,2405
1073831,1073831.json,7628,top10k,2405
2561476,2561476.json,7628,top10k,2405
863038,863038.json,7628,top10k,2405
4040080,4040080.json,7628,top10k,2405
11462,11462.json,7628,top10k,2405
2067393,2067393.json,7628,top10k,2405
5332099,5332099.json,7628,top10k,2405
3305861,3305861.json,7628,top10k,2405
11380,11380.json,7628,top10k,2405
1138493,1138493.json,7628,top10k,2405
4999291,4999291.json,7672,top10k,2405
9393579,9393579.json,7672,top10k,2405
7350185,7350185.json,7672,top10k,2405
2852711,2852711.json,7672,top10k,2405
5346024,5346024.json,7672,top10k,2405
173442,173442.json,7672,top10k,2405
1360633,1360633.json,7672,top10k,2405
8291947,8291947.json,7672,top10k,2405
820904,820904.json,7672,top10k,2405
761078,761078.json,7672,top10k,2405
1015451,1015451.json,7672,top10k,2405
7529248,7529248.json,7672,top10k,2405
711482,711482.json,7672,top10k,2405
440660,440660.json,7672,top10k,2405
4684389,4684389.json,7672,top10k,2405
1629982,1629982.json,7672,top10k,2405
3640349,3640349.json,7672,top10k,2405
25547,25547.json,7672,top10k,2405
4640448,4640448.json,7672,top10k,2405
848469,848469.json,7672,top10k,2405
2955539,2955539.json,7672,top10k,2405
6627958,6627958.json,7672,top10k,2405
2441588,2441588.json,7672,top10k,2405
4641284,4641284.json,7672,top10k,2405
5261154,5261154.json,7672,top10k,2405
1080197,1080197.json,7672,top10k,2405
5635074,5635074.json,7672,top10k,2405
6240524,6240524.json,7672,top10k,2405
1243317,1243317.json,7672,top10k,2405
744069,744069.json,7701,top10k,2405
610793,610793.json,7701,top10k,2405
1367399,1367399.json,7701,top10k,2405
7174572,7174572.json,7701,top10k,2405
4552352,4552352.json,7701,top10k,2405
2472885,2472885.json,7701,top10k,2405
234646,234646.json,7701,top10k,2405
1142362,1142362.json,7701,top10k,2405
5310238,5310238.json,7701,top10k,2405
6329177,6329177.json,7701,top10k,2405
42278,42278.json,7701,top10k,2405
157301,157301.json,7701,top10k,2405
1073340,1073340.json,7713,top10k,2405
6619921,6619921.json,7713,top10k,2405
7797,7797.json,7713,top10k,2405
423835,423835.json,7713,top10k,2405
2443,2443.json,7713,top10k,2405
7057702,7057702.json,7713,top10k,2405
2649478,2649478.json,7713,top10k,2405
4592691,4592691.json,7713,top10k,2405
5817609,5817609.json,7713,top10k,2405
1166255,1166255.json,7713,top10k,2405
357157,357157.json,7713,top10k,2405
1805375,1805375.json,7713,top10k,2405
5943545,5943545.json,7713,top10k,2405
9042798,9042798.json,7713,top10k,2405
368472,368472.json,7727,top10k,2405
8149140,8149140.json,7727,top10k,2405
5188,5188.json,7727,top10k,2405
4858232,4858232.json,7727,top10k,2405
138962,138962.json,7727,top10k,2405
448925,448925.json,7727,top10k,2405
589047,589047.json,7727,top10k,2405
4789240,4789240.json,7727,top10k,2405
7932271,7932271.json,7727,top10k,2405
7975421,7975421.json,7736,top10k,2405
2765395,2765395.json,7736,top10k,2405
8380,8380.json,7738,top10k,2405
1265331,1265331.json,7738,top10k,2405
4011008,4011008.json,7738,top10k,2405
2309291,2309291.json,7738,top10k,2405
1178859,1178859.json,7738,top10k,2405
2992355,2992355.json,7743,top10k,2405
553819,553819.json,7743,top10k,2405
5081521,5081521.json,7743,top10k,2405
2419223,2419223.json,7746,top10k,2405
855979,855979.json,7746,top10k,2405
1641592,1641592.json,7746,top10k,2405
5012850,5012850.json,7746,top10k,2405
58575,58575.json,7750,top10k,2405
4001606,4001606.json,7751,top10k,2405
46158,46158.json,7752,top10k,2405
597208,597208.json,7753,top10k,2405
770486,770486.json,7754,top10k,2405
8472155,8472155.json,7755,top10k,2404
2718819,2718819.json,7756,top10k,2404
636042,636042.json,7756,top10k,2404
806007,806007.json,7758,top10k,2404
83361,83361.json,7759,top10k,2404
7271477,7271477.json,7759,top10k,2404
2834146,2834146.json,7759,top10k,2404
406841,406841.json,7759,top10k,2404
7117800,7117800.json,7763,top10k,2404
6189401,6189401.json,7763,top10k,2404
8619802,8619802.json,7763,top10k,2404
4684236,4684236.json,7766,top10k,2404
143275,143275.json,7766,top10k,2404
2592376,2592376.json,7766,top10k,2404
7715981,7715981.json,7766,top10k,2404
2576598,2576598.json,7766,top10k,2404
2272943,2272943.json,7766,top10k,2404
4706462,4706462.json,7766,top10k,2404
1534604,1534604.json,7766,top10k,2404
16055,16055.json,7766,top10k,2404
4180178,4180178.json,7766,top10k,2404
3346569,3346569.json,7766,top10k,2404
104607,104607.json,7766,top10k,2404
3842261,3842261.json,7766,top10k,2404
187325,187325.json,7766,top10k,2404
476864,476864.json,7766,top10k,2404
6271185,6271185.json,7766,top10k,2404
5596658,5596658.json,7766,top10k,2404
4024370,4024370.json,7766,top10k,2404
7081314,7081314.json,7766,top10k,2404
7755417,7755417.json,7766,top10k,2404
173543,173543.json,7766,top10k,2404
1398353,1398353.json,7766,top10k,2404
2338493,2338493.json,7766,top10k,2404
370712,370712.json,7766,top10k,2404
5788511,5788511.json,7766,top10k,2404
516499,516499.json,7766,top10k,2404
3933222,3933222.json,7792,top10k,2404
240588,240588.json,7792,top10k,2404
446917,446917.json,7792,top10k,2404
239330,239330.json,7792,top10k,2404
1828957,1828957.json,7792,top10k,2404
2764986,2764986.json,7792,top10k,2404
1385567,1385567.json,7792,top10k,2404
138175,138175.json,7792,top10k,2404
7463511,7463511.json,7792,top10k,2404
381910,381910.json,7792,top10k,2404
2718736,2718736.json,7792,top10k,2404
3792088,3792088.json,7792,top10k,2404
736785,736785.json,7792,top10k,2404
775544,775544.json,7792,top10k,2404
5620366,5620366.json,7792,top10k,2404
3997355,3997355.json,7792,top10k,2404
262131,262131.json,7792,top10k,2404
3898762,3898762.json,7792,top10k,2404
1391747,1391747.json,7792,top10k,2404
44193,44193.json,7792,top10k,2404
2663372,2663372.json,7792,top10k,2404
8875260,8875260.json,7792,top10k,2404
245072,245072.json,7792,top10k,2404
2666195,2666195.json,7792,top10k,2404
6132481,6132481.json,7792,top10k,2404
2240901,2240901.json,7792,top10k,2404
398031,398031.json,7792,top10k,2404
4382708,4382708.json,7792,top10k,2404
1507874,1507874.json,7792,top10k,2404
4853594,4853594.json,7792,top10k,2404
4264805,4264805.json,7792,top10k,2404
953489,953489.json,7792,top10k,2404
6382115,6382115.json,7792,top10k,2404
781,781.json,7792,top10k,2404
6830743,6830743.json,7792,top10k,2404
3198780,3198780.json,7792,top10k,2404
230192,230192.json,7792,top10k,2404
93159,93159.json,7792,top10k,2404
882023,882023.json,7792,top10k,2404
95539,95539.json,7792,top10k,2404
814886,814886.json,7792,top10k,2404
7873032,7873032.json,7792,top10k,2404
634569,634569.json,7792,top10k,2404
4130842,4130842.json,7792,top10k,2404
659956,659956.json,7792,top10k,2404
6493286,6493286.json,7792,top10k,2404
4130109,4130109.json,7792,top10k,2404
872748,872748.json,7792,top10k,2404
15704,15704.json,7792,top10k,2404
5435585,5435585.json,7792,top10k,2404
3539781,3539781.json,7792,top10k,2404
4982195,4982195.json,7792,top10k,2404
317876,317876.json,7792,top10k,2404
376084,376084.json,7792,top10k,2404
5365,5365.json,7792,top10k,2404
2836988,2836988.json,7792,top10k,2404
805968,805968.json,7792,top10k,2404
4943128,4943128.json,7792,top10k,2404
508865,508865.json,7792,top10k,2404
5346106,5346106.json,7792,top10k,2404
53648,53648.json,7792,top10k,2404
48098,48098.json,7792,top10k,2404
3216875,3216875.json,7792,top10k,2404
4575026,4575026.json,7792,top10k,2404
2760394,2760394.json,7792,top10k,2404
4537,4537.json,7792,top10k,2404
347527,347527.json,7792,top10k,2404
38054,38054.json,7792,top10k,2404
5024803,5024803.json,7792,top10k,2404
4933078,4933078.json,7792,top10k,2404
111834,111834.json,7792,top10k,2404
5227884,5227884.json,7792,top10k,2404
5873318,5873318.json,7792,top10k,2404
2674015,2674015.json,7792,top10k,2404
2695066,2695066.json,7792,top10k,2404
137949,137949.json,7792,top10k,2404
1778476,1778476.json,7792,top10k,2404
837072,837072.json,7792,top10k,2404
699,699.json,7870,top10k,2404
1435463,1435463.json,7870,top10k,2404
144077,144077.json,7870,top10k,2404
4119221,4119221.json,7870,top10k,2404
15309,15309.json,7870,top10k,2404
5490507,5490507.json,7870,top10k,2404
473008,473008.json,7870,top10k,2404
3618189,3618189.json,7870,top10k,2404
3618494,3618494.json,7870,top10k,2404
6379550,6379550.json,7870,top10k,2404
631184,631184.json,7870,top10k,2404
410114,410114.json,7870,top10k,2404
52798,52798.json,7870,top10k,2404
4940269,4940269.json,7870,top10k,2404
6485220,6485220.json,7870,top10k,2404
1596265,1596265.json,7870,top10k,2404
1560828,1560828.json,7870,top10k,2404
78226,78226.json,7870,top10k,2404
1214775,1214775.json,7870,top10k,2404
293913,293913.json,7870,top10k,2404
950212,950212.json,7870,top10k,2404
146577,146577.json,7870,top10k,2404
4053871,4053871.json,7870,top10k,2404
81525,81525.json,7870,top10k,2404
9279951,9279951.json,7870,top10k,2404
5653075,5653075.json,7870,top10k,2404
191910,191910.json,7870,top10k,2404
261529,261529.json,7870,top10k,2404
1452666,1452666.json,7870,top10k,2404
5268057,5268057.json,7870,top10k,2404
19329,19329.json,7870,top10k,2404
3641594,3641594.json,7870,top10k,2404
3668437,3668437.json,7870,top10k,2404
32953,32953.json,7870,top10k,2404
628335,628335.json,7870,top10k,2404
2999848,2999848.json,7870,top10k,2404
6107,6107.json,7870,top10k,2404
8416981,8416981.json,7870,top10k,2404
60721,60721.json,7870,top10k,2404
265182,265182.json,7870,top10k,2404
7137022,7137022.json,7870,top10k,2404
3911,3911.json,7870,top10k,2404
14106,14106.json,7870,top10k,2404
3946918,3946918.json,7870,top10k,2404
264628,264628.json,7870,top10k,2404
8927263,8927263.json,7870,top10k,2404
142573,142573.json,7870,top10k,2404
14546,14546.json,7870,top10k,2404
83848,83848.json,7870,top10k,2404
822710,822710.json,7870,top10k,2404
350439,350439.json,7870,top10k,2404
18644,18644.json,7870,top10k,2404
3475295,3475295.json,7870,top10k,2404
4463154,4463154.json,7870,top10k,2404
83624,83624.json,7870,top10k,2404
5925479,5925479.json,7870,top10k,2404
7176089,7176089.json,7870,top10k,2404
73099,73099.json,7870,top10k,2404
519322,519322.json,7870,top10k,2404
46077,46077.json,7870,top10k,2404
1272049,1272049.json,7870,top10k,2404
2757857,2757857.json,7870,top10k,2404
354892,354892.json,7870,top10k,2404
653333,653333.json,7870,top10k,2404
9869,9869.json,7870,top10k,2404
5784899,5784899.json,7870,top10k,2404
128009,128009.json,7870,top10k,2404
2185482,2185482.json,7870,top10k,2404
544603,544603.json,7870,top10k,2404
79648,79648.json,7939,top10k,2404
1578199,1578199.json,7939,top10k,2404
21586,21586.json,7939,top10k,2404
128769,128769.json,7939,top10k,2404
1862471,1862471.json,7939,top10k,2404
913773,913773.json,7939,top10k,2404
3772372,3772372.json,7939,top10k,2404
4390383,4390383.json,7939,top10k,2404
13756,13756.json,7939,top10k,2404
1107223,1107223.json,7939,top10k,2404
1061228,1061228.json,7939,top10k,2404
1780224,1780224.json,7939,top10k,2404
4499823,4499823.json,7939,top10k,2404
3436564,3436564.json,7939,top10k,2404
3824740,3824740.json,7939,top10k,2404
1812059,1812059.json,7939,top10k,2404
1739889,1739889.json,7939,top10k,2404
3711129,3711129.json,7939,top10k,2404
1485177,1485177.json,7939,top10k,2404
680107,680107.json,7939,top10k,2404
8582044,8582044.json,7939,top10k,2404
4679464,4679464.json,7939,top10k,2404
4674612,4674612.json,7939,top10k,2404
88417,88417.json,7939,top10k,2404
28807,28807.json,7939,top10k,2404
42921,42921.json,7939,top10k,2404
405578,405578.json,7939,top10k,2404
3697785,3697785.json,7939,top10k,2404
947725,947725.json,7939,top10k,2404
172827,172827.json,7939,top10k,2404
328310,328310.json,7939,top10k,2404
139593,139593.json,7939,top10k,2404
1654514,1654514.json,7939,top10k,2404
5552332,5552332.json,7939,top10k,2404
5254843,5254843.json,7939,top10k,2404
3198291,3198291.json,7939,top10k,2404
123210,123210.json,7939,top10k,2404
224977,224977.json,7939,top10k,2404
533588,533588.json,7939,top10k,2404
6502854,6502854.json,7939,top10k,2404
6507310,6507310.json,7939,top10k,2404
1564759,1564759.json,7939,top10k,2404
1613139,1613139.json,7939,top10k,2404
546743,546743.json,7939,top10k,2404
6630619,6630619.json,7939,top10k,2404
55034,55034.json,7939,top10k,2404
8613530,8613530.json,7939,top10k,2404
4855133,4855133.json,7939,top10k,2404
32570,32570.json,7987,top10k,2404
3813983,3813983.json,7987,top10k,2404
74672,74672.json,7987,top10k,2404
2377709,2377709.json,7987,top10k,2404
4508583,4508583.json,7987,top10k,2404
39112,39112.json,7987,top10k,2404
142711,142711.json,7987,top10k,2404
273596,273596.json,7987,top10k,2404
1170034,1170034.json,7987,top10k,2404
2153750,2153750.json,7987,top10k,2404
1185792,1185792.json,7987,top10k,2404
2368917,2368917.json,7987,top10k,2404
5366533,5366533.json,7987,top10k,2404
2373699,2373699.json,7987,top10k,2404
747155,747155.json,7987,top10k,2404
2263011,2263011.json,7987,top10k,2404
123091,123091.json,7987,top10k,2404
429474,429474.json,7987,top10k,2404
859459,859459.json,7987,top10k,2404
1225996,1225996.json,7987,top10k,2404
2046314,2046314.json,7987,top10k,2404
3702070,3702070.json,7987,top10k,2404
2241028,2241028.json,7987,top10k,2404
4309089,4309089.json,7987,top10k,2404
170798,170798.json,7987,top10k,2404
810839,810839.json,7987,top10k,2404
206730,206730.json,7987,top10k,2404
8628541,8628541.json,7987,top10k,2404
255494,255494.json,7987,top10k,2404
1150745,1150745.json,7987,top10k,2404
114806,114806.json,7987,top10k,2404
216605,216605.json,7987,top10k,2404
99772,99772.json,8019,top10k,2404
504725,504725.json,8019,top10k,2404
9310632,9310632.json,8019,top10k,2404
4730,4730.json,8019,top10k,2404
4758968,4758968.json,8019,top10k,2404
1832919,1832919.json,8019,top10k,2404
558760,558760.json,8019,top10k,2404
60885,60885.json,8019,top10k,2404
525015,525015.json,8019,top10k,2404
674690,674690.json,8019,top10k,2404
6463789,6463789.json,8019,top10k,2404
6856829,6856829.json,8019,top10k,2404
663140,663140.json,8019,top10k,2404
158193,158193.json,8019,top10k,2404
4000273,4000273.json,8019,top10k,2404
4037163,4037163.json,8019,top10k,2404
2113476,2113476.json,8019,top10k,2404
116675,116675.json,8019,top10k,2404
3141136,3141136.json,8019,top10k,2404
1331927,1331927.json,8019,top10k,2404
839043,839043.json,8019,top10k,2404
399236,399236.json,8019,top10k,2404
2920405,2920405.json,8041,top10k,2404
1281792,1281792.json,8041,top10k,2404
1058494,1058494.json,8041,top10k,2404
4577016,4577016.json,8041,top10k,2404
60465,60465.json,8041,top10k,2404
9281995,9281995.json,8041,top10k,2404
453599,453599.json,8041,top10k,2404
7516144,7516144.json,8041,top10k,2404
591170,591170.json,8049,top10k,2404
2248919,2248919.json,8049,top10k,2404
941407,941407.json,8049,top10k,2404
6949409,6949409.json,8049,top10k,2404
134667,134667.json,8049,top10k,2404
8367653,8367653.json,8049,top10k,2404
3660533,3660533.json,8049,top10k,2404
3300412,3300412.json,8049,top10k,2404
6451471,6451471.json,8049,top10k,2404
4486280,4486280.json,8049,top10k,2404
98728,98728.json,8049,top10k,2404
4813888,4813888.json,8049,top10k,2404
3081216,3081216.json,8061,top10k,2404
3259688,3259688.json,8061,top10k,2404
1296372,1296372.json,8061,top10k,2404
1308305,1308305.json,8061,top10k,2404
272058,272058.json,8061,top10k,2404
269714,269714.json,8061,top10k,2404
900032,900032.json,8061,top10k,2404
1031363,1031363.json,8061,top10k,2404
6932168,6932168.json,8061,top10k,2404
31680,31680.json,8070,top10k,2404
1722347,1722347.json,8070,top10k,2404
354103,354103.json,8072,top10k,2404
2417748,2417748.json,8072,top10k,2404
3741257,3741257.json,8072,top10k,2404
914208,914208.json,8075,top10k,2404
806260,806260.json,8076,top10k,2404
94778,94778.json,8076,top10k,2404
7741111,7741111.json,8078,top10k,2404
3203371,3203371.json,8078,top10k,2404
365707,365707.json,8080,top10k,2404
317972,317972.json,8081,top10k,2404
161219,161219.json,8082,top10k,2404
857438,857438.json,8083,top10k,2403
5699963,5699963.json,8084,top10k,2403
5796070,5796070.json,8085,top10k,2403
9186878,9186878.json,8086,top10k,2403
4633663,4633663.json,8086,top10k,2403
9133808,9133808.json,8088,top10k,2403
3050616,3050616.json,8088,top10k,2403
264603,264603.json,8088,top10k,2403
787644,787644.json,8088,top10k,2403
3784034,3784034.json,8088,top10k,2403
6374770,6374770.json,8088,top10k,2403
1619583,1619583.json,8088,top10k,2403
6239198,6239198.json,8088,top10k,2403
903880,903880.json,8088,top10k,2403
1976326,1976326.json,8097,top10k,2403
2170,2170.json,8097,top10k,2403
6786425,6786425.json,8097,top10k,2403
252500,252500.json,8097,top10k,2403
6347380,6347380.json,8097,top10k,2403
625812,625812.json,8097,top10k,2403
1811100,1811100.json,8097,top10k,2403
2389886,2389886.json,8097,top10k,2403
5615233,5615233.json,8097,top10k,2403
5581319,5581319.json,8097,top10k,2403
196827,196827.json,8097,top10k,2403
3188307,3188307.json,8097,top10k,2403
1417572,1417572.json,8097,top10k,2403
1385257,1385257.json,8097,top10k,2403
7222262,7222262.json,8097,top10k,2403
7449576,7449576.json,8097,top10k,2403
117942,117942.json,8097,top10k,2403
4641801,4641801.json,8114,top10k,2403
2885553,2885553.json,8114,top10k,2403
89269,89269.json,8114,top10k,2403
564865,564865.json,8114,top10k,2403
7164909,7164909.json,8114,top10k,2403
57341,57341.json,8114,top10k,2403
4653887,4653887.json,8114,top10k,2403
7614379,7614379.json,8114,top10k,2403
2916909,2916909.json,8114,top10k,2403
8558367,8558367.json,8114,top10k,2403
2767117,2767117.json,8114,top10k,2403
856970,856970.json,8114,top10k,2403
4701655,4701655.json,8114,top10k,2403
133196,133196.json,8114,top10k,2403
3345209,3345209.json,8114,top10k,2403
919709,919709.json,8114,top10k,2403
1983510,1983510.json,8114,top10k,2403
18404,18404.json,8114,top10k,2403
153163,153163.json,8114,top10k,2403
9177614,9177614.json,8114,top10k,2403
5781613,5781613.json,8114,top10k,2403
8720616,8720616.json,8114,top10k,2403
3624870,3624870.json,8114,top10k,2403
913520,913520.json,8114,top10k,2403
2931347,2931347.json,8114,top10k,2403
4428460,4428460.json,8114,top10k,2403
195460,195460.json,8114,top10k,2403
877035,877035.json,8114,top10k,2403
6122449,6122449.json,8114,top10k,2403
78549,78549.json,8114,top10k,2403
556392,556392.json,8114,top10k,2403
156730,156730.json,8114,top10k,2403
5293425,5293425.json,8114,top10k,2403
6305287,6305287.json,8114,top10k,2403
5295241,5295241.json,8114,top10k,2403
7928945,7928945.json,8114,top10k,2403
3843085,3843085.json,8114,top10k,2403
683393,683393.json,8114,top10k,2403
5911477,5911477.json,8114,top10k,2403
10325,10325.json,8114,top10k,2403
5246356,5246356.json,8114,top10k,2403
938683,938683.json,8114,top10k,2403
388985,388985.json,8114,top10k,2403
525771,525771.json,8114,top10k,2403
3159743,3159743.json,8114,top10k,2403
7919552,7919552.json,8114,top10k,2403
1339986,1339986.json,8114,top10k,2403
73183,73183.json,8114,top10k,2403
5340751,5340751.json,8114,top10k,2403
203904,203904.json,8114,top10k,2403
2962321,2962321.json,8114,top10k,2403
2975700,2975700.json,8114,top10k,2403
7321566,7321566.json,8114,top10k,2403
4601057,4601057.json,8114,top10k,2403
1504638,1504638.json,8114,top10k,2403
8388250,8388250.json,8114,top10k,2403
2448646,2448646.json,8114,top10k,2403
8474887,8474887.json,8114,top10k,2403
53701,53701.json,8114,top10k,2403
3798903,3798903.json,8114,top10k,2403
2954883,2954883.json,8114,top10k,2403
818598,818598.json,8114,top10k,2403
519403,519403.json,8114,top10k,2403
52162,52162.json,8114,top10k,2403
5162726,5162726.json,8114,top10k,2403
2569822,2569822.json,8114,top10k,2403
4015428,4015428.json,8114,top10k,2403
79710,79710.json,8114,top10k,2403
4068870,4068870.json,8114,top10k,2403
7960195,7960195.json,8114,top10k,2403
7073731,7073731.json,8114,top10k,2403
6993094,6993094.json,8114,top10k,2403
5062772,5062772.json,8114,top10k,2403
6151678,6151678.json,8114,top10k,2403
7494483,7494483.json,8114,top10k,2403
2480776,2480776.json,8114,top10k,2403
1718032,1718032.json,8114,top10k,2403
405038,405038.json,8114,top10k,2403
2386063,2386063.json,8114,top10k,2403
3220213,3220213.json,8114,top10k,2403
6899888,6899888.json,8114,top10k,2403
1787034,1787034.json,8114,top10k,2403
145245,145245.json,8114,top10k,2403
211811,211811.json,8114,top10k,2403
4019443,4019443.json,8114,top10k,2403
697886,697886.json,8114,top10k,2403
8100,8100.json,8114,top10k,2403
178386,178386.json,8114,top10k,2403
1244028,1244028.json,8114,top10k,2403
4299882,4299882.json,8114,top10k,2403
3232582,3232582.json,8114,top10k,2403
548773,548773.json,8205,top10k,2403
1091808,1091808.json,8205,top10k,2403
4836413,4836413.json,8205,top10k,2403
275013,275013.json,8205,top10k,2403
3751548,3751548.json,8205,top10k,2403
3834689,3834689.json,8205,top10k,2403
4603,4603.json,8205,top10k,2403
2301,2301.json,8205,top10k,2403
7669340,7669340.json,8205,top10k,2403
2523230,2523230.json,8205,top10k,2403
66100,66100.json,8205,top10k,2403
5782,5782.json,8205,top10k,2403
15472,15472.json,8205,top10k,2403
1953894,1953894.json,8205,top10k,2403
2409737,2409737.json,8205,top10k,2403
158484,158484.json,8205,top10k,2403
3448214,3448214.json,8205,top10k,2403
717206,717206.json,8205,top10k,2403
7506784,7506784.json,8205,top10k,2403
6129808,6129808.json,8205,top10k,2403
100242,100242.json,8205,top10k,2403
8931196,8931196.json,8205,top10k,2403
6535369,6535369.json,8205,top10k,2403
351691,351691.json,8205,top10k,2403
159955,159955.json,8205,top10k,2403
15850,15850.json,8205,top10k,2403
982145,982145.json,8205,top10k,2403
6561930,6561930.json,8205,top10k,2403
5620501,5620501.json,8205,top10k,2403
2874198,2874198.json,8205,top10k,2403
466108,466108.json,8205,top10k,2403
1934427,1934427.json,8205,top10k,2403
156941,156941.json,8205,top10k,2403
1874044,1874044.json,8205,top10k,2403
126987,126987.json,8205,top10k,2403
1946033,1946033.json,8205,top10k,2403
5570126,5570126.json,8205,top10k,2403
4315036,4315036.json,8205,top10k,2403
1668857,1668857.json,8205,top10k,2403
327357,327357.json,8205,top10k,2403
207090,207090.json,8205,top10k,2403
2375334,2375334.json,8205,top10k,2403
2558409,2558409.json,8205,top10k,2403
217969,217969.json,8205,top10k,2403
1135114,1135114.json,8205,top10k,2403
6073955,6073955.json,8205,top10k,2403
5906780,5906780.json,8205,top10k,2403
833741,833741.json,8205,top10k,2403
71127,71127.json,8205,top10k,2403
112726,112726.json,8205,top10k,2403
6304645,6304645.json,8205,top10k,2403
2676927,2676927.json,8205,top10k,2403
528195,528195.json,8205,top10k,2403
378589,378589.json,8205,top10k,2403
1102,1102.json,8205,top10k,2403
8469465,8469465.json,8205,top10k,2403
2014677,2014677.json,8205,top10k,2403
3756838,3756838.json,8205,top10k,2403
5410793,5410793.json,8205,top10k,2403
974419,974419.json,8205,top10k,2403
2279730,2279730.json,8205,top10k,2403
5323978,5323978.json,8205,top10k,2403
790285,790285.json,8205,top10k,2403
7893941,7893941.json,8205,top10k,2403
3076615,3076615.json,8205,top10k,2403
4744576,4744576.json,8205,top10k,2403
5882530,5882530.json,8205,top10k,2403
1473977,1473977.json,8205,top10k,2403
5174424,5174424.json,8205,top10k,2403
1451023,1451023.json,8205,top10k,2403
321321,321321.json,8205,top10k,2403
5134769,5134769.json,8205,top10k,2403
14519,14519.json,8205,top10k,2403
5157426,5157426.json,8205,top10k,2403
130087,130087.json,8205,top10k,2403
4581042,4581042.json,8205,top10k,2403
458715,458715.json,8205,top10k,2403
1142741,1142741.json,8205,top10k,2403
8202705,8202705.json,8205,top10k,2403
1484301,1484301.json,8205,top10k,2403
6861961,6861961.json,8205,top10k,2403
8164050,8164050.json,8205,top10k,2403
953464,953464.json,8205,top10k,2403
9476303,9476303.json,8205,top10k,2403
1448421,1448421.json,8205,top10k,2403
8019678,8019678.json,8205,top10k,2403
507400,507400.json,8205,top10k,2403
95721,95721.json,8205,top10k,2403
698907,698907.json,8205,top10k,2403
7520605,7520605.json,8205,top10k,2403
7184428,7184428.json,8205,top10k,2403
42234,42234.json,8296,top10k,2403
8331988,8331988.json,8296,top10k,2403
2207592,2207592.json,8296,top10k,2403
6298261,6298261.json,8296,top10k,2403
3155530,3155530.json,8296,top10k,2403
1653587,1653587.json,8296,top10k,2403
5649594,5649594.json,8296,top10k,2403
6534,6534.json,8296,top10k,2403
36850,36850.json,8296,top10k,2403
1689104,1689104.json,8296,top10k,2403
5442029,5442029.json,8296,top10k,2403
6119406,6119406.json,8296,top10k,2403
530623,530623.json,8296,top10k,2403
3820297,3820297.json,8296,top10k,2403
231143,231143.json,8296,top10k,2403
1965249,1965249.json,8296,top10k,2403
3044806,3044806.json,8296,top10k,2403
2587911,2587911.json,8296,top10k,2403
2135901,2135901.json,8296,top10k,2403
8043962,8043962.json,8296,top10k,2403
4035980,4035980.json,8296,top10k,2403
144522,144522.json,8296,top10k,2403
1439323,1439323.json,8296,top10k,2403
810681,810681.json,8296,top10k,2403
333807,333807.json,8296,top10k,2403
13240,13240.json,8296,top10k,2403
2177967,2177967.json,8296,top10k,2403
152023,152023.json,8296,top10k,2403
5412565,5412565.json,8296,top10k,2403
481421,481421.json,8296,top10k,2403
757,757.json,8296,top10k,2403
710518,710518.json,8296,top10k,2403
380261,380261.json,8296,top10k,2403
96715,96715.json,8296,top10k,2403
2239376,2239376.json,8296,top10k,2403
302106,302106.json,8296,top10k,2403
181482,181482.json,8296,top10k,2403
1014061,1014061.json,8296,top10k,2403
490656,490656.json,8296,top10k,2403
76105,76105.json,8296,top10k,2403
3769768,3769768.json,8296,top10k,2403
181720,181720.json,8296,top10k,2403
6651671,6651671.json,8296,top10k,2403
1980943,1980943.json,8296,top10k,2403
40241,40241.json,8340,top10k,2403
4328224,4328224.json,8340,top10k,2403
700633,700633.json,8340,top10k,2403
3927398,3927398.json,8340,top10k,2403
256183,256183.json,8340,top10k,2403
8740845,8740845.json,8340,top10k,2403
152408,152408.json,8340,top10k,2403
139625,139625.json,8340,top10k,2403
4631449,4631449.json,8340,top10k,2403
5597208,5597208.json,8340,top10k,2403
383384,383384.json,8340,top10k,2403
2000543,2000543.json,8340,top10k,2403
5819085,5819085.json,8340,top10k,2403
328441,328441.json,8340,top10k,2403
3158555,3158555.json,8340,top10k,2403
546029,546029.json,8340,top10k,2403
2482912,2482912.json,8340,top10k,2403
493276,493276.json,8340,top10k,2403
157472,157472.json,8340,top10k,2403
742346,742346.json,8340,top10k,2403
2782858,2782858.json,8340,top10k,2403
689514,689514.json,8340,top10k,2403
4456082,4456082.json,8340,top10k,2403
1274877,1274877.json,8340,top10k,2403
2865580,2865580.json,8340,top10k,2403
1382503,1382503.json,8340,top10k,2403
613052,613052.json,8340,top10k,2403
3476620,3476620.json,8340,top10k,2403
1211470,1211470.json,8368,top10k,2403
1084838,1084838.json,8368,top10k,2403
7371260,7371260.json,8368,top10k,2403
573727,573727.json,8368,top10k,2403
6521982,6521982.json,8368,top10k,2403
5440200,5440200.json,8368,top10k,2403
7656093,7656093.json,8368,top10k,2403
9374849,9374849.json,8368,top10k,2403
4344219,4344219.json,8368,top10k,2403
2458253,2458253.json,8368,top10k,2403
809037,809037.json,8368,top10k,2403
559961,559961.json,8368,top10k,2403
7553043,7553043.json,8368,top10k,2403
406909,406909.json,8368,top10k,2403
6567692,6567692.json,8368,top10k,2403
8942038,8942038.json,8368,top10k,2403
2952329,2952329.json,8368,top10k,2403
2807464,2807464.json,8368,top10k,2403
2753159,2753159.json,8368,top10k,2403
3762417,3762417.json,8368,top10k,2403
8918608,8918608.json,8368,top10k,2403
1699,1699.json,8389,top10k,2403
4755611,4755611.json,8389,top10k,2403
3556176,3556176.json,8389,top10k,2403
97645,97645.json,8389,top10k,2403
1812609,1812609.json,8389,top10k,2403
151541,151541.json,8389,top10k,2403
7146272,7146272.json,8395,top10k,2403
4090759,4090759.json,8395,top10k,2403
5318186,5318186.json,8395,top10k,2403
1233943,1233943.json,8395,top10k,2403
36758,36758.json,8395,top10k,2403
2201877,2201877.json,8395,top10k,2403
3624465,3624465.json,8395,top10k,2403
5137307,5137307.json,8402,top10k,2403
1289014,1289014.json,8402,top10k,2403
3663651,3663651.json,8402,top10k,2403
247007,247007.json,8405,top10k,2403
9546,9546.json,8405,top10k,2403
63162,63162.json,8405,top10k,2403
201912,201912.json,8408,top10k,2403
545182,545182.json,8408,top10k,2403
7733672,7733672.json,8410,top10k,2403
3936770,3936770.json,8410,top10k,2403
6861935,6861935.json,8412,top10k,2403
102319,102319.json,8413,top10k,2403
1215573,1215573.json,8413,top10k,2403
2800459,2800459.json,8413,top10k,2403
2785461,2785461.json,8416,top10k,2403
789610,789610.json,8417,top10k,2403
1695574,1695574.json,8418,top10k,2403
1947792,1947792.json,8419,top10k,2402
3734048,3734048.json,8420,top10k,2402
470693,470693.json,8421,top10k,2402
6426694,6426694.json,8421,top10k,2402
3260432,3260432.json,8421,top10k,2402
6402123,6402123.json,8421,top10k,2402
6979089,6979089.json,8421,top10k,2402
4751740,4751740.json,8421,top10k,2402
6341993,6341993.json,8421,top10k,2402
2713776,2713776.json,8421,top10k,2402
8411932,8411932.json,8429,top10k,2402
6923161,6923161.json,8429,top10k,2402
1728896,1728896.json,8429,top10k,2402
2553117,2553117.json,8429,top10k,2402
9480021,9480021.json,8429,top10k,2402
976308,976308.json,8429,top10k,2402
7240675,7240675.json,8429,top10k,2402
75113,75113.json,8429,top10k,2402
1357841,1357841.json,8429,top10k,2402
80763,80763.json,8438,top10k,2402
729737,729737.json,8438,top10k,2402
7079110,7079110.json,8438,top10k,2402
2991845,2991845.json,8438,top10k,2402
5301669,5301669.json,8438,top10k,2402
85873,85873.json,8438,top10k,2402
2927137,2927137.json,8438,top10k,2402
3478425,3478425.json,8438,top10k,2402
7998669,7998669.json,8438,top10k,2402
4112863,4112863.json,8438,top10k,2402
52160,52160.json,8438,top10k,2402
4019754,4019754.json,8438,top10k,2402
4604081,4604081.json,8438,top10k,2402
3815601,3815601.json,8438,top10k,2402
3539831,3539831.json,8438,top10k,2402
5332734,5332734.json,8438,top10k,2402
285192,285192.json,8438,top10k,2402
2915239,2915239.json,8438,top10k,2402
3077156,3077156.json,8438,top10k,2402
845864,845864.json,8438,top10k,2402
599483,599483.json,8438,top10k,2402
4427527,4427527.json,8438,top10k,2402
4298152,4298152.json,8438,top10k,2402
228257,228257.json,8438,top10k,2402
6744053,6744053.json,8438,top10k,2402
5354276,5354276.json,8438,top10k,2402
5502470,5502470.json,8438,top10k,2402
2645951,2645951.json,8438,top10k,2402
4671667,4671667.json,8438,top10k,2402
8124937,8124937.json,8438,top10k,2402
7723292,7723292.json,8438,top10k,2402
6390767,6390767.json,8438,top10k,2402
1209174,1209174.json,8438,top10k,2402
2892628,2892628.json,8438,top10k,2402
158558,158558.json,8472,top10k,2402
79865,79865.json,8472,top10k,2402
7169469,7169469.json,8472,top10k,2402
1426707,1426707.json,8472,top10k,2402
7604636,7604636.json,8472,top10k,2402
4449021,4449021.json,8472,top10k,2402
761069,761069.json,8472,top10k,2402
2330074,2330074.json,8472,top10k,2402
4234755,4234755.json,8472,top10k,2402
2330630,2330630.json,8472,top10k,2402
9926,9926.json,8472,top10k,2402
3025127,3025127.json,8472,top10k,2402
114999,114999.json,8472,top10k,2402
811504,811504.json,8472,top10k,2402
7285806,7285806.json,8472,top10k,2402
132609,132609.json,8472,top10k,2402
272136,272136.json,8472,top10k,2402
756640,756640.json,8472,top10k,2402
2739367,2739367.json,8472,top10k,2402
322715,322715.json,8472,top10k,2402
1099042,1099042.json,8472,top10k,2402
3777098,3777098.json,8472,top10k,2402
315171,315171.json,8472,top10k,2402
7794254,7794254.json,8472,top10k,2402
6434502,6434502.json,8472,top10k,2402
4352585,4352585.json,8472,top10k,2402
912555,912555.json,8472,top10k,2402
33831,33831.json,8472,top10k,2402
4689475,4689475.json,8472,top10k,2402
6278603,6278603.json,8472,top10k,2402
150546,150546.json,8472,top10k,2402
1387961,1387961.json,8472,top10k,2402
252737,252737.json,8472,top10k,2402
237411,237411.json,8472,top10k,2402
6788154,6788154.json,8472,top10k,2402
2569078,2569078.json,8472,top10k,2402
2196155,2196155.json,8472,top10k,2402
135135,135135.json,8472,top10k,2402
499889,499889.json,8472,top10k,2402
4691521,4691521.json,8472,top10k,2402
3943932,3943932.json,8472,top10k,2402
3967412,3967412.json,8472,top10k,2402
2034005,2034005.json,8472,top10k,2402
3732967,3732967.json,8472,top10k,2402
33562,33562.json,8472,top10k,2402
5079807,5079807.json,8472,top10k,2402
40344,40344.json,8472,top10k,2402
6014681,6014681.json,8472,top10k,2402
6095172,6095172.json,8472,top10k,2402
743599,743599.json,8472,top10k,2402
5631,5631.json,8472,top10k,2402
584461,584461.json,8472,top10k,2402
7640030,7640030.json,8472,top10k,2402
9153073,9153073.json,8472,top10k,2402
76795,76795.json,8472,top10k,2402
6010,6010.json,8472,top10k,2402
920953,920953.json,8472,top10k,2402
1614685,1614685.json,8472,top10k,2402
765028,765028.json,8472,top10k,2402
2968,2968.json,8472,top10k,2402
40049,40049.json,8472,top10k,2402
57770,57770.json,8472,top10k,2402
930080,930080.json,8472,top10k,2402
5227625,5227625.json,8472,top10k,2402
382762,382762.json,8472,top10k,2402
83190,83190.json,8472,top10k,2402
3895658,3895658.json,8472,top10k,2402
3058454,3058454.json,8472,top10k,2402
6054799,6054799.json,8472,top10k,2402
90691,90691.json,8472,top10k,2402
686007,686007.json,8472,top10k,2402
8037666,8037666.json,8472,top10k,2402
10273,10273.json,8472,top10k,2402
7299079,7299079.json,8472,top10k,2402
3141257,3141257.json,8472,top10k,2402
861090,861090.json,8472,top10k,2402
1159786,1159786.json,8472,top10k,2402
1763396,1763396.json,8472,top10k,2402
7027295,7027295.json,8472,top10k,2402
4628261,4628261.json,8472,top10k,2402
932230,932230.json,8472,top10k,2402
2684542,2684542.json,8472,top10k,2402
22722,22722.json,8472,top10k,2402
87882,87882.json,8472,top10k,2402
5918877,5918877.json,8472,top10k,2402
2148193,2148193.json,8472,top10k,2402
8013846,8013846.json,8472,top10k,2402
183995,183995.json,8472,top10k,2402
4950616,4950616.json,8472,top10k,2402
5642292,5642292.json,8472,top10k,2402
5464740,5464740.json,8472,top10k,2402
2909011,2909011.json,8472,top10k,2402
3885222,3885222.json,8472,top10k,2402
22737,22737.json,8472,top10k,2402
6293240,6293240.json,8472,top10k,2402
8297931,8297931.json,8472,top10k,2402
1847921,1847921.json,8472,top10k,2402
9052571,9052571.json,8570,top10k,2402
3816240,3816240.json,8570,top10k,2402
5883252,5883252.json,8570,top10k,2402
1601156,1601156.json,8570,top10k,2402
85072,85072.json,8570,top10k,2402
479418,479418.json,8570,top10k,2402
1057163,1057163.json,8570,top10k,2402
2127572,2127572.json,8570,top10k,2402
1233297,1233297.json,8570,top10k,2402
1367668,1367668.json,8570,top10k,2402
4838950,4838950.json,8570,top10k,2402
1625347,1625347.json,8570,top10k,2402
419769,419769.json,8570,top10k,2402
3958,3958.json,8570,top10k,2402
536449,536449.json,8570,top10k,2402
2577254,2577254.json,8570,top10k,2402
12930,12930.json,8570,top10k,2402
7525178,7525178.json,8570,top10k,2402
40756,40756.json,8570,top10k,2402
1381640,1381640.json,8570,top10k,2402
1787926,1787926.json,8570,top10k,2402
9061273,9061273.json,8570,top10k,2402
2790708,2790708.json,8570,top10k,2402
9291587,9291587.json,8570,top10k,2402
3523756,3523756.json,8570,top10k,2402
3299117,3299117.json,8570,top10k,2402
1970495,1970495.json,8570,top10k,2402
1468897,1468897.json,8570,top10k,2402
395163,395163.json,8570,top10k,2402
3773975,3773975.json,8570,top10k,2402
844381,844381.json,8570,top10k,2402
282839,282839.json,8570,top10k,2402
8750809,8750809.json,8570,top10k,2402
7529478,7529478.json,8570,top10k,2402
555215,555215.json,8570,top10k,2402
1397003,1397003.json,8570,top10k,2402
406933,406933.json,8570,top10k,2402
50704,50704.json,8570,top10k,2402
5831,5831.json,8570,top10k,2402
200486,200486.json,8570,top10k,2402
2766,2766.json,8570,top10k,2402
27627,27627.json,8570,top10k,2402
5106826,5106826.json,8570,top10k,2402
5573098,5573098.json,8570,top10k,2402
1946446,1946446.json,8570,top10k,2402
4126049,4126049.json,8570,top10k,2402
252892,252892.json,8570,top10k,2402
32137,32137.json,8570,top10k,2402
2115567,2115567.json,8570,top10k,2402
1050093,1050093.json,8570,top10k,2402
619844,619844.json,8570,top10k,2402
449573,449573.json,8570,top10k,2402
73092,73092.json,8570,top10k,2402
8262421,8262421.json,8570,top10k,2402
774521,774521.json,8570,top10k,2402
5710888,5710888.json,8570,top10k,2402
5654105,5654105.json,8570,top10k,2402
1260834,1260834.json,8570,top10k,2402
6606812,6606812.json,8570,top10k,2402
3596246,3596246.json,8570,top10k,2402
2295588,2295588.json,8570,top10k,2402
1014458,1014458.json,8570,top10k,2402
432927,432927.json,8570,top10k,2402
447780,447780.json,8570,top10k,2402
35818,35818.json,8634,top10k,2402
2836299,2836299.json,8634,top10k,2402
576686,576686.json,8634,top10k,2402
546854,546854.json,8634,top10k,2402
8001893,8001893.json,8634,top10k,2402
582,582.json,8634,top10k,2402
829125,829125.json,8634,top10k,2402
4040022,4040022.json,8634,top10k,2402
5254854,5254854.json,8634,top10k,2402
3893865,3893865.json,8634,top10k,2402
498149,498149.json,8634,top10k,2402
1412200,1412200.json,8634,top10k,2402
3421932,3421932.json,8634,top10k,2402
751602,751602.json,8634,top10k,2402
120092,120092.json,8634,top10k,2402
2057361,2057361.json,8634,top10k,2402
1555427,1555427.json,8634,top10k,2402
355556,355556.json,8634,top10k,2402
265677,265677.json,8634,top10k,2402
285247,285247.json,8634,top10k,2402
4358857,4358857.json,8634,top10k,2402
208735,208735.json,8634,top10k,2402
2513240,2513240.json,8634,top10k,2402
1009871,1009871.json,8634,top10k,2402
64178,64178.json,8634,top10k,2402
467760,467760.json,8634,top10k,2402
140438,140438.json,8634,top10k,2402
1413994,1413994.json,8634,top10k,2402
2130267,2130267.json,8634,top10k,2402
4981828,4981828.json,8634,top10k,2402
30888,30888.json,8634,top10k,2402
2006862,2006862.json,8634,top10k,2402
5407689,5407689.json,8634,top10k,2402
159690,159690.json,8634,top10k,2402
288003,288003.json,8634,top10k,2402
7404842,7404842.json,8634,top10k,2402
693040,693040.json,8634,top10k,2402
58688,58688.json,8634,top10k,2402
1364138,1364138.json,8634,top10k,2402
6205479,6205479.json,8634,top10k,2402
693496,693496.json,8634,top10k,2402
30560,30560.json,8634,top10k,2402
22074,22074.json,8634,top10k,2402
502087,502087.json,8634,top10k,2402
7066385,7066385.json,8634,top10k,2402
1048904,1048904.json,8634,top10k,2402
3174874,3174874.json,8634,top10k,2402
137486,137486.json,8634,top10k,2402
5676186,5676186.json,8634,top10k,2402
3200830,3200830.json,8683,top10k,2402
1078171,1078171.json,8683,top10k,2402
724598,724598.json,8683,top10k,2402
2362372,2362372.json,8683,top10k,2402
887626,887626.json,8683,top10k,2402
981434,981434.json,8683,top10k,2402
246020,246020.json,8683,top10k,2402
2761607,2761607.json,8683,top10k,2402
7882070,7882070.json,8683,top10k,2402
323819,323819.json,8683,top10k,2402
2320280,2320280.json,8683,top10k,2402
5876530,5876530.json,8683,top10k,2402
1506382,1506382.json,8683,top10k,2402
1449192,1449192.json,8683,top10k,2402
696807,696807.json,8683,top10k,2402
1240196,1240196.json,8683,top10k,2402
398270,398270.json,8683,top10k,2402
229852,229852.json,8683,top10k,2402
1259800,1259800.json,8683,top10k,2402
3086729,3086729.json,8683,top10k,2402
9803,9803.json,8683,top10k,2402
2369571,2369571.json,8683,top10k,2402
34683,34683.json,8683,top10k,2402
28383,28383.json,8683,top10k,2402
71370,71370.json,8683,top10k,2402
38812,38812.json,8683,top10k,2402
1626983,1626983.json,8683,top10k,2402
59198,59198.json,8683,top10k,2402
214156,214156.json,8683,top10k,2402
553330,553330.json,8683,top10k,2402
124154,124154.json,8683,top10k,2402
249942,249942.json,8683,top10k,2402
852633,852633.json,8715,top10k,2402
6992750,6992750.json,8715,top10k,2402
1954020,1954020.json,8715,top10k,2402
3477,3477.json,8715,top10k,2402
26622,26622.json,8715,top10k,2402
274545,274545.json,8715,top10k,2402
417509,417509.json,8715,top10k,2402
1361731,1361731.json,8715,top10k,2402
5185703,5185703.json,8715,top10k,2402
96473,96473.json,8715,top10k,2402
26057,26057.json,8715,top10k,2402
145812,145812.json,8715,top10k,2402
626704,626704.json,8715,top10k,2402
3505698,3505698.json,8715,top10k,2402
178522,178522.json,8715,top10k,2402
15940,15940.json,8715,top10k,2402
11689,11689.json,8715,top10k,2402
649681,649681.json,8715,top10k,2402
91581,91581.json,8715,top10k,2402
2101637,2101637.json,8734,top10k,2402
2645324,2645324.json,8734,top10k,2402
7356206,7356206.json,8734,top10k,2402
38182,38182.json,8734,top10k,2402
2408122,2408122.json,8734,top10k,2402
215133,215133.json,8734,top10k,2402
5288409,5288409.json,8734,top10k,2402
571945,571945.json,8734,top10k,2402
1895186,1895186.json,8734,top10k,2402
5721873,5721873.json,8734,top10k,2402
324503,324503.json,8734,top10k,2402
2012935,2012935.json,8734,top10k,2402
67460,67460.json,8734,top10k,2402
4569463,4569463.json,8734,top10k,2402
465952,465952.json,8734,top10k,2402
6225647,6225647.json,8749,top10k,2402
1930517,1930517.json,8749,top10k,2402
41702,41702.json,8749,top10k,2402
3200665,3200665.json,8749,top10k,2402
6018107,6018107.json,8749,top10k,2402
1594952,1594952.json,8749,top10k,2402
860369,860369.json,8749,top10k,2402
224726,224726.json,8756,top10k,2402
1481922,1481922.json,8756,top10k,2402
1045785,1045785.json,8756,top10k,2402
2791549,2791549.json,8756,top10k,2402
163023,163023.json,8760,top10k,2402
6014934,6014934.json,8760,top10k,2402
5477351,5477351.json,8762,top10k,2402
44440,44440.json,8762,top10k,2402
41876,41876.json,8762,top10k,2402
1592661,1592661.json,8765,top10k,2402
5568064,5568064.json,8765,top10k,2402
5511779,5511779.json,8765,top10k,2402
2743387,2743387.json,8765,top10k,2402
2953899,2953899.json,8769,top10k,2402
4165823,4165823.json,8769,top10k,2402
59675,59675.json,8771,top10k,2402
856491,856491.json,8771,top10k,2402
7883008,7883008.json,8773,top10k,2402
3670075,3670075.json,8774,top10k,2401
4034869,4034869.json,8775,top10k,2401
7581214,7581214.json,8776,top10k,2401
6900799,6900799.json,8776,top10k,2401
8356761,8356761.json,8778,top10k,2401
4023636,4023636.json,8779,top10k,2401
4966737,4966737.json,8779,top10k,2401
3348747,3348747.json,8779,top10k,2401
2677972,2677972.json,8779,top10k,2401
5539176,5539176.json,8779,top10k,2401
9051689,9051689.json,8779,top10k,2401
138859,138859.json,8779,top10k,2401
369754,369754.json,8779,top10k,2401
7755870,7755870.json,8787,top10k,2401
3180224,3180224.json,8787,top10k,2401
1591652,1591652.json,8787,top10k,2401
3798118,3798118.json,8787,top10k,2401
626766,626766.json,8787,top10k,2401
2730280,2730280.json,8787,top10k,2401
811882,811882.json,8787,top10k,2401
5365646,5365646.json,8787,top10k,2401
5626972,5626972.json,8787,top10k,2401
6363777,6363777.json,8787,top10k,2401
2653703,2653703.json,8787,top10k,2401
5958575,5958575.json,8787,top10k,2401
71284,71284.json,8787,top10k,2401
5746105,5746105.json,8787,top10k,2401
7413570,7413570.json,8787,top10k,2401
4029763,4029763.json,8787,top10k,2401
5467061,5467061.json,8787,top10k,2401
4380605,4380605.json,8787,top10k,2401
243105,243105.json,8787,top10k,2401
6625465,6625465.json,8787,top10k,2401
1733033,1733033.json,8787,top10k,2401
1496698,1496698.json,8787,top10k,2401
3552494,3552494.json,8787,top10k,2401
4493131,4493131.json,8787,top10k,2401
4055102,4055102.json,8787,top10k,2401
7682951,7682951.json,8787,top10k,2401
5450280,5450280.json,8787,top10k,2401
8817575,8817575.json,8787,top10k,2401
6303496,6303496.json,8787,top10k,2401
1945382,1945382.json,8787,top10k,2401
6795824,6795824.json,8787,top10k,2401
2904534,2904534.json,8787,top10k,2401
3978408,3978408.json,8819,top10k,2401
3315084,3315084.json,8819,top10k,2401
6763457,6763457.json,8819,top10k,2401
5388900,5388900.json,8819,top10k,2401
605974,605974.json,8819,top10k,2401
8888888,8888888.json,8819,top10k,2401
4887156,4887156.json,8819,top10k,2401
26252,26252.json,8819,top10k,2401
4782135,4782135.json,8819,top10k,2401
323727,323727.json,8819,top10k,2401
2278946,2278946.json,8819,top10k,2401
2095979,2095979.json,8819,top10k,2401
493048,493048.json,8819,top10k,2401
9244020,9244020.json,8819,top10k,2401
3131224,3131224.json,8819,top10k,2401
4538227,4538227.json,8819,top10k,2401
946858,946858.json,8819,top10k,2401
7834196,7834196.json,8819,top10k,2401
4862557,4862557.json,8819,top10k,2401
6503838,6503838.json,8819,top10k,2401
502471,502471.json,8819,top10k,2401
70859,70859.json,8819,top10k,2401
364947,364947.json,8819,top10k,2401
5492,5492.json,8819,top10k,2401
2565936,2565936.json,8819,top10k,2401
7069229,7069229.json,8819,top10k,2401
5016833,5016833.json,8819,top10k,2401
2327543,2327543.json,8819,top10k,2401
6685396,6685396.json,8819,top10k,2401
5688452,5688452.json,8819,top10k,2401
3452991,3452991.json,8819,top10k,2401
4536884,4536884.json,8819,top10k,2401
2976102,2976102.json,8819,top10k,2401
6794009,6794009.json,8819,top10k,2401
45065,45065.json,8819,top10k,2401
6900,6900.json,8819,top10k,2401
9417815,9417815.json,8819,top10k,2401
3967707,3967707.json,8819,top10k,2401
157376,157376.json,8819,top10k,2401
1931748,1931748.json,8819,top10k,2401
92263,92263.json,8819,top10k,2401
6355206,6355206.json,8819,top10k,2401
5610485,5610485.json,8819,top10k,2401
626601,626601.json,8819,top10k,2401
5501047,5501047.json,8819,top10k,2401
3788037,3788037.json,8819,top10k,2401
342264,342264.json,8819,top10k,2401
5604140,5604140.json,8819,top10k,2401
7710602,7710602.json,8819,top10k,2401
3299310,3299310.json,8819,top10k,2401
2700378,2700378.json,8819,top10k,2401
1116334,1116334.json,8819,top10k,2401
383201,383201.json,8819,top10k,2401
413517,413517.json,8819,top10k,2401
242898,242898.json,8819,top10k,2401
3257,3257.json,8819,top10k,2401
496201,496201.json,8819,top10k,2401
1635091,1635091.json,8819,top10k,2401
1232202,1232202.json,8819,top10k,2401
2312186,2312186.json,8819,top10k,2401
411170,411170.json,8819,top10k,2401
2787287,2787287.json,8819,top10k,2401
169405,169405.json,8819,top10k,2401
1616552,1616552.json,8819,top10k,2401
2696549,2696549.json,8819,top10k,2401
4956526,4956526.json,8819,top10k,2401
6616650,6616650.json,8819,top10k,2401
1315090,1315090.json,8819,top10k,2401
80569,80569.json,8819,top10k,2401
4616908,4616908.json,8819,top10k,2401
3688653,3688653.json,8819,top10k,2401
226819,226819.json,8819,top10k,2401
1297949,1297949.json,8819,top10k,2401
17691,17691.json,8819,top10k,2401
1769740,1769740.json,8819,top10k,2401
1299383,1299383.json,8819,top10k,2401
1434024,1434024.json,8819,top10k,2401
8943661,8943661.json,8819,top10k,2401
56387,56387.json,8819,top10k,2401
1849806,1849806.json,8819,top10k,2401
336761,336761.json,8819,top10k,2401
8012815,8012815.json,8819,top10k,2401
2146031,2146031.json,8819,top10k,2401
2211815,2211815.json,8819,top10k,2401
5530404,5530404.json,8819,top10k,2401
47557,47557.json,8819,top10k,2401
269341,269341.json,8819,top10k,2401
6994936,6994936.json,8819,top10k,2401
268637,268637.json,8819,top10k,2401
591373,591373.json,8819,top10k,2401
2225292,2225292.json,8819,top10k,2401
4208034,4208034.json,8819,top10k,2401
290207,290207.json,8819,top10k,2401
6126804,6126804.json,8819,top10k,2401
1732383,1732383.json,8819,top10k,2401
232390,232390.json,8819,top10k,2401
6174456,6174456.json,8819,top10k,2401
7368757,7368757.json,8916,top10k,2401
1008404,1008404.json,8916,top10k,2401
638375,638375.json,8916,top10k,2401
542826,542826.json,8916,top10k,2401
571756,571756.json,8916,top10k,2401
8069613,8069613.json,8916,top10k,2401
1421507,1421507.json,8916,top10k,2401
130314,130314.json,8916,top10k,2401
944627,944627.json,8916,top10k,2401
903817,903817.json,8916,top10k,2401
7417937,7417937.json,8916,top10k,2401
262746,262746.json,8916,top10k,2401
2616008,2616008.json,8916,top10k,2401
5127345,5127345.json,8916,top10k,2401
4011628,4011628.json,8916,top10k,2401
1452238,1452238.json,8916,top10k,2401
672359,672359.json,8916,top10k,2401
548198,548198.json,8916,top10k,2401
2958021,2958021.json,8916,top10k,2401
9208,9208.json,8916,top10k,2401
5409542,5409542.json,8916,top10k,2401
30158,30158.json,8916,top10k,2401
8136182,8136182.json,8916,top10k,2401
223099,223099.json,8916,top10k,2401
6446637,6446637.json,8916,top10k,2401
1691135,1691135.json,8916,top10k,2401
4978795,4978795.json,8916,top10k,2401
740787,740787.json,8916,top10k,2401
394533,394533.json,8916,top10k,2401
8141269,8141269.json,8916,top10k,2401
5955,5955.json,8916,top10k,2401
1487191,1487191.json,8916,top10k,2401
889652,889652.json,8916,top10k,2401
1287099,1287099.json,8916,top10k,2401
3920053,3920053.json,8916,top10k,2401
3917599,3917599.json,8916,top10k,2401
63595,63595.json,8916,top10k,2401
5493113,5493113.json,8916,top10k,2401
737584,737584.json,8916,top10k,2401
242522,242522.json,8916,top10k,2401
151234,151234.json,8916,top10k,2401
6838586,6838586.json,8916,top10k,2401
4769068,4769068.json,8916,top10k,2401
7463396,7463396.json,8916,top10k,2401
8859067,8859067.json,8916,top10k,2401
42455,42455.json,8916,top10k,2401
7714924,7714924.json,8916,top10k,2401
3412004,3412004.json,8916,top10k,2401
8788721,8788721.json,8916,top10k,2401
2994737,2994737.json,8916,top10k,2401
4612909,4612909.json,8916,top10k,2401
6760380,6760380.json,8916,top10k,2401
3389768,3389768.json,8916,top10k,2401
2034300,2034300.json,8916,top10k,2401
1010753,1010753.json,8916,top10k,2401
1369,1369.json,8916,top10k,2401
414241,414241.json,8916,top10k,2401
576669,576669.json,8916,top10k,2401
5538085,5538085.json,8916,top10k,2401
4192333,4192333.json,8916,top10k,2401
27045,27045.json,8916,top10k,2401
6796661,6796661.json,8916,top10k,2401
36051,36051.json,8916,top10k,2401
577472,577472.json,8916,top10k,2401
1963141,1963141.json,8916,top10k,2401
1407784,1407784.json,8916,top10k,2401
493457,493457.json,8916,top10k,2401
14060,14060.json,8916,top10k,2401
1646513,1646513.json,8916,top10k,2401
171494,171494.json,8916,top10k,2401
6152589,6152589.json,8916,top10k,2401
569443,569443.json,8916,top10k,2401
568688,568688.json,8916,top10k,2401
319055,319055.json,8916,top10k,2401
40860,40860.json,8916,top10k,2401
7073275,7073275.json,8916,top10k,2401
50407,50407.json,8916,top10k,2401
64894,64894.json,8916,top10k,2401
7812399,7812399.json,8916,top10k,2401
5678527,5678527.json,8995,top10k,2401
800326,800326.json,8995,top10k,2401
29464,29464.json,8995,top10k,2401
87419,87419.json,8995,top10k,2401
22194,22194.json,8995,top10k,2401
4346793,4346793.json,8995,top10k,2401
4406023,4406023.json,8995,top10k,2401
2779316,2779316.json,8995,top10k,2401
5319413,5319413.json,8995,top10k,2401
2053973,2053973.json,8995,top10k,2401
1208612,1208612.json,8995,top10k,2401
6808158,6808158.json,8995,top10k,2401
244999,244999.json,8995,top10k,2401
1120020,1120020.json,8995,top10k,2401
2195577,2195577.json,8995,top10k,2401
4166123,4166123.json,8995,top10k,2401
3287942,3287942.json,8995,top10k,2401
3633556,3633556.json,8995,top10k,2401
154997,154997.json,8995,top10k,2401
5493571,5493571.json,8995,top10k,2401
7213276,7213276.json,8995,top10k,2401
2173500,2173500.json,8995,top10k,2401
5962285,5962285.json,8995,top10k,2401
820657,820657.json,8995,top10k,2401
1671110,1671110.json,8995,top10k,2401
4926815,4926815.json,8995,top10k,2401
202600,202600.json,8995,top10k,2401
4436117,4436117.json,8995,top10k,2401
2557527,2557527.json,8995,top10k,2401
5264138,5264138.json,8995,top10k,2401
52776,52776.json,8995,top10k,2401
4754743,4754743.json,8995,top10k,2401
166818,166818.json,8995,top10k,2401
2204511,2204511.json,8995,top10k,2401
317954,317954.json,8995,top10k,2401
9478270,9478270.json,8995,top10k,2401
1577565,1577565.json,8995,top10k,2401
372236,372236.json,8995,top10k,2401
2254321,2254321.json,8995,top10k,2401
508178,508178.json,8995,top10k,2401
3722711,3722711.json,8995,top10k,2401
3026906,3026906.json,8995,top10k,2401
7132183,7132183.json,8995,top10k,2401
902707,902707.json,8995,top10k,2401
2380465,2380465.json,8995,top10k,2401
7444481,7444481.json,8995,top10k,2401
15200,15200.json,8995,top10k,2401
179651,179651.json,9042,top10k,2401
337561,337561.json,9042,top10k,2401
17574,17574.json,9042,top10k,2401
612202,612202.json,9042,top10k,2401
831307,831307.json,9042,top10k,2401
3388,3388.json,9042,top10k,2401
1967633,1967633.json,9042,top10k,2401
150397,150397.json,9042,top10k,2401
682359,682359.json,9042,top10k,2401
6389034,6389034.json,9042,top10k,2401
31862,31862.json,9042,top10k,2401
4127839,4127839.json,9042,top10k,2401
1308394,1308394.json,9042,top10k,2401
13103,13103.json,9042,top10k,2401
8246106,8246106.json,9042,top10k,2401
29707,29707.json,9042,top10k,2401
1887506,1887506.json,9042,top10k,2401
72536,72536.json,9042,top10k,2401
57290,57290.json,9042,top10k,2401
6005588,6005588.json,9042,top10k,2401
2902082,2902082.json,9042,top10k,2401
30906,30906.json,9042,top10k,2401
8952320,8952320.json,9042,top10k,2401
3046398,3046398.json,9042,top10k,2401
8502085,8502085.json,9042,top10k,2401
3479341,3479341.json,9042,top10k,2401
3437,3437.json,9042,top10k,2401
9570,9570.json,9042,top10k,2401
5656222,5656222.json,9042,top10k,2401
2609979,2609979.json,9042,top10k,2401
806655,806655.json,9072,top10k,2401
5151793,5151793.json,9072,top10k,2401
6261697,6261697.json,9072,top10k,2401
607643,607643.json,9072,top10k,2401
338736,338736.json,9072,top10k,2401
103239,103239.json,9072,top10k,2401
221035,221035.json,9072,top10k,2401
2049422,2049422.json,9072,top10k,2401
746700,746700.json,9072,top10k,2401
53712,53712.json,9072,top10k,2401
1098842,1098842.json,9072,top10k,2401
2076637,2076637.json,9072,top10k,2401
458805,458805.json,9072,top10k,2401
3581728,3581728.json,9072,top10k,2401
1813973,1813973.json,9072,top10k,2401
6780090,6780090.json,9072,top10k,2401
898871,898871.json,9072,top10k,2401
2886771,2886771.json,9072,top10k,2401
3213254,3213254.json,9072,top10k,2401
302,302.json,9091,top10k,2401
57360,57360.json,9091,top10k,2401
2452779,2452779.json,9091,top10k,2401
594981,594981.json,9091,top10k,2401
4315938,4315938.json,9091,top10k,2401
2854550,2854550.json,9091,top10k,2401
2415741,2415741.json,9091,top10k,2401
267209,267209.json,9091,top10k,2401
13757,13757.json,9091,top10k,2401
893064,893064.json,9091,top10k,2401
92222,92222.json,9091,top10k,2401
5075133,5075133.json,9091,top10k,2401
2914032,2914032.json,9091,top10k,2401
2468181,2468181.json,9091,top10k,2401
150010,150010.json,9091,top10k,2401
2506197,2506197.json,9091,top10k,2401
100922,100922.json,9107,top10k,2401
1252619,1252619.json,9107,top10k,2401
2055241,2055241.json,9107,top10k,2401
5279850,5279850.json,9107,top10k,2401
1865817,1865817.json,9107,top10k,2401
3568355,3568355.json,9107,top10k,2401
1280932,1280932.json,9107,top10k,2401
385457,385457.json,9107,top10k,2401
965253,965253.json,9107,top10k,2401
934452,934452.json,9107,top10k,2401
9421782,9421782.json,9117,top10k,2401
829681,829681.json,9117,top10k,2401
352734,352734.json,9117,top10k,2401
240954,240954.json,9120,top10k,2401
7327107,7327107.json,9120,top10k,2401
3594683,3594683.json,9120,top10k,2401
1160845,1160845.json,9120,top10k,2401
193559,193559.json,9120,top10k,2401
6287607,6287607.json,9125,top10k,2401
763984,763984.json,9125,top10k,2401
797247,797247.json,9125,top10k,2401
542525,542525.json,9128,top10k,2401
6367053,6367053.json,9128,top10k,2401
1818248,1818248.json,9130,top10k,2401
1113389,1113389.json,9131,top10k,2401
749099,749099.json,9131,top10k,2401
629076,629076.json,9133,top10k,2401
5838295,5838295.json,9133,top10k,2401
2570651,2570651.json,9133,top10k,2401
6277630,6277630.json,9136,top10k,2401
203787,203787.json,9137,top10k,2401
183931,183931.json,9138,top10k,2401
5380778,5380778.json,9139,top10k,2400
8799568,8799568.json,9139,top10k,2400
6704854,6704854.json,9141,top10k,2400
139710,139710.json,9141,top10k,2400
336988,336988.json,9143,top10k,2400
8532085,8532085.json,9144,top10k,2400
320465,320465.json,9144,top10k,2400
2009097,2009097.json,9146,top10k,2400
715231,715231.json,9146,top10k,2400
4165024,4165024.json,9146,top10k,2400
5426656,5426656.json,9146,top10k,2400
8581966,8581966.json,9150,top10k,2400
6627015,6627015.json,9150,top10k,2400
8719043,8719043.json,9150,top10k,2400
3467643,3467643.json,9150,top10k,2400
1614310,1614310.json,9150,top10k,2400
522056,522056.json,9150,top10k,2400
3018456,3018456.json,9150,top10k,2400
4725378,4725378.json,9150,top10k,2400
3227768,3227768.json,9150,top10k,2400
2382412,2382412.json,9150,top10k,2400
995467,995467.json,9150,top10k,2400
4264199,4264199.json,9150,top10k,2400
7473766,7473766.json,9150,top10k,2400
3681874,3681874.json,9163,top10k,2400
4516552,4516552.json,9163,top10k,2400
369689,369689.json,9163,top10k,2400
6679582,6679582.json,9163,top10k,2400
4099870,4099870.json,9163,top10k,2400
245317,245317.json,9163,top10k,2400
2813911,2813911.json,9163,top10k,2400
484082,484082.json,9163,top10k,2400
6896832,6896832.json,9163,top10k,2400
5184185,5184185.json,9163,top10k,2400
104904,104904.json,9163,top10k,2400
538431,538431.json,9163,top10k,2400
879352,879352.json,9163,top10k,2400
7450822,7450822.json,9163,top10k,2400
8478879,8478879.json,9163,top10k,2400
3672557,3672557.json,9163,top10k,2400
6007340,6007340.json,9163,top10k,2400
4818256,4818256.json,9163,top10k,2400
4580619,4580619.json,9163,top10k,2400
796325,796325.json,9163,top10k,2400
65408,65408.json,9163,top10k,2400
1244371,1244371.json,9163,top10k,2400
4302274,4302274.json,9163,top10k,2400
2786803,2786803.json,9163,top10k,2400
854623,854623.json,9163,top10k,2400
109331,109331.json,9163,top10k,2400
373311,373311.json,9163,top10k,2400
544177,544177.json,9163,top10k,2400
422171,422171.json,9192,top10k,2400
8463253,8463253.json,9192,top10k,2400
376834,376834.json,9192,top10k,2400
3773861,3773861.json,9192,top10k,2400
3662566,3662566.json,9192,top10k,2400
8609900,8609900.json,9192,top10k,2400
8615519,8615519.json,9192,top10k,2400
5788701,5788701.json,9192,top10k,2400
5192812,5192812.json,9192,top10k,2400
3959696,3959696.json,9192,top10k,2400
1788271,1788271.json,9192,top10k,2400
4322008,4322008.json,9192,top10k,2400
1543589,1543589.json,9192,top10k,2400
7284341,7284341.json,9192,top10k,2400
4647550,4647550.json,9192,top10k,2400
4568118,4568118.json,9192,top10k,2400
2456764,2456764.json,9192,top10k,2400
24753,24753.json,9192,top10k,2400
145240,145240.json,9192,top10k,2400
239899,239899.json,9192,top10k,2400
3620028,3620028.json,9192,top10k,2400
38835,38835.json,9192,top10k,2400
635774,635774.json,9192,top10k,2400
302674,302674.json,9192,top10k,2400
1137467,1137467.json,9192,top10k,2400
1668572,1668572.json,9192,top10k,2400
243,243.json,9192,top10k,2400
6267900,6267900.json,9192,top10k,2400
2781386,2781386.json,9192,top10k,2400
647436,647436.json,9192,top10k,2400
9011694,9011694.json,9192,top10k,2400
6347719,6347719.json,9192,top10k,2400
16903,16903.json,9192,top10k,2400
2039221,2039221.json,9192,top10k,2400
7642722,7642722.json,9192,top10k,2400
2295939,2295939.json,9192,top10k,2400
907806,907806.json,9192,top10k,2400
384568,384568.json,9192,top10k,2400
3298,3298.json,9192,top10k,2400
3060049,3060049.json,9192,top10k,2400
7785029,7785029.json,9192,top10k,2400
4379980,4379980.json,9192,top10k,2400
6787192,6787192.json,9192,top10k,2400
1828005,1828005.json,9192,top10k,2400
237774,237774.json,9192,top10k,2400
5031542,5031542.json,9192,top10k,2400
6425749,6425749.json,9192,top10k,2400
70629,70629.json,9192,top10k,2400
3057620,3057620.json,9192,top10k,2400
112850,112850.json,9192,top10k,2400
6088258,6088258.json,9192,top10k,2400
592418,592418.json,9192,top10k,2400
9780,9780.json,9192,top10k,2400
8796803,8796803.json,9192,top10k,2400
169968,169968.json,9192,top10k,2400
4890,4890.json,9192,top10k,2400
4423757,4423757.json,9192,top10k,2400
4426447,4426447.json,9192,top10k,2400
6678364,6678364.json,9192,top10k,2400
247999,247999.json,9192,top10k,2400
20334,20334.json,9192,top10k,2400
1735584,1735584.json,9192,top10k,2400
2314183,2314183.json,9192,top10k,2400
3872014,3872014.json,9192,top10k,2400
1233450,1233450.json,9192,top10k,2400
2559812,2559812.json,9192,top10k,2400
2046064,2046064.json,9192,top10k,2400
381837,381837.json,9192,top10k,2400
330366,330366.json,9192,top10k,2400
4259326,4259326.json,9192,top10k,2400
792468,792468.json,9192,top10k,2400
169854,169854.json,9192,top10k,2400
1202278,1202278.json,9192,top10k,2400
4954143,4954143.json,9192,top10k,2400
2184342,2184342.json,9192,top10k,2400
984419,984419.json,9192,top10k,2400
8169500,8169500.json,9192,top10k,2400
3777,3777.json,9192,top10k,2400
6350393,6350393.json,9192,top10k,2400
7938509,7938509.json,9192,top10k,2400
4277170,4277170.json,9192,top10k,2400
7244540,7244540.json,9192,top10k,2400
14183,14183.json,9192,top10k,2400
3296470,3296470.json,9192,top10k,2400
234749,234749.json,9192,top10k,2400
498926,498926.json,9192,top10k,2400
2191583,2191583.json,9192,top10k,2400
2530384,2530384.json,9192,top10k,2400
668728,668728.json,9280,top10k,2400
5529440,5529440.json,9280,top10k,2400
1774743,1774743.json,9280,top10k,2400
2614225,2614225.json,9280,top10k,2400
611010,611010.json,9280,top10k,2400
5943049,5943049.json,9280,top10k,2400
7162977,7162977.json,9280,top10k,2400
5655519,5655519.json,9280,top10k,2400
50793,50793.json,9280,top10k,2400
7013473,7013473.json,9280,top10k,2400
880483,880483.json,9280,top10k,2400
683097,683097.json,9280,top10k,2400
1490022,1490022.json,9280,top10k,2400
4333759,4333759.json,9280,top10k,2400
445556,445556.json,9280,top10k,2400
7610553,7610553.json,9280,top10k,2400
52516,52516.json,9280,top10k,2400
648419,648419.json,9280,top10k,2400
2258833,2258833.json,9280,top10k,2400
145778,145778.json,9280,top10k,2400
51379,51379.json,9280,top10k,2400
398849,398849.json,9280,top10k,2400
663909,663909.json,9280,top10k,2400
6974731,6974731.json,9280,top10k,2400
3940072,3940072.json,9280,top10k,2400
3663243,3663243.json,9280,top10k,2400
913144,913144.json,9280,top10k,2400
2084467,2084467.json,9280,top10k,2400
3099733,3099733.json,9280,top10k,2400
717759,717759.json,9280,top10k,2400
34699,34699.json,9280,top10k,2400
6908683,6908683.json,9280,top10k,2400
237480,237480.json,9280,top10k,2400
1289156,1289156.json,9280,top10k,2400
3248,3248.json,9280,top10k,2400
5213070,5213070.json,9280,top10k,2400
3019410,3019410.json,9280,top10k,2400
3379735,3379735.json,9280,top10k,2400
3647490,3647490.json,9280,top10k,2400
3914186,3914186.json,9280,top10k,2400
1358341,1358341.json,9280,top10k,2400
6822665,6822665.json,9280,top10k,2400
4709189,4709189.json,9280,top10k,2400
3433450,3433450.json,9280,top10k,2400
329538,329538.json,9280,top10k,2400
2949537,2949537.json,9280,top10k,2400
62038,62038.json,9280,top10k,2400
4806628,4806628.json,9280,top10k,2400
418735,418735.json,9280,top10k,2400
443702,443702.json,9280,top10k,2400
932898,932898.json,9280,top10k,2400
127689,127689.json,9280,top10k,2400
8305061,8305061.json,9280,top10k,2400
5013143,5013143.json,9280,top10k,2400
3841364,3841364.json,9280,top10k,2400
4666116,4666116.json,9280,top10k,2400
277420,277420.json,9280,top10k,2400
5545854,5545854.json,9280,top10k,2400
1356551,1356551.json,9280,top10k,2400
5764416,5764416.json,9280,top10k,2400
37915,37915.json,9280,top10k,2400
808785,808785.json,9280,top10k,2400
68400,68400.json,9280,top10k,2400
8294849,8294849.json,9280,top10k,2400
9061788,9061788.json,9280,top10k,2400
270374,270374.json,9280,top10k,2400
286140,286140.json,9280,top10k,2400
1761561,1761561.json,9280,top10k,2400
7626738,7626738.json,9280,top10k,2400
8912478,8912478.json,9280,top10k,2400
2176354,2176354.json,9280,top10k,2400
497900,497900.json,9280,top10k,2400
372049,372049.json,9280,top10k,2400
7931746,7931746.json,9280,top10k,2400
49498,49498.json,9280,top10k,2400
7915,7915.json,9280,top10k,2400
8368222,8368222.json,9280,top10k,2400
123322,123322.json,9280,top10k,2400
16501,16501.json,9280,top10k,2400
6139891,6139891.json,9280,top10k,2400
862229,862229.json,9280,top10k,2400
2511,2511.json,9280,top10k,2400
99101,99101.json,9280,top10k,2400
8993821,8993821.json,9280,top10k,2400
121401,121401.json,9280,top10k,2400
616477,616477.json,9280,top10k,2400
4955747,4955747.json,9366,top10k,2400
4564232,4564232.json,9366,top10k,2400
9425,9425.json,9366,top10k,2400
1854650,1854650.json,9366,top10k,2400
2184552,2184552.json,9366,top10k,2400
241028,241028.json,9366,top10k,2400
3923851,3923851.json,9366,top10k,2400
6435066,6435066.json,9366,top10k,2400
6948439,6948439.json,9366,top10k,2400
169353,169353.json,9366,top10k,2400
9058403,9058403.json,9366,top10k,2400
55920,55920.json,9366,top10k,2400
6285514,6285514.json,9366,top10k,2400
5159171,5159171.json,9366,top10k,2400
3913731,3913731.json,9366,top10k,2400
8356114,8356114.json,9366,top10k,2400
8094398,8094398.json,9366,top10k,2400
6327202,6327202.json,9366,top10k,2400
10199,10199.json,9366,top10k,2400
882043,882043.json,9366,top10k,2400
585057,585057.json,9366,top10k,2400
4019681,4019681.json,9366,top10k,2400
215722,215722.json,9366,top10k,2400
7847744,7847744.json,9366,top10k,2400
1583358,1583358.json,9366,top10k,2400
646463,646463.json,9366,top10k,2400
111859,111859.json,9366,top10k,2400
220209,220209.json,9366,top10k,2400
1203383,1203383.json,9366,top10k,2400
7758717,7758717.json,9366,top10k,2400
5563,5563.json,9366,top10k,2400
6421918,6421918.json,9366,top10k,2400
127168,127168.json,9366,top10k,2400
1270672,1270672.json,9366,top10k,2400
6089897,6089897.json,9366,top10k,2400
275123,275123.json,9366,top10k,2400
7832149,7832149.json,9366,top10k,2400
3457921,3457921.json,9366,top10k,2400
5201041,5201041.json,9366,top10k,2400
1440847,1440847.json,9366,top10k,2400
42805,42805.json,9366,top10k,2400
11697,11697.json,9366,top10k,2400
4790018,4790018.json,9366,top10k,2400
661157,661157.json,9366,top10k,2400
2296574,2296574.json,9366,top10k,2400
1244101,1244101.json,9366,top10k,2400
1712771,1712771.json,9366,top10k,2400
234948,234948.json,9413,top10k,2400
194164,194164.json,9413,top10k,2400
1777240,1777240.json,9413,top10k,2400
5167166,5167166.json,9413,top10k,2400
7562992,7562992.json,9413,top10k,2400
732480,732480.json,9413,top10k,2400
5194640,5194640.json,9413,top10k,2400
6967833,6967833.json,9413,top10k,2400
1050023,1050023.json,9413,top10k,2400
297311,297311.json,9413,top10k,2400
6340936,6340936.json,9413,top10k,2400
1634238,1634238.json,9413,top10k,2400
2069896,2069896.json,9413,top10k,2400
3611967,3611967.json,9413,top10k,2400
1311949,1311949.json,9413,top10k,2400
125040,125040.json,9413,top10k,2400
2238005,2238005.json,9413,top10k,2400
2819934,2819934.json,9413,top10k,2400
1321020,1321020.json,9413,top10k,2400
4447457,4447457.json,9413,top10k,2400
347090,347090.json,9413,top10k,2400
877581,877581.json,9413,top10k,2400
1561324,1561324.json,9413,top10k,2400
4465324,4465324.json,9413,top10k,2400
881239,881239.json,9413,top10k,2400
477738,477738.json,9413,top10k,2400
3119705,3119705.json,9413,top10k,2400
653389,653389.json,9413,top10k,2400
445223,445223.json,9413,top10k,2400
8792769,8792769.json,9413,top10k,2400
52656,52656.json,9413,top10k,2400
403259,403259.json,9413,top10k,2400
917866,917866.json,9413,top10k,2400
449684,449684.json,9413,top10k,2400
1012641,1012641.json,9413,top10k,2400
48730,48730.json,9413,top10k,2400
1731234,1731234.json,9413,top10k,2400
2079099,2079099.json,9413,top10k,2400
2790099,2790099.json,9413,top10k,2400
813318,813318.json,9413,top10k,2400
84039,84039.json,9453,top10k,2400
298905,298905.json,9453,top10k,2400
3895857,3895857.json,9453,top10k,2400
2580288,2580288.json,9453,top10k,2400
2370330,2370330.json,9453,top10k,2400
5703108,5703108.json,9453,top10k,2400
3666464,3666464.json,9453,top10k,2400
3468,3468.json,9453,top10k,2400
290144,290144.json,9453,top10k,2400
625996,625996.json,9453,top10k,2400
8080405,8080405.json,9453,top10k,2400
71320,71320.json,9453,top10k,2400
2583303,2583303.json,9453,top10k,2400
45153,45153.json,9453,top10k,2400
9075391,9075391.json,9453,top10k,2400
2615406,2615406.json,9453,top10k,2400
3002508,3002508.json,9453,top10k,2400
4698602,4698602.json,9453,top10k,2400
940514,940514.json,9453,top10k,2400
362924,362924.json,9453,top10k,2400
1033662,1033662.json,9453,top10k,2400
7893128,7893128.json,9453,top10k,2400
140257,140257.json,9453,top10k,2400
4206507,4206507.json,9453,top10k,2400
2291415,2291415.json,9453,top10k,2400
741931,741931.json,9453,top10k,2400
391092,391092.json,9453,top10k,2400
1410245,1410245.json,9480,top10k,2400
7169438,7169438.json,9480,top10k,2400
2223906,2223906.json,9480,top10k,2400
1049203,1049203.json,9480,top10k,2400
1194407,1194407.json,9480,top10k,2400
301469,301469.json,9480,top10k,2400
55104,55104.json,9480,top10k,2400
457202,457202.json,9480,top10k,2400
1177982,1177982.json,9480,top10k,2400
110431,110431.json,9480,top10k,2400
12636,12636.json,9480,top10k,2400
6951648,6951648.json,9480,top10k,2400
941051,941051.json,9480,top10k,2400
1478910,1478910.json,9480,top10k,2400
9442268,9442268.json,9480,top10k,2400
1782281,1782281.json,9480,top10k,2400
4640063,4640063.json,9480,top10k,2400
1445319,1445319.json,9480,top10k,2400
7428,7428.json,9480,top10k,2400
3438,3438.json,9480,top10k,2400
7722,7722.json,9480,top10k,2400
8482780,8482780.json,9501,top10k,2400
3599039,3599039.json,9501,top10k,2400
4009325,4009325.json,9501,top10k,2400
1130570,1130570.json,9501,top10k,2400
5580600,5580600.json,9501,top10k,2400
4933776,4933776.json,9501,top10k,2400
4022889,4022889.json,9501,top10k,2400
12965,12965.json,9501,top10k,2400
1870521,1870521.json,9501,top10k,2400
1283136,1283136.json,9510,top10k,2400
5766198,5766198.json,9510,top10k,2400
2701560,2701560.json,9510,top10k,2400
107011,107011.json,9510,top10k,2400
219061,219061.json,9510,top10k,2400
4151820,4151820.json,9510,top10k,2400
339575,339575.json,9516,top10k,2400
6800965,6800965.json,9516,top10k,2400
8212861,8212861.json,9516,top10k,2400
3745412,3745412.json,9516,top10k,2400
3861218,3861218.json,9516,top10k,2400
9887298,9887298.json,9516,top10k,2400
1320293,1320293.json,9522,top10k,2400
1809583,1809583.json,9522,top10k,2400
1616005,1616005.json,9524,top10k,2400
546761,546761.json,9524,top10k,2400
3737198,3737198.json,9524,top10k,2400
5531395,5531395.json,9527,top10k,2400
166102,166102.json,9527,top10k,2400
2186377,2186377.json,9527,top10k,2400
8458525,8458525.json,9530,top10k,2400
3039623,3039623.json,9531,top10k,2399
9478830,9478830.json,9531,top10k,2399
3578609,3578609.json,9533,top10k,2399
695695,695695.json,9534,top10k,2399
5451985,5451985.json,9534,top10k,2399
3673886,3673886.json,9534,top10k,2399
2435654,2435654.json,9537,top10k,2399
4866006,4866006.json,9537,top10k,2399
519020,519020.json,9537,top10k,2399
6948708,6948708.json,9537,top10k,2399
41204,41204.json,9537,top10k,2399
669895,669895.json,9537,top10k,2399
404779,404779.json,9537,top10k,2399
5552082,5552082.json,9537,top10k,2399
2751446,2751446.json,9537,top10k,2399
5200475,5200475.json,9537,top10k,2399
4233968,4233968.json,9537,top10k,2399
1518823,1518823.json,9548,top10k,2399
7858630,7858630.json,9548,top10k,2399
6896912,6896912.json,9548,top10k,2399
1245491,1245491.json,9548,top10k,2399
201380,201380.json,9548,top10k,2399
1238458,1238458.json,9548,top10k,2399
661722,661722.json,9548,top10k,2399
509061,509061.json,9548,top10k,2399
6856268,6856268.json,9548,top10k,2399
5498331,5498331.json,9548,top10k,2399
6587411,6587411.json,9548,top10k,2399
7041728,7041728.json,9548,top10k,2399
5035662,5035662.json,9548,top10k,2399
2779717,2779717.json,9548,top10k,2399
7733279,7733279.json,9548,top10k,2399
4508841,4508841.json,9548,top10k,2399
1903894,1903894.json,9548,top10k,2399
6630694,6630694.json,9548,top10k,2399
78879,78879.json,9548,top10k,2399
512719,512719.json,9548,top10k,2399
122638,122638.json,9548,top10k,2399
89765,89765.json,9548,top10k,2399
44073,44073.json,9548,top10k,2399
8376990,8376990.json,9548,top10k,2399
3079568,3079568.json,9548,top10k,2399
2010223,2010223.json,9548,top10k,2399
4962685,4962685.json,9548,top10k,2399
3825,3825.json,9575,top10k,2399
2207349,2207349.json,9575,top10k,2399
5711766,5711766.json,9575,top10k,2399
23939,23939.json,9575,top10k,2399
2886518,2886518.json,9575,top10k,2399
358198,358198.json,9575,top10k,2399
3702159,3702159.json,9575,top10k,2399
6833943,6833943.json,9575,top10k,2399
1492871,1492871.json,9575,top10k,2399
7669467,7669467.json,9575,top10k,2399
3819528,3819528.json,9575,top10k,2399
9311291,9311291.json,9575,top10k,2399
4395039,4395039.json,9575,top10k,2399
153325,153325.json,9575,top10k,2399
5807223,5807223.json,9575,top10k,2399
267620,267620.json,9575,top10k,2399
825970,825970.json,9575,top10k,2399
775436,775436.json,9575,top10k,2399
1122646,1122646.json,9575,top10k,2399
804413,804413.json,9575,top10k,2399
2296208,2296208.json,9575,top10k,2399
622694,622694.json,9575,top10k,2399
3980231,3980231.json,9575,top10k,2399
865893,865893.json,9575,top10k,2399
3530167,3530167.json,9575,top10k,2399
2788439,2788439.json,9575,top10k,2399
104581,104581.json,9575,top10k,2399
39210,39210.json,9575,top10k,2399
7229552,7229552.json,9575,top10k,2399
3008192,3008192.json,9575,top10k,2399
903793,903793.json,9575,top10k,2399
78989,78989.json,9575,top10k,2399
761838,761838.json,9575,top10k,2399
35183,35183.json,9575,top10k,2399
2519514,2519514.json,9575,top10k,2399
2750907,2750907.json,9575,top10k,2399
953591,953591.json,9575,top10k,2399
36796,36796.json,9575,top10k,2399
8617037,8617037.json,9575,top10k,2399
1266467,1266467.json,9575,top10k,2399
4687071,4687071.json,9575,top10k,2399
1970014,1970014.json,9575,top10k,2399
6010272,6010272.json,9575,top10k,2399
1075743,1075743.json,9575,top10k,2399
379481,379481.json,9575,top10k,2399
727160,727160.json,9575,top10k,2399
31829,31829.json,9575,top10k,2399
776108,776108.json,9575,top10k,2399
953167,953167.json,9575,top10k,2399
919861,919861.json,9575,top10k,2399
674,674.json,9575,top10k,2399
74815,74815.json,9575,top10k,2399
527864,527864.json,9575,top10k,2399
6071046,6071046.json,9575,top10k,2399
3032039,3032039.json,9575,top10k,2399
39874,39874.json,9575,top10k,2399
2174554,2174554.json,9575,top10k,2399
546938,546938.json,9575,top10k,2399
1067953,1067953.json,9575,top10k,2399
5098466,5098466.json,9575,top10k,2399
151633,151633.json,9575,top10k,2399
65817,65817.json,9575,top10k,2399
402258,402258.json,9575,top10k,2399
4622669,4622669.json,9575,top10k,2399
3079813,3079813.json,9575,top10k,2399
55101,55101.json,9575,top10k,2399
3355279,3355279.json,9575,top10k,2399
5287542,5287542.json,9575,top10k,2399
6688629,6688629.json,9575,top10k,2399
2069776,2069776.json,9575,top10k,2399
206966,206966.json,9575,top10k,2399
34989,34989.json,9575,top10k,2399
45701,45701.json,9575,top10k,2399
5036234,5036234.json,9575,top10k,2399
1993207,1993207.json,9575,top10k,2399
388501,388501.json,9575,top10k,2399
882671,882671.json,9575,top10k,2399
3405604,3405604.json,9575,top10k,2399
2192150,2192150.json,9575,top10k,2399
4199602,4199602.json,9575,top10k,2399
3212629,3212629.json,9575,top10k,2399
1388452,1388452.json,9575,top10k,2399
175376,175376.json,9575,top10k,2399
1419035,1419035.json,9575,top10k,2399
8097956,8097956.json,9575,top10k,2399
3746804,3746804.json,9575,top10k,2399
7153839,7153839.json,9575,top10k,2399
3494,3494.json,9575,top10k,2399
460669,460669.json,9575,top10k,2399
3608797,3608797.json,9575,top10k,2399
27591,27591.json,9575,top10k,2399
16860,16860.json,9575,top10k,2399
3032153,3032153.json,9575,top10k,2399
5715063,5715063.json,9575,top10k,2399
2760274,2760274.json,9575,top10k,2399
28984,28984.json,9575,top10k,2399
3292161,3292161.json,9575,top10k,2399
8466271,8466271.json,9575,top10k,2399
3774379,3774379.json,9575,top10k,2399
151796,151796.json,9575,top10k,2399
204,204.json,9575,top10k,2399
90073,90073.json,9575,top10k,2399
6130797,6130797.json,9575,top10k,2399
1202017,1202017.json,9575,top10k,2399
2089068,2089068.json,9575,top10k,2399
2238652,2238652.json,9575,top10k,2399
25483,25483.json,9575,top10k,2399
1574,1574.json,9575,top10k,2399
1716358,1716358.json,9683,top10k,2399
792932,792932.json,9683,top10k,2399
972954,972954.json,9683,top10k,2399
721731,721731.json,9683,top10k,2399
4839416,4839416.json,9683,top10k,2399
4522858,4522858.json,9683,top10k,2399
1140480,1140480.json,9683,top10k,2399
5493058,5493058.json,9683,top10k,2399
7730212,7730212.json,9683,top10k,2399
1899628,1899628.json,9683,top10k,2399
98327,98327.json,9683,top10k,2399
1292635,1292635.json,9683,top10k,2399
4645489,4645489.json,9683,top10k,2399
382,382.json,9683,top10k,2399
472613,472613.json,9683,top10k,2399
5386449,5386449.json,9683,top10k,2399
5529586,5529586.json,9683,top10k,2399
3620600,3620600.json,9683,top10k,2399
8746,8746.json,9683,top10k,2399
7353459,7353459.json,9683,top10k,2399
1659728,1659728.json,9683,top10k,2399
3347600,3347600.json,9683,top10k,2399
6273604,6273604.json,9683,top10k,2399
1136306,1136306.json,9683,top10k,2399
1429797,1429797.json,9683,top10k,2399
4028879,4028879.json,9683,top10k,2399
672741,672741.json,9683,top10k,2399
643619,643619.json,9683,top10k,2399
4002285,4002285.json,9683,top10k,2399
8246642,8246642.json,9683,top10k,2399
9309266,9309266.json,9683,top10k,2399
1920335,1920335.json,9683,top10k,2399
2630259,2630259.json,9683,top10k,2399
2632520,2632520.json,9683,top10k,2399
3566790,3566790.json,9683,top10k,2399
7386318,7386318.json,9683,top10k,2399
3348115,3348115.json,9683,top10k,2399
3853127,3853127.json,9683,top10k,2399
172915,172915.json,9683,top10k,2399
812952,812952.json,9683,top10k,2399
1414354,1414354.json,9683,top10k,2399
4893311,4893311.json,9683,top10k,2399
3847873,3847873.json,9683,top10k,2399
1275968,1275968.json,9683,top10k,2399
2924146,2924146.json,9683,top10k,2399
1622439,1622439.json,9683,top10k,2399
5912515,5912515.json,9683,top10k,2399
179764,179764.json,9683,top10k,2399
5867678,5867678.json,9683,top10k,2399
1511088,1511088.json,9683,top10k,2399
845071,845071.json,9683,top10k,2399
5397748,5397748.json,9683,top10k,2399
7569839,7569839.json,9683,top10k,2399
189676,189676.json,9683,top10k,2399
1412370,1412370.json,9683,top10k,2399
6475253,6475253.json,9683,top10k,2399
881018,881018.json,9683,top10k,2399
7490172,7490172.json,9683,top10k,2399
4724935,4724935.json,9683,top10k,2399
4787,4787.json,9683,top10k,2399
380192,380192.json,9683,top10k,2399
1109226,1109226.json,9683,top10k,2399
4648248,4648248.json,9683,top10k,2399
5566503,5566503.json,9683,top10k,2399
4559432,4559432.json,9683,top10k,2399
2883086,2883086.json,9683,top10k,2399
251361,251361.json,9683,top10k,2399
3527383,3527383.json,9683,top10k,2399
36382,36382.json,9683,top10k,2399
656765,656765.json,9683,top10k,2399
3700798,3700798.json,9683,top10k,2399
1339,1339.json,9683,top10k,2399
8172816,8172816.json,9683,top10k,2399
216170,216170.json,9756,top10k,2399
7046648,7046648.json,9756,top10k,2399
267810,267810.json,9756,top10k,2399
1070650,1070650.json,9756,top10k,2399
811325,811325.json,9756,top10k,2399
1274429,1274429.json,9756,top10k,2399
7734515,7734515.json,9756,top10k,2399
150506,150506.json,9756,top10k,2399
2236519,2236519.json,9756,top10k,2399
674518,674518.json,9756,top10k,2399
8510939,8510939.json,9756,top10k,2399
232855,232855.json,9756,top10k,2399
3014795,3014795.json,9756,top10k,2399
208878,208878.json,9756,top10k,2399
5909120,5909120.json,9756,top10k,2399
94711,94711.json,9756,top10k,2399
1682339,1682339.json,9756,top10k,2399
55179,55179.json,9756,top10k,2399
4297317,4297317.json,9756,top10k,2399
7156121,7156121.json,9756,top10k,2399
6996900,6996900.json,9756,top10k,2399
3039,3039.json,9756,top10k,2399
4008083,4008083.json,9756,top10k,2399
3638530,3638530.json,9756,top10k,2399
210856,210856.json,9756,top10k,2399
4077324,4077324.json,9756,top10k,2399
3870823,3870823.json,9756,top10k,2399
1847884,1847884.json,9756,top10k,2399
151109,151109.json,9756,top10k,2399
1296732,1296732.json,9756,top10k,2399
329649,329649.json,9756,top10k,2399
195612,195612.json,9756,top10k,2399
1647826,1647826.json,9756,top10k,2399
277238,277238.json,9756,top10k,2399
7764131,7764131.json,9756,top10k,2399
536627,536627.json,9756,top10k,2399
293762,293762.json,9756,top10k,2399
5057833,5057833.json,9756,top10k,2399
55473,55473.json,9756,top10k,2399
2897224,2897224.json,9756,top10k,2399
673095,673095.json,9756,top10k,2399
494908,494908.json,9756,top10k,2399
5594473,5594473.json,9756,top10k,2399
713671,713671.json,9756,top10k,2399
2326987,2326987.json,9756,top10k,2399
8934079,8934079.json,9756,top10k,2399
2186482,2186482.json,9756,top10k,2399
171111,171111.json,9756,top10k,2399
4230561,4230561.json,9756,top10k,2399
100568,100568.json,9756,top10k,2399
1481930,1481930.json,9806,top10k,2399
2647181,2647181.json,9806,top10k,2399
485687,485687.json,9806,top10k,2399
4209350,4209350.json,9806,top10k,2399
34891,34891.json,9806,top10k,2399
6342,6342.json,9806,top10k,2399
716238,716238.json,9806,top10k,2399
6108627,6108627.json,9806,top10k,2399
4932812,4932812.json,9806,top10k,2399
5712691,5712691.json,9806,top10k,2399
2545017,2545017.json,9806,top10k,2399
1371352,1371352.json,9806,top10k,2399
280041,280041.json,9806,top10k,2399
1389598,1389598.json,9806,top10k,2399
445274,445274.json,9806,top10k,2399
170468,170468.json,9806,top10k,2399
1411239,1411239.json,9806,top10k,2399
1806940,1806940.json,9806,top10k,2399
2620459,2620459.json,9806,top10k,2399
1489121,1489121.json,9806,top10k,2399
559298,559298.json,9806,top10k,2399
132986,132986.json,9806,top10k,2399
2565823,2565823.json,9806,top10k,2399
1014642,1014642.json,9806,top10k,2399
2241350,2241350.json,9806,top10k,2399
6822690,6822690.json,9806,top10k,2399
4421,4421.json,9806,top10k,2399
4298521,4298521.json,9806,top10k,2399
4695762,4695762.json,9806,top10k,2399
6639257,6639257.json,9806,top10k,2399
516311,516311.json,9806,top10k,2399
89035,89035.json,9806,top10k,2399
2580038,2580038.json,9806,top10k,2399
8006770,8006770.json,9806,top10k,2399
2580757,2580757.json,9806,top10k,2399
1755181,1755181.json,9806,top10k,2399
5304730,5304730.json,9806,top10k,2399
187078,187078.json,9806,top10k,2399
4467762,4467762.json,9806,top10k,2399
3190481,3190481.json,9806,top10k,2399
4035745,4035745.json,9806,top10k,2399
649442,649442.json,9806,top10k,2399
181928,181928.json,9806,top10k,2399
302326,302326.json,9849,top10k,2399
716172,716172.json,9849,top10k,2399
3644518,3644518.json,9849,top10k,2399
468543,468543.json,9849,top10k,2399
65438,65438.json,9849,top10k,2399
142129,142129.json,9849,top10k,2399
2378146,2378146.json,9849,top10k,2399
9043303,9043303.json,9849,top10k,2399
575632,575632.json,9849,top10k,2399
26843,26843.json,9849,top10k,2399
873722,873722.json,9849,top10k,2399
3610547,3610547.json,9849,top10k,2399
1133846,1133846.json,9849,top10k,2399
8038020,8038020.json,9849,top10k,2399
102017,102017.json,9849,top10k,2399
2226598,2226598.json,9849,top10k,2399
485274,485274.json,9849,top10k,2399
1915337,1915337.json,9849,top10k,2399
5401616,5401616.json,9849,top10k,2399
3757056,3757056.json,9849,top10k,2399
6269761,6269761.json,9849,top10k,2399
701755,701755.json,9849,top10k,2399
2778700,2778700.json,9849,top10k,2399
1319340,1319340.json,9849,top10k,2399
1432543,1432543.json,9849,top10k,2399
2550,2550.json,9874,top10k,2399
1690930,1690930.json,9874,top10k,2399
1291319,1291319.json,9874,top10k,2399
3152860,3152860.json,9874,top10k,2399
505065,505065.json,9874,top10k,2399
918901,918901.json,9874,top10k,2399
188637,188637.json,9874,top10k,2399
5588064,5588064.json,9874,top10k,2399
5534094,5534094.json,9874,top10k,2399
130124,130124.json,9874,top10k,2399
2413462,2413462.json,9874,top10k,2399
2919275,2919275.json,9874,top10k,2399
7016367,7016367.json,9874,top10k,2399
8031719,8031719.json,9874,top10k,2399
4550995,4550995.json,9874,top10k,2399
3766228,3766228.json,9874,top10k,2399
133865,133865.json,9874,top10k,2399
1853443,1853443.json,9891,top10k,2399
356168,356168.json,9891,top10k,2399
5567143,5567143.json,9891,top10k,2399
948251,948251.json,9891,top10k,2399
5594610,5594610.json,9891,top10k,2399
6464425,6464425.json,9891,top10k,2399
3726752,3726752.json,9891,top10k,2399
967800,967800.json,9891,top10k,2399
4523523,4523523.json,9891,top10k,2399
3971173,3971173.json,9891,top10k,2399
1105683,1105683.json,9891,top10k,2399
2287317,2287317.json,9902,top10k,2399
83681,83681.json,9902,top10k,2399
555231,555231.json,9902,top10k,2399
176890,176890.json,9902,top10k,2399
54992,54992.json,9902,top10k,2399
7392152,7392152.json,9907,top10k,2399
1053703,1053703.json,9907,top10k,2399
27026,27026.json,9907,top10k,2399
1725008,1725008.json,9907,top10k,2399
2916291,2916291.json,9911,top10k,2399
126322,126322.json,9911,top10k,2399
9173184,9173184.json,9911,top10k,2399
2918663,2918663.json,9914,top10k,2399
113317,113317.json,9914,top10k,2399
53171,53171.json,9916,top10k,2399
924845,924845.json,9917,top10k,2398
6721454,6721454.json,9917,top10k,2398
5508613,5508613.json,9919,top10k,2398
2651443,2651443.json,9919,top10k,2398
6283181,6283181.json,9921,top10k,2398
3397953,3397953.json,9922,top10k,2398
3513401,3513401.json,9922,top10k,2398
4850886,4850886.json,9922,top10k,2398
6242296,6242296.json,9925,top10k,2398
4428141,4428141.json,9925,top10k,2398
437091,437091.json,9925,top10k,2398
347940,347940.json,9925,top10k,2398
6330523,6330523.json,9925,top10k,2398
5391524,5391524.json,9925,top10k,2398
3639711,3639711.json,9925,top10k,2398
6516639,6516639.json,9932,top10k,2398
517071,517071.json,9932,top10k,2398
2044628,2044628.json,9932,top10k,2398
4753850,4753850.json,9932,top10k,2398
1056147,1056147.json,9932,top10k,2398
61097,61097.json,9932,top10k,2398
6763898,6763898.json,9932,top10k,2398
48196,48196.json,9932,top10k,2398
54408,54408.json,9932,top10k,2398
2021882,2021882.json,9932,top10k,2398
3213268,3213268.json,9932,top10k,2398
4443033,4443033.json,9932,top10k,2398
34265,34265.json,9932,top10k,2398
6619966,6619966.json,9932,top10k,2398
774412,774412.json,9946,top10k,2398
328221,328221.json,9946,top10k,2398
5565439,5565439.json,9946,top10k,2398
321265,321265.json,9946,top10k,2398
2486072,2486072.json,9946,top10k,2398
7842726,7842726.json,9946,top10k,2398
7525462,7525462.json,9946,top10k,2398
7177763,7177763.json,9946,top10k,2398
8456212,8456212.json,9946,top10k,2398
1209159,1209159.json,9946,top10k,2398
417148,417148.json,9946,top10k,2398
4737947,4737947.json,9946,top10k,2398
9245015,9245015.json,9946,top10k,2398
1668486,1668486.json,9946,top10k,2398
3855060,3855060.json,9946,top10k,2398
6227816,6227816.json,9946,top10k,2398
1498022,1498022.json,9946,top10k,2398
1122847,1122847.json,9946,top10k,2398
1141880,1141880.json,9946,top10k,2398
756512,756512.json,9946,top10k,2398
898194,898194.json,9946,top10k,2398
2887405,2887405.json,9946,top10k,2398
84418,84418.json,9946,top10k,2398
5403283,5403283.json,9946,top10k,2398
112170,112170.json,9970,top10k,2398
3416312,3416312.json,9970,top10k,2398
35673,35673.json,9970,top10k,2398
54669,54669.json,9970,top10k,2398
553892,553892.json,9970,top10k,2398
4295124,4295124.json,9970,top10k,2398
298435,298435.json,9970,top10k,2398
226221,226221.json,9970,top10k,2398
90541,90541.json,9970,top10k,2398
348918,348918.json,9970,top10k,2398
3817004,3817004.json,9970,top10k,2398
2611702,2611702.json,9970,top10k,2398
2949186,2949186.json,9970,top10k,2398
3862527,3862527.json,9970,top10k,2398
881886,881886.json,9970,top10k,2398
3708235,3708235.json,9970,top10k,2398
142531,142531.json,9970,top10k,2398
120134,120134.json,9970,top10k,2398
2244624,2244624.json,9970,top10k,2398
74747,74747.json,9970,top10k,2398
3629433,3629433.json,9970,top10k,2398
102159,102159.json,9970,top10k,2398
3174627,3174627.json,9970,top10k,2398
2697042,2697042.json,9970,top10k,2398
104204,104204.json,9970,top10k,2398
2319075,2319075.json,9970,top10k,2398
509844,509844.json,9970,top10k,2398
1357920,1357920.json,9970,top10k,2398
1078514,1078514.json,9970,top10k,2398
1762634,1762634.json,9970,top10k,2398
3684598,3684598.json,9970,top10k,2398
3196,3196.json,9970,top10k,2398
2385390,2385390.json,9970,top10k,2398
557,557.json,9970,top10k,2398
879933,879933.json,9970,top10k,2398
1435669,1435669.json,9970,top10k,2398
69961,69961.json,9970,top10k,2398
20222,20222.json,9970,top10k,2398
781516,781516.json,9970,top10k,2398
13805,13805.json,9970,top10k,2398
2506325,2506325.json,9970,top10k,2398
1997023,1997023.json,9970,top10k,2398
2363648,2363648.json,9970,top10k,2398
3271752,3271752.json,9970,top10k,2398
29606,29606.json,9970,top10k,2398
453420,453420.json,9970,top10k,2398
3663288,3663288.json,9970,top10k,2398
4216483,4216483.json,9970,top10k,2398
988797,988797.json,9970,top10k,2398
1084058,1084058.json,9970,top10k,2398
2792718,2792718.json,9970,top10k,2398
3475455,3475455.json,9970,top10k,2398
2724730,2724730.json,9970,top10k,2398
652,652.json,9970,top10k,2398
897124,897124.json,9970,top10k,2398
3485254,3485254.json,9970,top10k,2398
53337,53337.json,9970,top10k,2398
8963,8963.json,9970,top10k,2398
68824,68824.json,9970,top10k,2398
3121116,3121116.json,9970,top10k,2398
653684,653684.json,9970,top10k,2398
115096,115096.json,9970,top10k,2398
913564,913564.json,9970,top10k,2398
10971,10971.json,9970,top10k,2398
2520745,2520745.json,9970,top10k,2398
895775,895775.json,9970,top10k,2398
76929,76929.json,9970,top10k,2398
379241,379241.json,9970,top10k,2398
4350297,4350297.json,9970,top10k,2398
3256145,3256145.json,9970,top10k,2398
2326928,2326928.json,9970,top10k,2398
1035012,1035012.json,9970,top10k,2398
3825682,3825682.json,9970,top10k,2398
3723341,3723341.json,9970,top10k,2398
37363,37363.json,9970,top10k,2398
200817,200817.json,9970,top10k,2398
2435915,2435915.json,9970,top10k,2398
287694,287694.json,9970,top10k,2398
3820331,3820331.json,9970,top10k,2398
2363269,2363269.json,9970,top10k,2398
2763164,2763164.json,9970,top10k,2398
4074337,4074337.json,10157,baseline,2398
4793723,4793723.json,15809,baseline,2387
7448066,7448066.json,16861,baseline,2385
6298620,6298620.json,20885,baseline,2379
8111743,8111743.json,23275,baseline,2376
98920,98920.json,38435,baseline,2361
1346372,1346372.json,39837,baseline,2359
1344048,1344048.json,39837,baseline,2359
314431,314431.json,43984,baseline,2356
7523896,7523896.json,49730,band_50k,2352
6167736,6167736.json,49730,band_50k,2352
7822595,7822595.json,49730,band_50k,2352
5685365,5685365.json,49730,band_50k,2352
5993008,5993008.json,49730,band_50k,2352
8254253,8254253.json,49730,band_50k,2352
6712489,6712489.json,49730,band_50k,2352
5558268,5558268.json,49730,band_50k,2352
5554059,5554059.json,49730,band_50k,2352
6261405,6261405.json,49730,band_50k,2352
7057012,7057012.json,49730,band_50k,2352
6275326,6275326.json,49730,band_50k,2352
8003740,8003740.json,49730,band_50k,2352
7190294,7190294.json,49730,band_50k,2352
5694615,5694615.json,49730,band_50k,2352
8805507,8805507.json,49730,band_50k,2352
7266928,7266928.json,49730,band_50k,2352
6609855,6609855.json,49730,band_50k,2352
8584269,8584269.json,49730,band_50k,2352
7593670,7593670.json,49730,band_50k,2352
8012073,8012073.json,49730,band_50k,2352
5260874,5260874.json,49730,band_50k,2352
5565081,5565081.json,49730,band_50k,2352
7575984,7575984.json,49730,band_50k,2352
7571534,7571534.json,49730,band_50k,2352
9461806,9461806.json,49730,band_50k,2352
5992508,5992508.json,49730,band_50k,2352
8348493,8348493.json,49730,band_50k,2352
8350136,8350136.json,49730,band_50k,2352
8099796,8099796.json,49730,band_50k,2352
9200028,9200028.json,49730,band_50k,2352
5578869,5578869.json,49730,band_50k,2352
7242280,7242280.json,49730,band_50k,2352
5436747,5436747.json,49730,band_50k,2352
6812765,6812765.json,49730,band_50k,2352
6232252,6232252.json,49730,band_50k,2352
8434670,8434670.json,49730,band_50k,2352
5419287,5419287.json,49730,band_50k,2352
6781403,6781403.json,49730,band_50k,2352
6459344,6459344.json,49730,band_50k,2352
7136732,7136732.json,49730,band_50k,2352
7880564,7880564.json,49730,band_50k,2352
5409145,5409145.json,49730,band_50k,2352
7381712,7381712.json,49730,band_50k,2352
6270641,6270641.json,49730,band_50k,2352
9034369,9034369.json,49730,band_50k,2352
9357786,9357786.json,49730,band_50k,2352
6079233,6079233.json,49730,band_50k,2352
6191719,6191719.json,49730,band_50k,2352
6209805,6209805.json,49730,band_50k,2352
6543957,6543957.json,49730,band_50k,2352
5712680,5712680.json,49730,band_50k,2352
5630724,5630724.json,49730,band_50k,2352
7861966,7861966.json,49730,band_50k,2352
9258620,9258620.json,49730,band_50k,2352
7790824,7790824.json,49730,band_50k,2352
7852825,7852825.json,49730,band_50k,2352
6749133,6749133.json,49730,band_50k,2352
6756030,6756030.json,49730,band_50k,2352
9267052,9267052.json,49730,band_50k,2352
6508059,6508059.json,49730,band_50k,2352
6112703,6112703.json,49730,band_50k,2352
9426179,9426179.json,49730,band_50k,2352
6666846,6666846.json,49730,band_50k,2352
8641939,8641939.json,49730,band_50k,2352
9123076,9123076.json,49730,band_50k,2352
6406314,6406314.json,49730,band_50k,2352
7722035,7722035.json,49730,band_50k,2352
6667275,6667275.json,49730,band_50k,2352
8176044,8176044.json,50020,band_50k,2352
520636,520636.json,50020,band_50k,2352
1670,1670.json,50020,band_50k,2352
5227270,5227270.json,50020,band_50k,2352
5480740,5480740.json,50020,band_50k,2352
6658891,6658891.json,50020,band_50k,2352
6558268,6558268.json,50020,band_50k,2352
1449599,1449599.json,50020,band_50k,2352
4430307,4430307.json,50020,band_50k,2352
4612977,4612977.json,50020,band_50k,2352
1385423,1385423.json,50020,band_50k,2352
1384788,1384788.json,50020,band_50k,2352
639149,639149.json,50020,band_50k,2352
3693875,3693875.json,50020,band_50k,2352
963469,963469.json,50020,band_50k,2352
70973,70973.json,50020,band_50k,2352
3057224,3057224.json,50020,band_50k,2352
376153,376153.json,50020,band_50k,2352
1596286,1596286.json,50020,band_50k,2352
4229840,4229840.json,50020,band_50k,2352
7171005,7171005.json,50020,band_50k,2352
7168733,7168733.json,50020,band_50k,2352
7125803,7125803.json,50020,band_50k,2352
4933571,4933571.json,50020,band_50k,2352
49269,49269.json,50020,band_50k,2352
2462655,2462655.json,50020,band_50k,2352
1245631,1245631.json,50020,band_50k,2352
9379887,9379887.json,50020,band_50k,2352
179120,179120.json,50020,band_50k,2352
251459,251459.json,50020,band_50k,2352
4073647,4073647.json,50020,band_50k,2352
609083,609083.json,50020,band_50k,2352
1165536,1165536.json,50020,band_50k,2352
7485381,7485381.json,50020,band_50k,2352
4573390,4573390.json,50020,band_50k,2352
2133748,2133748.json,50020,band_50k,2352
4049181,4049181.json,50020,band_50k,2352
38811,38811.json,50020,band_50k,2352
4757418,4757418.json,50020,band_50k,2352
22700,22700.json,50020,band_50k,2352
58022,58022.json,50020,band_50k,2352
2409248,2409248.json,50020,band_50k,2352
887678,887678.json,50020,band_50k,2352
5362056,5362056.json,50020,band_50k,2352
20292,20292.json,50020,band_50k,2352
230819,230819.json,50020,band_50k,2352
600,600.json,50020,band_50k,2352
321772,321772.json,50020,band_50k,2352
32248,32248.json,50020,band_50k,2352
7435154,7435154.json,50020,band_50k,2352
1065583,1065583.json,50020,band_50k,2352
635308,635308.json,50020,band_50k,2352
1638912,1638912.json,50020,band_50k,2352
9216714,9216714.json,50020,band_50k,2352
5344014,5344014.json,50020,band_50k,2352
6763071,6763071.json,50020,band_50k,2352
8408148,8408148.json,50020,band_50k,2352
2035857,2035857.json,50020,band_50k,2352
1036,1036.json,50020,band_50k,2352
1951371,1951371.json,50020,band_50k,2352
5710995,5710995.json,50020,band_50k,2352
609796,609796.json,50020,band_50k,2352
5178472,5178472.json,50020,band_50k,2352
6285154,6285154.json,50020,band_50k,2352
5966552,5966552.json,50020,band_50k,2352
1660729,1660729.json,50020,band_50k,2352
1942787,1942787.json,50020,band_50k,2352
1568168,1568168.json,50020,band_50k,2352
4068160,4068160.json,50020,band_50k,2352
8492551,8492551.json,50020,band_50k,2352
5852267,5852267.json,50020,band_50k,2352
6976900,6976900.json,50020,band_50k,2352
5144601,5144601.json,50020,band_50k,2352
3391004,3391004.json,50020,band_50k,2352
5879671,5879671.json,50020,band_50k,2352
58778,58778.json,50020,band_50k,2352
3448714,3448714.json,50020,band_50k,2352
455474,455474.json,50020,band_50k,2352
293558,293558.json,50020,band_50k,2352
627282,627282.json,50020,band_50k,2352
8577913,8577913.json,50020,band_50k,2352
857396,857396.json,50020,band_50k,2352
5449475,5449475.json,50020,band_50k,2352
856324,856324.json,50020,band_50k,2352
258644,258644.json,50020,band_50k,2352
3477947,3477947.json,50020,band_50k,2352
1587935,1587935.json,50020,band_50k,2352
117985,117985.json,50020,band_50k,2352
503326,503326.json,50020,band_50k,2352
1110003,1110003.json,50020,band_50k,2352
4137484,4137484.json,50020,band_50k,2352
3416513,3416513.json,50020,band_50k,2352
7471071,7471071.json,50020,band_50k,2352
739669,739669.json,50020,band_50k,2352
5538913,5538913.json,50020,band_50k,2352
8582421,8582421.json,50020,band_50k,2352
5245694,5245694.json,50020,band_50k,2352
8236685,8236685.json,50020,band_50k,2352
7745869,7745869.json,50020,band_50k,2352
50969,50969.json,50020,band_50k,2352
908318,908318.json,50020,band_50k,2352
907871,907871.json,50020,band_50k,2352
702031,702031.json,50020,band_50k,2352
1370466,1370466.json,50020,band_50k,2352
223753,223753.json,50020,band_50k,2352
4826252,4826252.json,50020,band_50k,2352
28209,28209.json,50020,band_50k,2352
6714041,6714041.json,50020,band_50k,2352
2045048,2045048.json,50020,band_50k,2352
297985,297985.json,50020,band_50k,2352
3736965,3736965.json,50020,band_50k,2352
9035960,9035960.json,50020,band_50k,2352
82428,82428.json,50020,band_50k,2352
243013,243013.json,50020,band_50k,2352
5222770,5222770.json,50020,band_50k,2352
2663563,2663563.json,50020,band_50k,2352
87707,87707.json,50020,band_50k,2352
1050350,1050350.json,50020,band_50k,2352
1869633,1869633.json,50020,band_50k,2352
3819274,3819274.json,50020,band_50k,2352
3825687,3825687.json,50020,band_50k,2352
1113305,1113305.json,50020,band_50k,2352
448,448.json,50020,band_50k,2352
1043716,1043716.json,50020,band_50k,2352
4186826,4186826.json,50020,band_50k,2352
491025,491025.json,50020,band_50k,2352
759926,759926.json,50020,band_50k,2352
854406,854406.json,50020,band_50k,2352
166143,166143.json,50020,band_50k,2352
112255,112255.json,50020,band_50k,2352
3857200,3857200.json,50020,band_50k,2352
8294801,8294801.json,50020,band_50k,2352
7682519,7682519.json,50020,band_50k,2352
132947,132947.json,50020,band_50k,2352
3982144,3982144.json,50020,band_50k,2352
889991,889991.json,50020,band_50k,2352
6953290,6953290.json,50020,band_50k,2352
3999567,3999567.json,50020,band_50k,2352
6636154,6636154.json,50020,band_50k,2352
7038315,7038315.json,50020,band_50k,2352
704527,704527.json,50020,band_50k,2352
5005142,5005142.json,50020,band_50k,2352
2764365,2764365.json,50020,band_50k,2352
4712339,4712339.json,50020,band_50k,2352
243223,243223.json,50020,band_50k,2352
8535317,8535317.json,50020,band_50k,2352
943302,943302.json,50020,band_50k,2352
1022910,1022910.json,50020,band_50k,2352
3968649,3968649.json,50020,band_50k,2352
4839787,4839787.json,50020,band_50k,2352
4939410,4939410.json,50020,band_50k,2352
2054812,2054812.json,50020,band_50k,2352
1053253,1053253.json,50020,band_50k,2352
5584095,5584095.json,50020,band_50k,2352
6266859,6266859.json,50020,band_50k,2352
1540904,1540904.json,50020,band_50k,2352
4177001,4177001.json,50020,band_50k,2352
5631636,5631636.json,50020,band_50k,2352
1618222,1618222.json,50020,band_50k,2352
2937515,2937515.json,50020,band_50k,2352
1673222,1673222.json,50020,band_50k,2352
5709111,5709111.json,50020,band_50k,2352
1312204,1312204.json,50020,band_50k,2352
38343,38343.json,50020,band_50k,2352
6364975,6364975.json,50020,band_50k,2352
2167258,2167258.json,50020,band_50k,2352
494780,494780.json,50020,band_50k,2352
727580,727580.json,50020,band_50k,2352
943560,943560.json,50020,band_50k,2352
6647526,6647526.json,50020,band_50k,2352
86741,86741.json,50020,band_50k,2352
1465108,1465108.json,50020,band_50k,2352
5167868,5167868.json,50020,band_50k,2352
4129537,4129537.json,50020,band_50k,2352
931802,931802.json,50020,band_50k,2352
7420815,7420815.json,50020,band_50k,2352
1705989,1705989.json,50020,band_50k,2352
89545,89545.json,50020,band_50k,2352
6817956,6817956.json,50020,band_50k,2352
2273317,2273317.json,50020,band_50k,2352
5552196,5552196.json,50020,band_50k,2352
1418352,1418352.json,50020,band_50k,2352
2170436,2170436.json,50020,band_50k,2352
2840356,2840356.json,50020,band_50k,2352
602456,602456.json,50020,band_50k,2352
319411,319411.json,50020,band_50k,2352
2338817,2338817.json,50020,band_50k,2352
3957170,3957170.json,50020,band_50k,2352
4775114,4775114.json,50020,band_50k,2352
178816,178816.json,50020,band_50k,2352
5958119,5958119.json,50020,band_50k,2352
264764,264764.json,50020,band_50k,2352
736852,736852.json,50020,band_50k,2352
3184624,3184624.json,50020,band_50k,2352
453819,453819.json,50020,band_50k,2352
138011,138011.json,50020,band_50k,2352
7818997,7818997.json,50020,band_50k,2352
99721,99721.json,50020,band_50k,2352
3529880,3529880.json,50020,band_50k,2352
656780,656780.json,50020,band_50k,2352
52013,52013.json,50020,band_50k,2352
8177,8177.json,50020,band_50k,2352
6449616,6449616.json,50020,band_50k,2352
2127,2127.json,50020,band_50k,2352
9886,9886.json,50020,band_50k,2352
1215123,1215123.json,50020,band_50k,2352
6356116,6356116.json,50020,band_50k,2352
1366029,1366029.json,50020,band_50k,2352
2902745,2902745.json,50020,band_50k,2352
612864,612864.json,50229,band_50k,2352
3458139,3458139.json,50229,band_50k,2352
900483,900483.json,50229,band_50k,2352
6049418,6049418.json,50229,band_50k,2352
3134663,3134663.json,50229,band_50k,2352
5386403,5386403.json,50229,band_50k,2352
5522084,5522084.json,50229,band_50k,2352
573798,573798.json,50229,band_50k,2352
644815,644815.json,50229,band_50k,2352
3166180,3166180.json,50229,band_50k,2352
249013,249013.json,50229,band_50k,2352
535171,535171.json,50229,band_50k,2352
568736,568736.json,50229,band_50k,2352
784384,784384.json,50229,band_50k,2352
1762237,1762237.json,50229,band_50k,2352
5024063,5024063.json,50229,band_50k,2352
99020,99020.json,50229,band_50k,2352
334403,334403.json,50229,band_50k,2352
7014704,7014704.json,50229,band_50k,2352
7258475,7258475.json,50229,band_50k,2352
1690743,1690743.json,50229,band_50k,2352
5006396,5006396.json,50229,band_50k,2352
1433293,1433293.json,50229,band_50k,2352
446536,446536.json,50229,band_50k,2352
590474,590474.json,50229,band_50k,2352
731506,731506.json,50229,band_50k,2352
2274182,2274182.json,50229,band_50k,2352
90194,90194.json,50229,band_50k,2352
383950,383950.json,50229,band_50k,2352
2802467,2802467.json,50229,band_50k,2352
5982148,5982148.json,50229,band_50k,2352
1092818,1092818.json,50229,band_50k,2352
2439758,2439758.json,50229,band_50k,2352
647965,647965.json,50229,band_50k,2352
943663,943663.json,50229,band_50k,2352
1021995,1021995.json,50229,band_50k,2352
1780155,1780155.json,50229,band_50k,2352
265108,265108.json,50229,band_50k,2352
3533665,3533665.json,50229,band_50k,2352
3347614,3347614.json,50229,band_50k,2352
1125555,1125555.json,50229,band_50k,2352
2548126,2548126.json,50229,band_50k,2352
3968922,3968922.json,50229,band_50k,2352
814031,814031.json,50229,band_50k,2352
6442972,6442972.json,50229,band_50k,2352
6531988,6531988.json,50229,band_50k,2352
799129,799129.json,50229,band_50k,2352
318146,318146.json,50229,band_50k,2352
1574615,1574615.json,50229,band_50k,2352
106466,106466.json,50229,band_50k,2352
3990693,3990693.json,50229,band_50k,2352
5278593,5278593.json,50229,band_50k,2352
59158,59158.json,50229,band_50k,2352
2408120,2408120.json,50229,band_50k,2352
4189153,4189153.json,50229,band_50k,2352
4889367,4889367.json,50229,band_50k,2352
12102,12102.json,50229,band_50k,2352
7608960,7608960.json,50229,band_50k,2352
850212,850212.json,50229,band_50k,2352
2140502,2140502.json,50229,band_50k,2352
4047452,4047452.json,50229,band_50k,2352
9355446,9355446.json,50229,band_50k,2352
148503,148503.json,50229,band_50k,2352
905271,905271.json,50229,band_50k,2352
1646015,1646015.json,50229,band_50k,2352
482845,482845.json,50229,band_50k,2352
5724173,5724173.json,50229,band_50k,2352
6995895,6995895.json,50229,band_50k,2352
3594941,3594941.json,50229,band_50k,2352
3595796,3595796.json,50229,band_50k,2352
7747787,7747787.json,50229,band_50k,2352
14893,14893.json,50229,band_50k,2352
154566,154566.json,50229,band_50k,2352
1978464,1978464.json,50229,band_50k,2352
7373906,7373906.json,50229,band_50k,2352
283014,283014.json,50229,band_50k,2352
306985,306985.json,50229,band_50k,2352
4269,4269.json,50229,band_50k,2352
7552708,7552708.json,50229,band_50k,2352
8691120,8691120.json,50229,band_50k,2352
410891,410891.json,50229,band_50k,2352
5328602,5328602.json,50229,band_50k,2352
532870,532870.json,50229,band_50k,2352
1590813,1590813.json,50229,band_50k,2352
117353,117353.json,50229,band_50k,2352
95401,95401.json,50229,band_50k,2352
3053455,3053455.json,50229,band_50k,2352
6242903,6242903.json,50229,band_50k,2352
637682,637682.json,50229,band_50k,2352
1834210,1834210.json,50229,band_50k,2352
370188,370188.json,50229,band_50k,2352
1084224,1084224.json,50229,band_50k,2352
4038253,4038253.json,50229,band_50k,2352
33078,33078.json,50229,band_50k,2352
7734260,7734260.json,50229,band_50k,2352
91120,91120.json,50229,band_50k,2352
3816996,3816996.json,50229,band_50k,2352
1635926,1635926.json,50229,band_50k,2352
540616,540616.json,50229,band_50k,2352
3743948,3743948.json,50229,band_50k,2352
179829,179829.json,50229,band_50k,2352
2093855,2093855.json,50229,band_50k,2352
3960048,3960048.json,50229,band_50k,2352
1478423,1478423.json,50229,band_50k,2352
2910698,2910698.json,50229,band_50k,2352
1563693,1563693.json,50229,band_50k,2352
677966,677966.json,50229,band_50k,2352
92599,92599.json,50229,band_50k,2352
6337929,6337929.json,50229,band_50k,2352
274905,274905.json,50229,band_50k,2352
2336271,2336271.json,50229,band_50k,2352
4418,4418.json,50229,band_50k,2352
5774922,5774922.json,50229,band_50k,2352
291767,291767.json,50229,band_50k,2352
6426295,6426295.json,50229,band_50k,2352
1422613,1422613.json,50229,band_50k,2352
106778,106778.json,50229,band_50k,2352
194695,194695.json,50229,band_50k,2352
887630,887630.json,50229,band_50k,2352
4609278,4609278.json,50229,band_50k,2352
33652,33652.json,50229,band_50k,2352
58,58.json,50229,band_50k,2352
4045109,4045109.json,50229,band_50k,2352
5641916,5641916.json,50229,band_50k,2352
143549,143549.json,50229,band_50k,2352
8931146,8931146.json,50229,band_50k,2352
3150876,3150876.json,50229,band_50k,2352
278715,278715.json,50229,band_50k,2352
729738,729738.json,50229,band_50k,2352
77175,77175.json,50229,band_50k,2352
1383742,1383742.json,50229,band_50k,2352
656952,656952.json,50229,band_50k,2352
1906147,1906147.json,50229,band_50k,2352
3780425,3780425.json,50229,band_50k,2352
222551,222551.json,50229,band_50k,2352
961889,961889.json,50229,band_50k,2352
7088121,7088121.json,50229,band_50k,2352
5475196,5475196.json,50229,band_50k,2352
1996849,1996849.json,50229,band_50k,2352
2179751,2179751.json,50229,band_50k,2352
2376960,2376960.json,50229,band_50k,2352
23776,23776.json,50229,band_50k,2352
91391,91391.json,50229,band_50k,2352
5685038,5685038.json,50372,band_50k,2352
3763270,3763270.json,50372,band_50k,2352
1693074,1693074.json,50372,band_50k,2352
3313930,3313930.json,50372,band_50k,2352
4486766,4486766.json,50372,band_50k,2352
222443,222443.json,50372,band_50k,2352
1964281,1964281.json,50372,band_50k,2352
1313244,1313244.json,50372,band_50k,2352
1307307,1307307.json,50372,band_50k,2352
294471,294471.json,50372,band_50k,2352
4041560,4041560.json,50372,band_50k,2352
10629,10629.json,50372,band_50k,2352
1273925,1273925.json,50372,band_50k,2352
593365,593365.json,50372,band_50k,2352
1798446,1798446.json,50372,band_50k,2352
7668331,7668331.json,50372,band_50k,2352
1043244,1043244.json,50372,band_50k,2352
465022,465022.json,50372,band_50k,2352
59689,59689.json,50372,band_50k,2352
209485,209485.json,50372,band_50k,2352
5178,5178.json,50372,band_50k,2352
691596,691596.json,50372,band_50k,2352
3083596,3083596.json,50372,band_50k,2352
44323,44323.json,50372,band_50k,2352
95950,95950.json,50372,band_50k,2352
5824302,5824302.json,50372,band_50k,2352
1090457,1090457.json,50372,band_50k,2352
5086150,5086150.json,50372,band_50k,2352
267302,267302.json,50372,band_50k,2352
5250458,5250458.json,50372,band_50k,2352
1487264,1487264.json,50372,band_50k,2352
3963981,3963981.json,50372,band_50k,2352
865068,865068.json,50372,band_50k,2352
3590874,3590874.json,50372,band_50k,2352
64034,64034.json,50372,band_50k,2352
5289329,5289329.json,50372,band_50k,2352
3852639,3852639.json,50372,band_50k,2352
1122006,1122006.json,50372,band_50k,2352
2908672,2908672.json,50372,band_50k,2352
2949573,2949573.json,50372,band_50k,2352
2097119,2097119.json,50372,band_50k,2352
3020931,3020931.json,50372,band_50k,2352
109356,109356.json,50372,band_50k,2352
5900776,5900776.json,50372,band_50k,2352
633438,633438.json,50372,band_50k,2352
27665,27665.json,50372,band_50k,2352
246696,246696.json,50372,band_50k,2352
6279309,6279309.json,50372,band_50k,2352
4621957,4621957.json,50372,band_50k,2352
1848837,1848837.json,50372,band_50k,2352
5937462,5937462.json,50372,band_50k,2352
129872,129872.json,50372,band_50k,2352
284347,284347.json,50372,band_50k,2352
1328283,1328283.json,50372,band_50k,2352
66463,66463.json,50372,band_50k,2352
2166304,2166304.json,50372,band_50k,2352
3344890,3344890.json,50372,band_50k,2352
4724781,4724781.json,50372,band_50k,2352
494414,494414.json,50372,band_50k,2352
1852601,1852601.json,50372,band_50k,2352
746898,746898.json,50372,band_50k,2352
5236936,5236936.json,50372,band_50k,2352
57147,57147.json,50372,band_50k,2352
3432537,3432537.json,50372,band_50k,2352
2235836,2235836.json,50372,band_50k,2352
4174839,4174839.json,50372,band_50k,2352
4177902,4177902.json,50372,band_50k,2352
40370,40370.json,50372,band_50k,2352
885410,885410.json,50372,band_50k,2352
4090768,4090768.json,50372,band_50k,2352
108100,108100.json,50372,band_50k,2352
5153153,5153153.json,50372,band_50k,2352
5892460,5892460.json,50372,band_50k,2352
29874,29874.json,50372,band_50k,2352
7571266,7571266.json,50372,band_50k,2352
2430470,2430470.json,50372,band_50k,2352
39083,39083.json,50372,band_50k,2352
2321143,2321143.json,50372,band_50k,2352
5422180,5422180.json,50372,band_50k,2352
84972,84972.json,50372,band_50k,2352
381462,381462.json,50372,band_50k,2352
6783501,6783501.json,50372,band_50k,2352
8501925,8501925.json,50372,band_50k,2352
7473947,7473947.json,50372,band_50k,2352
2933499,2933499.json,50372,band_50k,2352
572757,572757.json,50372,band_50k,2352
123875,123875.json,50372,band_50k,2352
1170927,1170927.json,50372,band_50k,2352
2591681,2591681.json,50372,band_50k,2352
7410537,7410537.json,50372,band_50k,2352
341604,341604.json,50372,band_50k,2352
140976,140976.json,50372,band_50k,2352
2555672,2555672.json,50372,band_50k,2352
9207925,9207925.json,50372,band_50k,2352
9212226,9212226.json,50372,band_50k,2352
11107,11107.json,50372,band_50k,2352
7493525,7493525.json,50372,band_50k,2352
45174,45174.json,50372,band_50k,2352
2580196,2580196.json,50372,band_50k,2352
1427595,1427595.json,50372,band_50k,2352
3557749,3557749.json,50372,band_50k,2352
7166878,7166878.json,50372,band_50k,2352
129117,129117.json,50372,band_50k,2352
911741,911741.json,50372,band_50k,2352
2279282,2279282.json,50372,band_50k,2352
1107817,1107817.json,50372,band_50k,2352
3310053,3310053.json,50372,band_50k,2352
54007,54007.json,50372,band_50k,2352
726619,726619.json,50372,band_50k,2352
1268577,1268577.json,50372,band_50k,2352
1857943,1857943.json,50372,band_50k,2352
21951,21951.json,50372,band_50k,2352
3927249,3927249.json,50372,band_50k,2352
2202351,2202351.json,50372,band_50k,2352
4250909,4250909.json,50372,band_50k,2352
2515616,2515616.json,50372,band_50k,2352
4848944,4848944.json,50372,band_50k,2352
4563664,4563664.json,50372,band_50k,2352
1932606,1932606.json,50372,band_50k,2352
2365492,2365492.json,50372,band_50k,2352
265804,265804.json,50372,band_50k,2352
336959,336959.json,50372,band_50k,2352
1623134,1623134.json,50372,band_50k,2352
325407,325407.json,50372,band_50k,2352
8177780,8177780.json,50372,band_50k,2352
8939014,8939014.json,50372,band_50k,2352
1935079,1935079.json,50372,band_50k,2352
3787647,3787647.json,50372,band_50k,2352
4851769,4851769.json,50372,band_50k,2352
4231551,4231551.json,50372,band_50k,2352
2571658,2571658.json,50372,band_50k,2352
1760419,1760419.json,50372,band_50k,2352
2735756,2735756.json,50372,band_50k,2352
924711,924711.json,50372,band_50k,2352
25025,25025.json,50372,band_50k,2352
4544482,4544482.json,50372,band_50k,2352
2191533,2191533.json,50508,band_50k,2352
1300893,1300893.json,50508,band_50k,2352
19820,19820.json,50508,band_50k,2352
3660172,3660172.json,50508,band_50k,2352
3164795,3164795.json,50508,band_50k,2352
3164645,3164645.json,50508,band_50k,2352
3587444,3587444.json,50508,band_50k,2352
2538364,2538364.json,50508,band_50k,2352
708932,708932.json,50508,band_50k,2352
4359043,4359043.json,50508,band_50k,2352
213813,213813.json,50508,band_50k,2352
132281,132281.json,50508,band_50k,2352
939040,939040.json,50508,band_50k,2352
7090970,7090970.json,50508,band_50k,2352
7973241,7973241.json,50508,band_50k,2352
2375606,2375606.json,50508,band_50k,2352
5027575,5027575.json,50508,band_50k,2352
557492,557492.json,50508,band_50k,2352
333729,333729.json,50508,band_50k,2352
272294,272294.json,50508,band_50k,2352
9230613,9230613.json,50508,band_50k,2352
1146182,1146182.json,50508,band_50k,2352
1353718,1353718.json,50508,band_50k,2352
395,395.json,50508,band_50k,2352
1204158,1204158.json,50508,band_50k,2352
1408568,1408568.json,50508,band_50k,2352
8515194,8515194.json,50508,band_50k,2352
5628250,5628250.json,50508,band_50k,2352
1250560,1250560.json,50508,band_50k,2352
6420355,6420355.json,50508,band_50k,2352
6970972,6970972.json,50508,band_50k,2352
8103396,8103396.json,50508,band_50k,2352
3897323,3897323.json,50508,band_50k,2352
7597,7597.json,50508,band_50k,2352
3902050,3902050.json,50508,band_50k,2352
757756,757756.json,50508,band_50k,2352
8868325,8868325.json,50508,band_50k,2352
7974056,7974056.json,50508,band_50k,2352
624865,624865.json,50508,band_50k,2352
415633,415633.json,50508,band_50k,2352
246514,246514.json,50508,band_50k,2352
5698409,5698409.json,50508,band_50k,2352
2247347,2247347.json,50508,band_50k,2352
41295,41295.json,50508,band_50k,2352
6644480,6644480.json,50508,band_50k,2352
64458,64458.json,50508,band_50k,2352
122232,122232.json,50508,band_50k,2352
2847352,2847352.json,50508,band_50k,2352
6091926,6091926.json,50508,band_50k,2352
894869,894869.json,50508,band_50k,2352
1473161,1473161.json,50508,band_50k,2352
147394,147394.json,50508,band_50k,2352
3015700,3015700.json,50508,band_50k,2352
2591303,2591303.json,50508,band_50k,2352
253568,253568.json,50508,band_50k,2352
4068442,4068442.json,50508,band_50k,2352
7326075,7326075.json,50508,band_50k,2352
2014487,2014487.json,50508,band_50k,2352
3887190,3887190.json,50508,band_50k,2352
684495,684495.json,50508,band_50k,2352
56273,56273.json,50508,band_50k,2352
3733028,3733028.json,50508,band_50k,2352
3725571,3725571.json,50508,band_50k,2352
7907551,7907551.json,50508,band_50k,2352
819499,819499.json,50508,band_50k,2352
1140169,1140169.json,50508,band_50k,2352
3331343,3331343.json,50508,band_50k,2352
3775786,3775786.json,50508,band_50k,2352
734764,734764.json,50508,band_50k,2352
5182033,5182033.json,50508,band_50k,2352
3430663,3430663.json,50508,band_50k,2352
3974823,3974823.json,50508,band_50k,2352
1386078,1386078.json,50508,band_50k,2352
31790,31790.json,50508,band_50k,2352
708720,708720.json,50508,band_50k,2352
2468209,2468209.json,50508,band_50k,2352
8676693,8676693.json,50508,band_50k,2352
277264,277264.json,50508,band_50k,2352
6833060,6833060.json,50508,band_50k,2352
408373,408373.json,50508,band_50k,2352
455113,455113.json,50508,band_50k,2352
7959343,7959343.json,50508,band_50k,2352
1005505,1005505.json,50508,band_50k,2352
171143,171143.json,50508,band_50k,2352
11017,11017.json,50508,band_50k,2352
6569284,6569284.json,50508,band_50k,2352
4474842,4474842.json,50508,band_50k,2352
9151,9151.json,50508,band_50k,2352
816212,816212.json,50596,band_50k,2352
90396,90396.json,50596,band_50k,2352
1289162,1289162.json,50596,band_50k,2352
464583,464583.json,50596,band_50k,2352
208499,208499.json,50596,band_50k,2352
4321822,4321822.json,50596,band_50k,2352
993144,993144.json,50596,band_50k,2352
1247083,1247083.json,50596,band_50k,2352
1687691,1687691.json,50596,band_50k,2352
624901,624901.json,50596,band_50k,2352
745379,745379.json,50596,band_50k,2352
4621919,4621919.json,50596,band_50k,2352
689185,689185.json,50596,band_50k,2352
4038242,4038242.json,50596,band_50k,2352
291161,291161.json,50596,band_50k,2352
540993,540993.json,50596,band_50k,2352
869677,869677.json,50596,band_50k,2352
131437,131437.json,50596,band_50k,2352
4713846,4713846.json,50596,band_50k,2352
101685,101685.json,50596,band_50k,2352
2147245,2147245.json,50596,band_50k,2352
4325479,4325479.json,50596,band_50k,2352
8703167,8703167.json,50596,band_50k,2352
8902642,8902642.json,50596,band_50k,2352
798123,798123.json,50596,band_50k,2352
7849767,7849767.json,50596,band_50k,2352
55027,55027.json,50596,band_50k,2352
2049440,2049440.json,50596,band_50k,2352
149257,149257.json,50596,band_50k,2352
1324523,1324523.json,50596,band_50k,2352
468118,468118.json,50596,band_50k,2352
4184119,4184119.json,50596,band_50k,2352
226086,226086.json,50596,band_50k,2352
5496,5496.json,50596,band_50k,2352
125325,125325.json,50596,band_50k,2352
1637895,1637895.json,50596,band_50k,2352
501024,501024.json,50596,band_50k,2352
2248964,2248964.json,50596,band_50k,2352
4106100,4106100.json,50596,band_50k,2352
2342675,2342675.json,50596,band_50k,2352
6883883,6883883.json,50596,band_50k,2352
283913,283913.json,50596,band_50k,2352
4196713,4196713.json,50596,band_50k,2352
112557,112557.json,50596,band_50k,2352
1310865,1310865.json,50596,band_50k,2352
233209,233209.json,50596,band_50k,2352
20279,20279.json,50596,band_50k,2352
2127329,2127329.json,50596,band_50k,2352
7517514,7517514.json,50596,band_50k,2352
6160319,6160319.json,50645,band_50k,2352
1100373,1100373.json,50645,band_50k,2352
3486275,3486275.json,50645,band_50k,2352
708218,708218.json,50645,band_50k,2352
4127546,4127546.json,50645,band_50k,2352
2172636,2172636.json,50645,band_50k,2352
317741,317741.json,50645,band_50k,2352
7352734,7352734.json,50645,band_50k,2352
6516430,6516430.json,50645,band_50k,2352
5547106,5547106.json,50645,band_50k,2352
1969616,1969616.json,50645,band_50k,2352
5261867,5261867.json,50645,band_50k,2352
385817,385817.json,50645,band_50k,2352
7272017,7272017.json,50645,band_50k,2352
2994132,2994132.json,50645,band_50k,2352
1125292,1125292.json,50645,band_50k,2352
442870,442870.json,50645,band_50k,2352
6473835,6473835.json,50645,band_50k,2352
9120872,9120872.json,50645,band_50k,2352
6406291,6406291.json,50645,band_50k,2352
592887,592887.json,50645,band_50k,2352
97489,97489.json,50645,band_50k,2352
245571,245571.json,50645,band_50k,2352
949353,949353.json,50645,band_50k,2352
1775820,1775820.json,50645,band_50k,2352
3504351,3504351.json,50645,band_50k,2352
1813473,1813473.json,50645,band_50k,2352
18558,18558.json,50645,band_50k,2352
4098184,4098184.json,50645,band_50k,2352
5697632,5697632.json,50645,band_50k,2352
83685,83685.json,50645,band_50k,2352
4747113,4747113.json,50645,band_50k,2352
3395962,3395962.json,50645,band_50k,2352
6970767,6970767.json,50645,band_50k,2352
2339810,2339810.json,50645,band_50k,2352
7490800,7490800.json,50645,band_50k,2352
1318364,1318364.json,50645,band_50k,2352
5412605,5412605.json,50645,band_50k,2352
266440,266440.json,50645,band_50k,2352
5240631,5240631.json,50645,band_50k,2352
629248,629248.json,50645,band_50k,2352
69985,69985.json,50645,band_50k,2352
1922792,1922792.json,50645,band_50k,2352
1025648,1025648.json,50645,band_50k,2352
1195932,1195932.json,50645,band_50k,2352
4851191,4851191.json,50645,band_50k,2352
2790971,2790971.json,50645,band_50k,2352
3363804,3363804.json,50692,band_50k,2352
5091368,5091368.json,50692,band_50k,2352
65424,65424.json,50692,band_50k,2352
3550030,3550030.json,50692,band_50k,2352
304732,304732.json,50692,band_50k,2352
3859959,3859959.json,50692,band_50k,2352
6825933,6825933.json,50692,band_50k,2352
7043995,7043995.json,50692,band_50k,2352
3362734,3362734.json,50692,band_50k,2352
2962940,2962940.json,50692,band_50k,2352
2078732,2078732.json,50692,band_50k,2352
3127872,3127872.json,50692,band_50k,2352
1053825,1053825.json,50692,band_50k,2352
1963779,1963779.json,50692,band_50k,2352
1966767,1966767.json,50692,band_50k,2352
6071146,6071146.json,50692,band_50k,2352
1152524,1152524.json,50692,band_50k,2352
1029997,1029997.json,50692,band_50k,2352
1420352,1420352.json,50692,band_50k,2352
30065,30065.json,50692,band_50k,2352
7033482,7033482.json,50692,band_50k,2352
1605164,1605164.json,50692,band_50k,2352
360414,360414.json,50692,band_50k,2352
3398587,3398587.json,50692,band_50k,2352
8122252,8122252.json,50692,band_50k,2352
6860155,6860155.json,50692,band_50k,2352
4837818,4837818.json,50692,band_50k,2352
4692337,4692337.json,50692,band_50k,2352
18148,18148.json,50692,band_50k,2352
1040831,1040831.json,50692,band_50k,2352
1074075,1074075.json,50692,band_50k,2352
4746604,4746604.json,50692,band_50k,2352
4256095,4256095.json,50692,band_50k,2352
1658689,1658689.json,50692,band_50k,2352
1401738,1401738.json,50692,band_50k,2352
2282763,2282763.json,50692,band_50k,2352
7510916,7510916.json,50692,band_50k,2352
13350,13350.json,50692,band_50k,2352
872116,872116.json,50730,band_50k,2352
245419,245419.json,50730,band_50k,2352
476402,476402.json,50730,band_50k,2352
505614,505614.json,50730,band_50k,2352
772306,772306.json,50730,band_50k,2352
6833924,6833924.json,50730,band_50k,2352
2382898,2382898.json,50730,band_50k,2352
7386521,7386521.json,50730,band_50k,2352
1946771,1946771.json,50730,band_50k,2352
3216255,3216255.json,50730,band_50k,2352
7357623,7357623.json,50730,band_50k,2352
2183884,2183884.json,50730,band_50k,2352
367591,367591.json,50730,band_50k,2352
1729491,1729491.json,50730,band_50k,2352
3295,3295.json,50730,band_50k,2352
1815652,1815652.json,50730,band_50k,2352
566165,566165.json,50730,band_50k,2352
85648,85648.json,50730,band_50k,2352
1696367,1696367.json,50730,band_50k,2352
578574,578574.json,50730,band_50k,2352
819063,819063.json,50730,band_50k,2352
1079149,1079149.json,50730,band_50k,2352
2228317,2228317.json,50730,band_50k,2352
556757,556757.json,50753,band_50k,2352
838978,838978.json,50753,band_50k,2352
2732573,2732573.json,50753,band_50k,2352
387177,387177.json,50753,band_50k,2352
9376794,9376794.json,50753,band_50k,2352
3332170,3332170.json,50753,band_50k,2352
18603,18603.json,50753,band_50k,2352
9116989,9116989.json,50753,band_50k,2352
118153,118153.json,50753,band_50k,2352
1134355,1134355.json,50753,band_50k,2352
3586696,3586696.json,50753,band_50k,2352
2113193,2113193.json,50753,band_50k,2352
2358186,2358186.json,50765,band_50k,2352
2319932,2319932.json,50765,band_50k,2352
2876488,2876488.json,50765,band_50k,2352
4064396,4064396.json,50765,band_50k,2352
5704223,5704223.json,50765,band_50k,2352
1380986,1380986.json,50765,band_50k,2352
4725224,4725224.json,50765,band_50k,2352
56036,56036.json,50765,band_50k,2352
3424470,3424470.json,50765,band_50k,2352
2668,2668.json,50765,band_50k,2352
8788678,8788678.json,50765,band_50k,2352
3600670,3600670.json,50765,band_50k,2352
254184,254184.json,50777,band_50k,2352
92070,92070.json,50777,band_50k,2352
2371293,2371293.json,50777,band_50k,2352
142881,142881.json,50777,band_50k,2352
2818315,2818315.json,50781,band_50k,2352
9075411,9075411.json,50781,band_50k,2352
3297299,3297299.json,50781,band_50k,2352
2669898,2669898.json,50781,band_50k,2352
8921257,8921257.json,50781,band_50k,2352
785821,785821.json,50781,band_50k,2352
1051057,1051057.json,50781,band_50k,2352
1522241,1522241.json,50781,band_50k,2352
2274637,2274637.json,50781,band_50k,2352
9035944,9035944.json,50781,band_50k,2352
6884234,6884234.json,50781,band_50k,2352
2796284,2796284.json,50781,band_50k,2352
8090526,8090526.json,50781,band_50k,2352
612180,612180.json,50794,band_50k,2352
3291548,3291548.json,50794,band_50k,2352
679101,679101.json,50794,band_50k,2352
5969327,5969327.json,50794,band_50k,2352
397788,397788.json,50794,band_50k,2352
137664,137664.json,50794,band_50k,2352
19763,19763.json,50800,band_50k,2352
109685,109685.json,50801,band_50k,2352
4854389,4854389.json,50802,band_50k,2352
6974557,6974557.json,50802,band_50k,2352
541697,541697.json,50802,band_50k,2352
69421,69421.json,50805,band_50k,2352
1963610,1963610.json,50805,band_50k,2352
460162,460162.json,50805,band_50k,2352
620357,620357.json,50808,band_50k,2352
2846506,2846506.json,50809,band_50k,2352
7562464,7562464.json,50810,band_50k,2352
3122298,3122298.json,50811,band_50k,2351
9346404,9346404.json,50812,band_50k,2351
8910050,8910050.json,50813,band_50k,2351
3160208,3160208.json,50814,band_50k,2351
8049996,8049996.json,50815,band_50k,2351
3106482,3106482.json,50816,band_50k,2351
9420211,9420211.json,50816,band_50k,2351
1450858,1450858.json,50818,band_50k,2351
7576944,7576944.json,50818,band_50k,2351
4441244,4441244.json,50818,band_50k,2351
5200053,5200053.json,50821,band_50k,2351
8758237,8758237.json,50821,band_50k,2351
3380634,3380634.json,50823,band_50k,2351
3253172,3253172.json,50823,band_50k,2351
5387378,5387378.json,50825,band_50k,2351
5143769,5143769.json,50825,band_50k,2351
4361029,4361029.json,50825,band_50k,2351
6262761,6262761.json,50825,band_50k,2351
8130784,8130784.json,50825,band_50k,2351
6219506,6219506.json,50825,band_50k,2351
9006108,9006108.json,50825,band_50k,2351
5388809,5388809.json,50825,band_50k,2351
3787909,3787909.json,50833,band_50k,2351
1491801,1491801.json,50833,band_50k,2351
7861614,7861614.json,50833,band_50k,2351
526038,526038.json,50833,band_50k,2351
1786946,1786946.json,50833,band_50k,2351
8628064,8628064.json,50833,band_50k,2351
6013229,6013229.json,50833,band_50k,2351
6406977,6406977.json,50833,band_50k,2351
6945741,6945741.json,50833,band_50k,2351
3163365,3163365.json,50833,band_50k,2351
4680555,4680555.json,50833,band_50k,2351
2204741,2204741.json,50833,band_50k,2351
3059932,3059932.json,50833,band_50k,2351
6158122,6158122.json,50846,band_50k,2351
3924304,3924304.json,50846,band_50k,2351
9084819,9084819.json,50846,band_50k,2351
315088,315088.json,50846,band_50k,2351
1089292,1089292.json,50846,band_50k,2351
4174334,4174334.json,50846,band_50k,2351
367488,367488.json,50846,band_50k,2351
6955109,6955109.json,50846,band_50k,2351
4252541,4252541.json,50846,band_50k,2351
7777069,7777069.json,50846,band_50k,2351
7582599,7582599.json,50846,band_50k,2351
7167206,7167206.json,50846,band_50k,2351
671278,671278.json,50846,band_50k,2351
2165741,2165741.json,50846,band_50k,2351
57601,57601.json,50860,band_50k,2351
1556672,1556672.json,50860,band_50k,2351
6301146,6301146.json,50860,band_50k,2351
8229536,8229536.json,50860,band_50k,2351
6090263,6090263.json,50860,band_50k,2351
8019922,8019922.json,50860,band_50k,2351
1126853,1126853.json,50860,band_50k,2351
3502331,3502331.json,50860,band_50k,2351
308325,308325.json,50860,band_50k,2351
28848,28848.json,50860,band_50k,2351
1695516,1695516.json,50860,band_50k,2351
6278806,6278806.json,50860,band_50k,2351
324174,324174.json,50860,band_50k,2351
7946094,7946094.json,50860,band_50k,2351
9412552,9412552.json,50860,band_50k,2351
587,587.json,50860,band_50k,2351
782241,782241.json,50860,band_50k,2351
7204044,7204044.json,50860,band_50k,2351
3400140,3400140.json,50860,band_50k,2351
321195,321195.json,50860,band_50k,2351
6725947,6725947.json,50860,band_50k,2351
2447869,2447869.json,50860,band_50k,2351
9257855,9257855.json,50860,band_50k,2351
5398572,5398572.json,50860,band_50k,2351
1179937,1179937.json,50860,band_50k,2351
190938,190938.json,50860,band_50k,2351
4586779,4586779.json,50860,band_50k,2351
2565265,2565265.json,50860,band_50k,2351
1456658,1456658.json,50860,band_50k,2351
5742403,5742403.json,50860,band_50k,2351
905733,905733.json,50860,band_50k,2351
3219790,3219790.json,50860,band_50k,2351
1877573,1877573.json,50860,band_50k,2351
3469718,3469718.json,50860,band_50k,2351
72918,72918.json,50860,band_50k,2351
2263225,2263225.json,50860,band_50k,2351
1621723,1621723.json,50860,band_50k,2351
415370,415370.json,50860,band_50k,2351
6592019,6592019.json,50860,band_50k,2351
2149940,2149940.json,50899,band_50k,2351
624959,624959.json,50899,band_50k,2351
2150541,2150541.json,50899,band_50k,2351
353520,353520.json,50899,band_50k,2351
1765041,1765041.json,50899,band_50k,2351
40719,40719.json,50899,band_50k,2351
1464105,1464105.json,50899,band_50k,2351
593678,593678.json,50899,band_50k,2351
134062,134062.json,50899,band_50k,2351
17952,17952.json,50899,band_50k,2351
772015,772015.json,50899,band_50k,2351
2167383,2167383.json,50899,band_50k,2351
360042,360042.json,50899,band_50k,2351
83456,83456.json,50899,band_50k,2351
1115128,1115128.json,50899,band_50k,2351
1805868,1805868.json,50899,band_50k,2351
409316,409316.json,50899,band_50k,2351
755949,755949.json,50899,band_50k,2351
2516966,2516966.json,50899,band_50k,2351
2395129,2395129.json,50899,band_50k,2351
870806,870806.json,50899,band_50k,2351
347673,347673.json,50899,band_50k,2351
491767,491767.json,50899,band_50k,2351
1321714,1321714.json,50899,band_50k,2351
1131252,1131252.json,50899,band_50k,2351
2401646,2401646.json,50899,band_50k,2351
599628,599628.json,50899,band_50k,2351
2096387,2096387.json,50899,band_50k,2351
1086234,1086234.json,50899,band_50k,2351
1144692,1144692.json,50899,band_50k,2351
492624,492624.json,50899,band_50k,2351
789373,789373.json,50899,band_50k,2351
1483070,1483070.json,50899,band_50k,2351
402225,402225.json,50899,band_50k,2351
1013842,1013842.json,50899,band_50k,2351
1250029,1250029.json,50899,band_50k,2351
38141,38141.json,50899,band_50k,2351
74598,74598.json,50899,band_50k,2351
1450243,1450243.json,50899,band_50k,2351
1334524,1334524.json,50899,band_50k,2351
354625,354625.json,50899,band_50k,2351
1078533,1078533.json,50899,band_50k,2351
749743,749743.json,50899,band_50k,2351
290,290.json,50899,band_50k,2351
225353,225353.json,50899,band_50k,2351
1368183,1368183.json,50899,band_50k,2351
1369120,1369120.json,50899,band_50k,2351
2634957,2634957.json,50899,band_50k,2351
401958,401958.json,50899,band_50k,2351
2284153,2284153.json,50899,band_50k,2351
96183,96183.json,50899,band_50k,2351
98030,98030.json,50899,band_50k,2351
520597,520597.json,62426,baseline,2344
1147910,1147910.json,63343,baseline,2344
1795438,1795438.json,64222,baseline,2343
4947564,4947564.json,64833,baseline,2343
1237332,1237332.json,68171,baseline,2341
1233238,1233238.json,72012,baseline,2339
1126311,1126311.json,72012,baseline,2339
3123903,3123903.json,73620,baseline,2338
816654,816654.json,73983,baseline,2338
2303059,2303059.json,79844,baseline,2335
533225,533225.json,79844,baseline,2335
19312,19312.json,95365,baseline,2329
6981954,6981954.json,99904,band_100k,2327
6143996,6143996.json,99904,band_100k,2327
1552524,1552524.json,99904,band_100k,2327
2826980,2826980.json,99904,band_100k,2327
2135458,2135458.json,99904,band_100k,2327
1300048,1300048.json,99904,band_100k,2327
4774455,4774455.json,99904,band_100k,2327
4697293,4697293.json,99904,band_100k,2327
6401024,6401024.json,99904,band_100k,2327
3159390,3159390.json,99904,band_100k,2327
1267187,1267187.json,99904,band_100k,2327
7430252,7430252.json,99904,band_100k,2327
7872077,7872077.json,99904,band_100k,2327
788099,788099.json,99904,band_100k,2327
896737,896737.json,99904,band_100k,2327
9025828,9025828.json,99904,band_100k,2327
6253897,6253897.json,99904,band_100k,2327
4256739,4256739.json,99904,band_100k,2327
854303,854303.json,99904,band_100k,2327
7953221,7953221.json,99904,band_100k,2327
6295198,6295198.json,99904,band_100k,2327
6106919,6106919.json,99904,band_100k,2327
1758157,1758157.json,99904,band_100k,2327
3895082,3895082.json,99904,band_100k,2327
7620190,7620190.json,99904,band_100k,2327
683361,683361.json,99904,band_100k,2327
5800868,5800868.json,99904,band_100k,2327
5076099,5076099.json,99904,band_100k,2327
5156453,5156453.json,99904,band_100k,2327
3044590,3044590.json,99904,band_100k,2327
3536292,3536292.json,99904,band_100k,2327
3642479,3642479.json,99904,band_100k,2327
8633761,8633761.json,99904,band_100k,2327
1882661,1882661.json,99904,band_100k,2327
3986153,3986153.json,99904,band_100k,2327
2265150,2265150.json,99904,band_100k,2327
5943714,5943714.json,99904,band_100k,2327
8797749,8797749.json,99904,band_100k,2327
1283715,1283715.json,99904,band_100k,2327
3672971,3672971.json,99904,band_100k,2327
1191859,1191859.json,99904,band_100k,2327
1690905,1690905.json,99904,band_100k,2327
7885173,7885173.json,99904,band_100k,2327
7418731,7418731.json,99904,band_100k,2327
4834215,4834215.json,99904,band_100k,2327
5086378,5086378.json,99904,band_100k,2327
4288328,4288328.json,99904,band_100k,2327
926192,926192.json,99904,band_100k,2327
4722357,4722357.json,99904,band_100k,2327
2742042,2742042.json,99904,band_100k,2327
1001920,1001920.json,99904,band_100k,2327
4118854,4118854.json,99904,band_100k,2327
925267,925267.json,99904,band_100k,2327
1333647,1333647.json,99904,band_100k,2327
2246473,2246473.json,99904,band_100k,2327
2282904,2282904.json,99904,band_100k,2327
1311648,1311648.json,99904,band_100k,2327
1211076,1211076.json,99904,band_100k,2327
2154480,2154480.json,99904,band_100k,2327
1914881,1914881.json,99904,band_100k,2327
4624803,4624803.json,99904,band_100k,2327
6314086,6314086.json,99904,band_100k,2327
759890,759890.json,99904,band_100k,2327
1652707,1652707.json,99904,band_100k,2327
3821605,3821605.json,99904,band_100k,2327
5302618,5302618.json,99904,band_100k,2327
6704262,6704262.json,99904,band_100k,2327
8358361,8358361.json,99904,band_100k,2327
9330312,9330312.json,99904,band_100k,2327
5147200,5147200.json,99904,band_100k,2327
5436305,5436305.json,99904,band_100k,2327
8293581,8293581.json,99904,band_100k,2327
6256848,6256848.json,99904,band_100k,2327
2927379,2927379.json,99904,band_100k,2327
4580719,4580719.json,99904,band_100k,2327
3795355,3795355.json,99904,band_100k,2327
3750118,3750118.json,99904,band_100k,2327
5859181,5859181.json,99904,band_100k,2327
3417979,3417979.json,99904,band_100k,2327
6585960,6585960.json,99904,band_100k,2327
1874078,1874078.json,99904,band_100k,2327
4482193,4482193.json,99904,band_100k,2327
4614837,4614837.json,99904,band_100k,2327
8364142,8364142.json,99904,band_100k,2327
5316049,5316049.json,99904,band_100k,2327
1113423,1113423.json,99904,band_100k,2327
1948061,1948061.json,99904,band_100k,2327
4567147,4567147.json,99904,band_100k,2327
7561932,7561932.json,99904,band_100k,2327
4098848,4098848.json,99904,band_100k,2327
3477458,3477458.json,99904,band_100k,2327
5039313,5039313.json,99904,band_100k,2327
1237008,1237008.json,99904,band_100k,2327
2515984,2515984.json,99904,band_100k,2327
769179,769179.json,99904,band_100k,2327
677184,677184.json,99904,band_100k,2327
5395243,5395243.json,99904,band_100k,2327
2744406,2744406.json,99904,band_100k,2327
5677184,5677184.json,99904,band_100k,2327
849259,849259.json,99904,band_100k,2327
1758811,1758811.json,99904,band_100k,2327
4105780,4105780.json,99904,band_100k,2327
2218546,2218546.json,99904,band_100k,2327
2489785,2489785.json,99904,band_100k,2327
7384258,7384258.json,99904,band_100k,2327
1315909,1315909.json,99904,band_100k,2327
996195,996195.json,100057,band_100k,2327
481973,481973.json,100057,band_100k,2327
1876168,1876168.json,100057,band_100k,2327
7994091,7994091.json,100057,band_100k,2327
502645,502645.json,100057,band_100k,2327
8872943,8872943.json,100057,band_100k,2327
568683,568683.json,100057,band_100k,2327
1069738,1069738.json,100057,band_100k,2327
89864,89864.json,100057,band_100k,2327
500466,500466.json,100057,band_100k,2327
7042630,7042630.json,100057,band_100k,2327
5043975,5043975.json,100057,band_100k,2327
1100078,1100078.json,100057,band_100k,2327
437378,437378.json,100057,band_100k,2327
673229,673229.json,100057,band_100k,2327
567556,567556.json,100057,band_100k,2327
375833,375833.json,100057,band_100k,2327
1036026,1036026.json,100057,band_100k,2327
784649,784649.json,100057,band_100k,2327
1640078,1640078.json,100057,band_100k,2327
2725832,2725832.json,100057,band_100k,2327
5542014,5542014.json,100057,band_100k,2327
101791,101791.json,100057,band_100k,2327
5076074,5076074.json,100057,band_100k,2327
9636,9636.json,100057,band_100k,2327
801926,801926.json,100057,band_100k,2327
6043242,6043242.json,100057,band_100k,2327
6041771,6041771.json,100057,band_100k,2327
238045,238045.json,100057,band_100k,2327
1249481,1249481.json,100057,band_100k,2327
5142,5142.json,100057,band_100k,2327
710607,710607.json,100057,band_100k,2327
710850,710850.json,100057,band_100k,2327
8091,8091.json,100057,band_100k,2327
3214596,3214596.json,100057,band_100k,2327
3351493,3351493.json,100057,band_100k,2327
2338140,2338140.json,100057,band_100k,2327
4967005,4967005.json,100057,band_100k,2327
55168,55168.json,100057,band_100k,2327
2616821,2616821.json,100057,band_100k,2327
945354,945354.json,100057,band_100k,2327
212239,212239.json,100057,band_100k,2327
9451603,9451603.json,100057,band_100k,2327
2356304,2356304.json,100057,band_100k,2327
483567,483567.json,100057,band_100k,2327
4603393,4603393.json,100057,band_100k,2327
372790,372790.json,100057,band_100k,2327
3342923,3342923.json,100057,band_100k,2327
135482,135482.json,100057,band_100k,2327
1241516,1241516.json,100057,band_100k,2327
1194959,1194959.json,100057,band_100k,2327
3062512,3062512.json,100057,band_100k,2327
3394907,3394907.json,100057,band_100k,2327
3602665,3602665.json,100057,band_100k,2327
2129312,2129312.json,100057,band_100k,2327
971167,971167.json,100057,band_100k,2327
3130578,3130578.json,100057,band_100k,2327
2975541,2975541.json,100057,band_100k,2327
195861,195861.json,100057,band_100k,2327
6609772,6609772.json,100057,band_100k,2327
3723974,3723974.json,100057,band_100k,2327
3826832,3826832.json,100057,band_100k,2327
871120,871120.json,100057,band_100k,2327
2810423,2810423.json,100057,band_100k,2327
3875275,3875275.json,100057,band_100k,2327
2296761,2296761.json,100057,band_100k,2327
1798858,1798858.json,100057,band_100k,2327
1032552,1032552.json,100057,band_100k,2327
365772,365772.json,100057,band_100k,2327
298927,298927.json,100057,band_100k,2327
1892649,1892649.json,100057,band_100k,2327
3352294,3352294.json,100057,band_100k,2327
219591,219591.json,100057,band_100k,2327
26667,26667.json,100057,band_100k,2327
2426862,2426862.json,100057,band_100k,2327
82812,82812.json,100057,band_100k,2327
6381732,6381732.json,100057,band_100k,2327
5268,5268.json,100057,band_100k,2327
5266327,5266327.json,100057,band_100k,2327
3009560,3009560.json,100057,band_100k,2327
3882185,3882185.json,100057,band_100k,2327
4495496,4495496.json,100057,band_100k,2327
7191000,7191000.json,100057,band_100k,2327
309806,309806.json,100057,band_100k,2327
5857628,5857628.json,100057,band_100k,2327
2970401,2970401.json,100057,band_100k,2327
6748992,6748992.json,100057,band_100k,2327
4735685,4735685.json,100057,band_100k,2327
1664558,1664558.json,100057,band_100k,2327
5244312,5244312.json,100057,band_100k,2327
6094690,6094690.json,100057,band_100k,2327
1989798,1989798.json,100057,band_100k,2327
2659582,2659582.json,100057,band_100k,2327
2072566,2072566.json,100057,band_100k,2327
32578,32578.json,100057,band_100k,2327
1484329,1484329.json,100057,band_100k,2327
371398,371398.json,100057,band_100k,2327
165167,165167.json,100057,band_100k,2327
2765016,2765016.json,100057,band_100k,2327
693801,693801.json,100057,band_100k,2327
7732023,7732023.json,100057,band_100k,2327
5495006,5495006.json,100057,band_100k,2327
2097974,2097974.json,100057,band_100k,2327
2548261,2548261.json,100057,band_100k,2327
2696239,2696239.json,100057,band_100k,2327
3077686,3077686.json,100057,band_100k,2327
1981838,1981838.json,100057,band_100k,2327
3079137,3079137.json,100057,band_100k,2327
91319,91319.json,100057,band_100k,2327
5617094,5617094.json,100057,band_100k,2327
653876,653876.json,100057,band_100k,2327
265492,265492.json,100057,band_100k,2327
8899095,8899095.json,100057,band_100k,2327
167732,167732.json,100057,band_100k,2327
7685114,7685114.json,100057,band_100k,2327
15498,15498.json,100057,band_100k,2327
8108493,8108493.json,100057,band_100k,2327
8486666,8486666.json,100174,band_100k,2327
6982239,6982239.json,100174,band_100k,2327
4473726,4473726.json,100174,band_100k,2327
5839214,5839214.json,100174,band_100k,2327
557503,557503.json,100174,band_100k,2327
512716,512716.json,100174,band_100k,2327
6703503,6703503.json,100174,band_100k,2327
3618019,3618019.json,100174,band_100k,2327
5104698,5104698.json,100174,band_100k,2327
6589113,6589113.json,100174,band_100k,2327
2150611,2150611.json,100174,band_100k,2327
7519432,7519432.json,100174,band_100k,2327
1514167,1514167.json,100174,band_100k,2327
5387444,5387444.json,100174,band_100k,2327
6180425,6180425.json,100174,band_100k,2327
2286956,2286956.json,100174,band_100k,2327
151091,151091.json,100174,band_100k,2327
20705,20705.json,100174,band_100k,2327
593545,593545.json,100174,band_100k,2327
6658619,6658619.json,100174,band_100k,2327
3368962,3368962.json,100174,band_100k,2327
820083,820083.json,100174,band_100k,2327
5940844,5940844.json,100174,band_100k,2327
410920,410920.json,100174,band_100k,2327
1645110,1645110.json,100174,band_100k,2327
5955377,5955377.json,100174,band_100k,2327
1890037,1890037.json,100174,band_100k,2327
2054114,2054114.json,100174,band_100k,2327
3276222,3276222.json,100174,band_100k,2327
854168,854168.json,100174,band_100k,2327
8322334,8322334.json,100174,band_100k,2327
1156182,1156182.json,100174,band_100k,2327
663928,663928.json,100174,band_100k,2327
5612804,5612804.json,100174,band_100k,2327
1930818,1930818.json,100174,band_100k,2327
7911752,7911752.json,100174,band_100k,2327
2801937,2801937.json,100174,band_100k,2327
2661267,2661267.json,100174,band_100k,2327
2533620,2533620.json,100174,band_100k,2327
149376,149376.json,100174,band_100k,2327
6386397,6386397.json,100174,band_100k,2327
6475012,6475012.json,100174,band_100k,2327
437222,437222.json,100174,band_100k,2327
676174,676174.json,100174,band_100k,2327
677596,677596.json,100174,band_100k,2327
1510156,1510156.json,100174,band_100k,2327
7255070,7255070.json,100174,band_100k,2327
4825200,4825200.json,100174,band_100k,2327
802276,802276.json,100174,band_100k,2327
532384,532384.json,100174,band_100k,2327
8798878,8798878.json,100174,band_100k,2327
1867907,1867907.json,100174,band_100k,2327
6571939,6571939.json,100174,band_100k,2327
6758951,6758951.json,100174,band_100k,2327
753534,753534.json,100174,band_100k,2327
3188,3188.json,100174,band_100k,2327
602829,602829.json,100174,band_100k,2327
28531,28531.json,100174,band_100k,2327
1860250,1860250.json,100174,band_100k,2327
5109871,5109871.json,100174,band_100k,2327
7392949,7392949.json,100174,band_100k,2327
2609600,2609600.json,100174,band_100k,2327
60078,60078.json,100174,band_100k,2327
111078,111078.json,100174,band_100k,2327
92108,92108.json,100174,band_100k,2327
4035863,4035863.json,100174,band_100k,2327
189076,189076.json,100174,band_100k,2327
4444349,4444349.json,100174,band_100k,2327
1483007,1483007.json,100174,band_100k,2327
3935193,3935193.json,100174,band_100k,2327
1084416,1084416.json,100174,band_100k,2327
1146699,1146699.json,100174,band_100k,2327
6113224,6113224.json,100174,band_100k,2327
8568549,8568549.json,100174,band_100k,2327
342757,342757.json,100174,band_100k,2327
8263661,8263661.json,100174,band_100k,2327
903,903.json,100250,band_100k,2327
212275,212275.json,100250,band_100k,2327
4624114,4624114.json,100250,band_100k,2327
145147,145147.json,100250,band_100k,2327
874807,874807.json,100250,band_100k,2327
2890016,2890016.json,100250,band_100k,2327
4259844,4259844.json,100250,band_100k,2327
4555118,4555118.json,100250,band_100k,2327
1507035,1507035.json,100250,band_100k,2327
2986352,2986352.json,100250,band_100k,2327
920742,920742.json,100250,band_100k,2327
4427306,4427306.json,100250,band_100k,2327
2416817,2416817.json,100250,band_100k,2327
2312535,2312535.json,100250,band_100k,2327
5022519,5022519.json,100250,band_100k,2327
5558274,5558274.json,100250,band_100k,2327
775343,775343.json,100250,band_100k,2327
795975,795975.json,100250,band_100k,2327
506099,506099.json,100250,band_100k,2327
31873,31873.json,100250,band_100k,2327
1179938,1179938.json,100250,band_100k,2327
5860318,5860318.json,100250,band_100k,2327
421921,421921.json,100250,band_100k,2327
887157,887157.json,100250,band_100k,2327
2835603,2835603.json,100250,band_100k,2327
2831583,2831583.json,100250,band_100k,2327
4665422,4665422.json,100250,band_100k,2327
4466137,4466137.json,100250,band_100k,2327
2600759,2600759.json,100250,band_100k,2327
1567625,1567625.json,100250,band_100k,2327
1470326,1470326.json,100250,band_100k,2327
754314,754314.json,100250,band_100k,2327
36610,36610.json,100250,band_100k,2327
169944,169944.json,100250,band_100k,2327
3517992,3517992.json,100250,band_100k,2327
3942432,3942432.json,100250,band_100k,2327
139012,139012.json,100250,band_100k,2327
5270222,5270222.json,100250,band_100k,2327
1065192,1065192.json,100250,band_100k,2327
152757,152757.json,100250,band_100k,2327
728791,728791.json,100250,band_100k,2327
3842068,3842068.json,100250,band_100k,2327
7377713,7377713.json,100250,band_100k,2327
1151459,1151459.json,100250,band_100k,2327
8588601,8588601.json,100250,band_100k,2327
4913591,4913591.json,100250,band_100k,2327
637933,637933.json,100250,band_100k,2327
59373,59373.json,100250,band_100k,2327
667343,667343.json,100250,band_100k,2327
2074220,2074220.json,100250,band_100k,2327
935697,935697.json,100250,band_100k,2327
1842984,1842984.json,100250,band_100k,2327
1281724,1281724.json,100250,band_100k,2327
523940,523940.json,100250,band_100k,2327
1530100,1530100.json,100250,band_100k,2327
4497026,4497026.json,100250,band_100k,2327
235174,235174.json,100250,band_100k,2327
25761,25761.json,100250,band_100k,2327
623164,623164.json,100250,band_100k,2327
1188569,1188569.json,100250,band_100k,2327
4537803,4537803.json,100310,band_100k,2327
2742886,2742886.json,100310,band_100k,2327
472172,472172.json,100310,band_100k,2327
826913,826913.json,100310,band_100k,2327
7786104,7786104.json,100310,band_100k,2327
5713811,5713811.json,100310,band_100k,2327
6536568,6536568.json,100310,band_100k,2327
36854,36854.json,100310,band_100k,2327
3913123,3913123.json,100310,band_100k,2327
628098,628098.json,100310,band_100k,2327
3927963,3927963.json,100310,band_100k,2327
2660707,2660707.json,100310,band_100k,2327
323803,323803.json,100310,band_100k,2327
6307741,6307741.json,100310,band_100k,2327
2651144,2651144.json,100310,band_100k,2327
1749611,1749611.json,100310,band_100k,2327
3714265,3714265.json,100310,band_100k,2327
4307008,4307008.json,100310,band_100k,2327
4347996,4347996.json,100310,band_100k,2327
6373065,6373065.json,100310,band_100k,2327
468846,468846.json,100310,band_100k,2327
5653038,5653038.json,100310,band_100k,2327
2860129,2860129.json,100310,band_100k,2327
1554425,1554425.json,100310,band_100k,2327
7435989,7435989.json,100310,band_100k,2327
9051431,9051431.json,100310,band_100k,2327
53101,53101.json,100310,band_100k,2327
2703018,2703018.json,100310,band_100k,2327
2188344,2188344.json,100310,band_100k,2327
1065345,1065345.json,100310,band_100k,2327
352372,352372.json,100310,band_100k,2327
4152472,4152472.json,100310,band_100k,2327
289496,289496.json,100310,band_100k,2327
33074,33074.json,100310,band_100k,2327
1887046,1887046.json,100310,band_100k,2327
1442182,1442182.json,100310,band_100k,2327
4974080,4974080.json,100310,band_100k,2327
6617522,6617522.json,100310,band_100k,2327
297135,297135.json,100310,band_100k,2327
8435738,8435738.json,100310,band_100k,2327
6566913,6566913.json,100310,band_100k,2327
896375,896375.json,100310,band_100k,2327
2718767,2718767.json,100310,band_100k,2327
2391157,2391157.json,100310,band_100k,2327
1718137,1718137.json,100354,band_100k,2327
2571429,2571429.json,100354,band_100k,2327
2327306,2327306.json,100354,band_100k,2327
979801,979801.json,100354,band_100k,2327
152185,152185.json,100354,band_100k,2327
8687648,8687648.json,100354,band_100k,2327
6214449,6214449.json,100354,band_100k,2327
3159,3159.json,100354,band_100k,2327
3967413,3967413.json,100354,band_100k,2327
394487,394487.json,100354,band_100k,2327
1623443,1623443.json,100354,band_100k,2327
779361,779361.json,100354,band_100k,2327
162520,162520.json,100354,band_100k,2327
5238737,5238737.json,100354,band_100k,2327
5633029,5633029.json,100354,band_100k,2327
2075817,2075817.json,100354,band_100k,2327
586420,586420.json,100354,band_100k,2327
3329817,3329817.json,100354,band_100k,2327
11874,11874.json,100354,band_100k,2327
847084,847084.json,100354,band_100k,2327
883572,883572.json,100354,band_100k,2327
5370612,5370612.json,100354,band_100k,2327
4489580,4489580.json,100354,band_100k,2327
3753700,3753700.json,100354,band_100k,2327
2582563,2582563.json,100354,band_100k,2327
4117343,4117343.json,100354,band_100k,2327
355389,355389.json,100354,band_100k,2327
5346091,5346091.json,100354,band_100k,2327
1179794,1179794.json,100354,band_100k,2327
1595494,1595494.json,100354,band_100k,2327
1650890,1650890.json,100354,band_100k,2327
37876,37876.json,100354,band_100k,2327
117055,117055.json,100354,band_100k,2327
2395413,2395413.json,100354,band_100k,2327
192964,192964.json,100354,band_100k,2327
6269237,6269237.json,100354,band_100k,2327
1937995,1937995.json,100354,band_100k,2327
87505,87505.json,100354,band_100k,2327
5088551,5088551.json,100354,band_100k,2327
8101832,8101832.json,100354,band_100k,2327
7653186,7653186.json,100354,band_100k,2327
9318783,9318783.json,100354,band_100k,2327
379740,379740.json,100354,band_100k,2327
4986219,4986219.json,100354,band_100k,2327
5656643,5656643.json,100354,band_100k,2327
79662,79662.json,100354,band_100k,2327
6052030,6052030.json,100400,band_100k,2327
8995644,8995644.json,100400,band_100k,2327
4105353,4105353.json,100400,band_100k,2327
3460526,3460526.json,100400,band_100k,2327
3654543,3654543.json,100400,band_100k,2327
3121631,3121631.json,100400,band_100k,2327
442069,442069.json,100400,band_100k,2327
348310,348310.json,100400,band_100k,2327
4265342,4265342.json,100400,band_100k,2327
701912,701912.json,100400,band_100k,2327
2933872,2933872.json,100400,band_100k,2327
27959,27959.json,100400,band_100k,2327
3488373,3488373.json,100400,band_100k,2327
4382604,4382604.json,100400,band_100k,2327
2993073,2993073.json,100400,band_100k,2327
5191802,5191802.json,100400,band_100k,2327
8284780,8284780.json,100400,band_100k,2327
7563738,7563738.json,100400,band_100k,2327
73575,73575.json,100400,band_100k,2327
1452494,1452494.json,100400,band_100k,2327
213256,213256.json,100400,band_100k,2327
8715894,8715894.json,100400,band_100k,2327
673418,673418.json,100400,band_100k,2327
7109428,7109428.json,100400,band_100k,2327
633280,633280.json,100400,band_100k,2327
6329063,6329063.json,100400,band_100k,2327
1273092,1273092.json,100400,band_100k,2327
762424,762424.json,100427,band_100k,2327
610932,610932.json,100427,band_100k,2327
860285,860285.json,100427,band_100k,2327
54181,54181.json,100427,band_100k,2327
286610,286610.json,100427,band_100k,2327
2617540,2617540.json,100427,band_100k,2327
5126247,5126247.json,100427,band_100k,2327
3226045,3226045.json,100427,band_100k,2327
7253762,7253762.json,100427,band_100k,2327
9002195,9002195.json,100427,band_100k,2327
3982289,3982289.json,100427,band_100k,2327
1758674,1758674.json,100427,band_100k,2327
168984,168984.json,100427,band_100k,2327
2159175,2159175.json,100427,band_100k,2327
187737,187737.json,100427,band_100k,2327
318653,318653.json,100442,band_100k,2327
6664211,6664211.json,100442,band_100k,2327
2000328,2000328.json,100442,band_100k,2327
36236,36236.json,100442,band_100k,2327
3261726,3261726.json,100442,band_100k,2327
1997916,1997916.json,100442,band_100k,2327
1800897,1800897.json,100442,band_100k,2327
9323818,9323818.json,100442,band_100k,2327
8019500,8019500.json,100442,band_100k,2327
8042925,8042925.json,100442,band_100k,2327
4340977,4340977.json,100442,band_100k,2327
6421095,6421095.json,100442,band_100k,2327
813288,813288.json,100442,band_100k,2327
5329021,5329021.json,100442,band_100k,2327
3391408,3391408.json,100442,band_100k,2327
9184043,9184043.json,100442,band_100k,2327
189369,189369.json,100442,band_100k,2327
6526556,6526556.json,100442,band_100k,2327
78154,78154.json,100442,band_100k,2327
8942,8942.json,100442,band_100k,2327
34836,34836.json,100462,band_100k,2327
8344807,8344807.json,100462,band_100k,2327
9305195,9305195.json,100462,band_100k,2327
3809384,3809384.json,100462,band_100k,2327
2566532,2566532.json,100462,band_100k,2327
3754735,3754735.json,100462,band_100k,2327
904277,904277.json,100468,band_100k,2327
2405562,2405562.json,100468,band_100k,2327
1577345,1577345.json,100468,band_100k,2327
1082684,1082684.json,100468,band_100k,2327
7963346,7963346.json,100468,band_100k,2327
1301687,1301687.json,100468,band_100k,2327
9029805,9029805.json,100468,band_100k,2327
1919870,1919870.json,100468,band_100k,2327
433125,433125.json,100468,band_100k,2327
1996525,1996525.json,100477,band_100k,2327
1038428,1038428.json,100477,band_100k,2327
6000978,6000978.json,100477,band_100k,2327
4183340,4183340.json,100477,band_100k,2327
5535993,5535993.json,100477,band_100k,2327
5513978,5513978.json,100477,band_100k,2327
893726,893726.json,100477,band_100k,2327
3391074,3391074.json,100477,band_100k,2327
2719649,2719649.json,100477,band_100k,2327
1386273,1386273.json,100486,band_100k,2327
2419092,2419092.json,100486,band_100k,2327
3383345,3383345.json,100486,band_100k,2327
3855,3855.json,100486,band_100k,2327
1335788,1335788.json,100486,band_100k,2327
4130748,4130748.json,100491,band_100k,2327
3200876,3200876.json,100491,band_100k,2327
1667357,1667357.json,100491,band_100k,2327
864324,864324.json,100491,band_100k,2327
182969,182969.json,100491,band_100k,2327
972683,972683.json,100491,band_100k,2327
3870850,3870850.json,100497,band_100k,2327
1912666,1912666.json,100497,band_100k,2327
7252080,7252080.json,100497,band_100k,2327
329998,329998.json,100500,band_100k,2327
1156937,1156937.json,100500,band_100k,2327
7915679,7915679.json,100500,band_100k,2327
1819405,1819405.json,100500,band_100k,2327
9114206,9114206.json,100504,band_100k,2327
1555035,1555035.json,100504,band_100k,2327
369983,369983.json,100506,band_100k,2327
548093,548093.json,100506,band_100k,2327
195164,195164.json,100506,band_100k,2327
4818440,4818440.json,100509,band_100k,2327
492360,492360.json,100510,band_100k,2327
615955,615955.json,100511,band_100k,2327
4475944,4475944.json,100512,band_100k,2327
690728,690728.json,100512,band_100k,2327
2424805,2424805.json,100514,band_100k,2327
709721,709721.json,100515,band_100k,2327
7037306,7037306.json,100516,band_100k,2326
2954690,2954690.json,100517,band_100k,2326
6126061,6126061.json,100518,band_100k,2326
6567525,6567525.json,100519,band_100k,2326
2704372,2704372.json,100520,band_100k,2326
881935,881935.json,100521,band_100k,2326
9264455,9264455.json,100522,band_100k,2326
5123719,5123719.json,100522,band_100k,2326
525454,525454.json,100524,band_100k,2326
37013,37013.json,100524,band_100k,2326
7389536,7389536.json,100526,band_100k,2326
4845963,4845963.json,100527,band_100k,2326
9462644,9462644.json,100527,band_100k,2326
5270597,5270597.json,100527,band_100k,2326
7645497,7645497.json,100527,band_100k,2326
6354877,6354877.json,100531,band_100k,2326
7609513,7609513.json,100531,band_100k,2326
3185065,3185065.json,100531,band_100k,2326
8245101,8245101.json,100534,band_100k,2326
9094274,9094274.json,100534,band_100k,2326
7240729,7240729.json,100534,band_100k,2326
4635520,4635520.json,100537,band_100k,2326
3276622,3276622.json,100537,band_100k,2326
7018789,7018789.json,100537,band_100k,2326
9417819,9417819.json,100537,band_100k,2326
7740906,7740906.json,100537,band_100k,2326
9117696,9117696.json,100537,band_100k,2326
3941368,3941368.json,100537,band_100k,2326
6624806,6624806.json,100544,band_100k,2326
2971037,2971037.json,100544,band_100k,2326
6518278,6518278.json,100544,band_100k,2326
6181737,6181737.json,100544,band_100k,2326
6526009,6526009.json,100544,band_100k,2326
8366157,8366157.json,100544,band_100k,2326
307769,307769.json,100544,band_100k,2326
9337381,9337381.json,100544,band_100k,2326
4704675,4704675.json,100544,band_100k,2326
7034957,7034957.json,100544,band_100k,2326
4964880,4964880.json,100544,band_100k,2326
2570772,2570772.json,100544,band_100k,2326
536655,536655.json,100544,band_100k,2326
5081075,5081075.json,100557,band_100k,2326
8068276,8068276.json,100557,band_100k,2326
1641558,1641558.json,100557,band_100k,2326
6745657,6745657.json,100557,band_100k,2326
2279668,2279668.json,100557,band_100k,2326
944886,944886.json,100557,band_100k,2326
8547492,8547492.json,100557,band_100k,2326
164452,164452.json,100557,band_100k,2326
8617683,8617683.json,100557,band_100k,2326
7510953,7510953.json,100557,band_100k,2326
2810940,2810940.json,100557,band_100k,2326
2570843,2570843.json,100557,band_100k,2326
5992592,5992592.json,100557,band_100k,2326
6517879,6517879.json,100557,band_100k,2326
5683223,5683223.json,100557,band_100k,2326
5637373,5637373.json,100557,band_100k,2326
5763627,5763627.json,100557,band_100k,2326
4762275,4762275.json,100557,band_100k,2326
7795042,7795042.json,100557,band_100k,2326
662431,662431.json,100557,band_100k,2326
2609744,2609744.json,100557,band_100k,2326
6588203,6588203.json,100557,band_100k,2326
1111513,1111513.json,100557,band_100k,2326
3928278,3928278.json,100557,band_100k,2326
8862539,8862539.json,100557,band_100k,2326
6986823,6986823.json,100557,band_100k,2326
843901,843901.json,100583,band_100k,2326
6488042,6488042.json,100583,band_100k,2326
8333335,8333335.json,100583,band_100k,2326
6708581,6708581.json,100583,band_100k,2326
594370,594370.json,100583,band_100k,2326
502605,502605.json,100583,band_100k,2326
633805,633805.json,100583,band_100k,2326
8470034,8470034.json,100583,band_100k,2326
10769366,10769366.json,100583,band_100k,2326
5892407,5892407.json,100583,band_100k,2326
6618813,6618813.json,100583,band_100k,2326
7758087,7758087.json,100583,band_100k,2326
23971,23971.json,100583,band_100k,2326
7331090,7331090.json,100583,band_100k,2326
4763137,4763137.json,100583,band_100k,2326
5672347,5672347.json,100583,band_100k,2326
8962053,8962053.json,100583,band_100k,2326
1243292,1243292.json,100583,band_100k,2326
3306479,3306479.json,100583,band_100k,2326
5942267,5942267.json,100583,band_100k,2326
6258853,6258853.json,100583,band_100k,2326
6645274,6645274.json,100583,band_100k,2326
7230637,7230637.json,100583,baseline,2326
6011854,6011854.json,100583,band_100k,2326
7909493,7909493.json,100583,band_100k,2326
6236135,6236135.json,100583,band_100k,2326
41225,41225.json,100583,band_100k,2326
4962665,4962665.json,100583,band_100k,2326
7394735,7394735.json,100583,band_100k,2326
988440,988440.json,100612,band_100k,2326
4187744,4187744.json,100612,band_100k,2326
788276,788276.json,100612,band_100k,2326
3072535,3072535.json,100612,band_100k,2326
98545,98545.json,100612,band_100k,2326
4197167,4197167.json,100612,band_100k,2326
3043924,3043924.json,100612,band_100k,2326
7889591,7889591.json,100612,band_100k,2326
7119957,7119957.json,100612,band_100k,2326
141092,141092.json,100612,band_100k,2326
8612519,8612519.json,100612,band_100k,2326
8606699,8606699.json,100612,band_100k,2326
2307071,2307071.json,100612,band_100k,2326
1694384,1694384.json,100612,band_100k,2326
4180707,4180707.json,100612,band_100k,2326
7773107,7773107.json,100612,band_100k,2326
3690904,3690904.json,100612,band_100k,2326
4701161,4701161.json,100612,band_100k,2326
256046,256046.json,100612,band_100k,2326
946753,946753.json,100612,band_100k,2326
4580231,4580231.json,100612,band_100k,2326
2245970,2245970.json,100612,band_100k,2326
5366163,5366163.json,100612,band_100k,2326
376275,376275.json,100612,band_100k,2326
5422511,5422511.json,100612,band_100k,2326
6644443,6644443.json,100612,band_100k,2326
2168056,2168056.json,100612,band_100k,2326
4383537,4383537.json,100612,band_100k,2326
152555,152555.json,100612,band_100k,2326
4102390,4102390.json,100612,band_100k,2326
2288434,2288434.json,100612,band_100k,2326
2748537,2748537.json,100612,band_100k,2326
409717,409717.json,100612,band_100k,2326
5417937,5417937.json,100612,band_100k,2326
1523597,1523597.json,100612,band_100k,2326
8532187,8532187.json,100612,band_100k,2326
2581586,2581586.json,100612,band_100k,2326
761696,761696.json,100612,band_100k,2326
8810839,8810839.json,100612,band_100k,2326
1844094,1844094.json,100612,band_100k,2326
3576754,3576754.json,100612,band_100k,2326
8806548,8806548.json,100612,band_100k,2326
5810048,5810048.json,100612,band_100k,2326
2826678,2826678.json,100612,band_100k,2326
8435258,8435258.json,100612,band_100k,2326
5180950,5180950.json,100612,band_100k,2326
838290,838290.json,100612,band_100k,2326
2827671,2827671.json,100612,band_100k,2326
5128247,5128247.json,100612,band_100k,2326
1160207,1160207.json,100612,band_100k,2326
5839193,5839193.json,100612,band_100k,2326
4017830,4017830.json,100612,band_100k,2326
8080927,8080927.json,100612,band_100k,2326
9136671,9136671.json,100612,band_100k,2326
351707,351707.json,100612,band_100k,2326
8202729,8202729.json,100612,band_100k,2326
6418177,6418177.json,100612,band_100k,2326
2335893,2335893.json,100612,band_100k,2326
3963990,3963990.json,100612,band_100k,2326
2641898,2641898.json,100612,band_100k,2326
6823132,6823132.json,100612,band_100k,2326
8943252,8943252.json,100612,band_100k,2326
8337117,8337117.json,100612,band_100k,2326
6823315,6823315.json,100612,band_100k,2326
3861781,3861781.json,100612,band_100k,2326
6827932,6827932.json,100612,band_100k,2326
3902052,3902052.json,100612,band_100k,2326
8234211,8234211.json,100612,band_100k,2326
3474722,3474722.json,100612,band_100k,2326
6479296,6479296.json,100612,band_100k,2326
4894296,4894296.json,100612,band_100k,2326
3141789,3141789.json,100612,band_100k,2326
1740383,1740383.json,100612,band_100k,2326
3081472,3081472.json,100612,band_100k,2326
1393176,1393176.json,100612,band_100k,2326
4196379,4196379.json,100612,band_100k,2326
765566,765566.json,100612,band_100k,2326
4223547,4223547.json,100612,band_100k,2326
2512873,2512873.json,100690,band_100k,2326
4237291,4237291.json,100690,band_100k,2326
121379,121379.json,100690,band_100k,2326
1382187,1382187.json,100690,band_100k,2326
2225355,2225355.json,100690,band_100k,2326
1217535,1217535.json,100690,band_100k,2326
4693384,4693384.json,100690,band_100k,2326
5492829,5492829.json,100690,band_100k,2326
2524090,2524090.json,100690,band_100k,2326
1291743,1291743.json,100690,band_100k,2326
7504123,7504123.json,100690,band_100k,2326
6194657,6194657.json,100690,band_100k,2326
489889,489889.json,100690,band_100k,2326
2501433,2501433.json,100690,band_100k,2326
3094171,3094171.json,100690,band_100k,2326
5625354,5625354.json,100690,band_100k,2326
2328035,2328035.json,100690,band_100k,2326
6837292,6837292.json,100690,band_100k,2326
826616,826616.json,100690,band_100k,2326
5256712,5256712.json,100690,band_100k,2326
1931480,1931480.json,100690,band_100k,2326
3526341,3526341.json,100690,band_100k,2326
3536256,3536256.json,100690,band_100k,2326
7609895,7609895.json,100690,band_100k,2326
267597,267597.json,100690,band_100k,2326
8264159,8264159.json,100690,band_100k,2326
2331516,2331516.json,100690,band_100k,2326
6848851,6848851.json,100690,band_100k,2326
3902943,3902943.json,100690,band_100k,2326
3812562,3812562.json,100690,band_100k,2326
8366973,8366973.json,100690,band_100k,2326
5317888,5317888.json,100690,band_100k,2326
11155467,11155467.json,100690,band_100k,2326
5305253,5305253.json,100690,band_100k,2326
7425961,7425961.json,100690,band_100k,2326
890733,890733.json,100690,band_100k,2326
2869158,2869158.json,100690,band_100k,2326
10520036,10520036.json,100690,band_100k,2326
1051602,1051602.json,100690,band_100k,2326
1880877,1880877.json,100690,band_100k,2326
645665,645665.json,100690,band_100k,2326
1599918,1599918.json,100690,band_100k,2326
5240348,5240348.json,100690,band_100k,2326
8218040,8218040.json,100690,band_100k,2326
3929851,3929851.json,100690,band_100k,2326
5784156,5784156.json,100690,band_100k,2326
9119981,9119981.json,100690,band_100k,2326
393804,393804.json,100690,band_100k,2326
3965384,3965384.json,100690,band_100k,2326
4628963,4628963.json,100690,band_100k,2326
285281,285281.json,100690,band_100k,2326
8867849,8867849.json,100690,band_100k,2326
3552393,3552393.json,100690,band_100k,2326
4362341,4362341.json,100690,band_100k,2326
8384485,8384485.json,100690,band_100k,2326
7576979,7576979.json,100690,band_100k,2326
3369039,3369039.json,100690,band_100k,2326
3375247,3375247.json,100690,band_100k,2326
578958,578958.json,100690,band_100k,2326
5787485,5787485.json,100690,band_100k,2326
8132543,8132543.json,100690,band_100k,2326
5170421,5170421.json,100690,band_100k,2326
8104955,8104955.json,100690,band_100k,2326
6967953,6967953.json,100690,band_100k,2326
7736511,7736511.json,100690,band_100k,2326
2605844,2605844.json,100690,band_100k,2326
8069333,8069333.json,100690,band_100k,2326
6359708,6359708.json,100690,band_100k,2326
4618132,4618132.json,100690,band_100k,2326
6369012,6369012.json,100690,band_100k,2326
361431,361431.json,100690,band_100k,2326
281398,281398.json,100690,band_100k,2326
5353086,5353086.json,100690,band_100k,2326
6765375,6765375.json,100690,band_100k,2326
2033193,2033193.json,100690,band_100k,2326
6381627,6381627.json,100690,band_100k,2326
2133376,2133376.json,100690,band_100k,2326
8065024,8065024.json,100690,band_100k,2326
925707,925707.json,100690,band_100k,2326
1036978,1036978.json,100690,band_100k,2326
2963002,2963002.json,100690,band_100k,2326
3333323,3333323.json,100690,band_100k,2326
2985467,2985467.json,100690,band_100k,2326
9288155,9288155.json,100690,band_100k,2326
80333,80333.json,100690,band_100k,2326
7029115,7029115.json,100690,band_100k,2326
2594082,2594082.json,100690,band_100k,2326
2283407,2283407.json,100690,band_100k,2326
1333644,1333644.json,100690,band_100k,2326
8744398,8744398.json,100690,band_100k,2326
1552589,1552589.json,100690,band_100k,2326
6622669,6622669.json,100690,band_100k,2326
4083287,4083287.json,100690,band_100k,2326
2484424,2484424.json,100690,band_100k,2326
1238108,1238108.json,100690,band_100k,2326
7992906,7992906.json,100690,band_100k,2326
5935652,5935652.json,100690,band_100k,2326
234932,234932.json,100690,band_100k,2326
1663304,1663304.json,100690,band_100k,2326
59315,59315.json,100690,band_100k,2326
671188,671188.json,100690,band_100k,2326
5424860,5424860.json,100690,band_100k,2326
5410264,5410264.json,100690,band_100k,2326
3744305,3744305.json,100690,band_100k,2326
5395373,5395373.json,100690,band_100k,2326
1516271,1516271.json,100690,band_100k,2326
3755293,3755293.json,100690,band_100k,2326
3758761,3758761.json,100690,band_100k,2326
2995379,2995379.json,100690,band_100k,2326
5016891,5016891.json,100690,band_100k,2326
4109054,4109054.json,100690,band_100k,2326
2166797,2166797.json,100690,band_100k,2326
941574,941574.json,100690,band_100k,2326
178963,178963.json,100690,band_100k,2326
7643207,7643207.json,100690,band_100k,2326
8709696,8709696.json,100690,band_100k,2326
2802677,2802677.json,100690,band_100k,2326
6697499,6697499.json,100690,band_100k,2326
3708547,3708547.json,100690,band_100k,2326
67059,67059.json,100690,band_100k,2326
2003274,2003274.json,100690,band_100k,2326
3713313,3713313.json,100690,band_100k,2326
3259992,3259992.json,100690,band_100k,2326
9379798,9379798.json,100690,band_100k,2326
3263435,3263435.json,100690,band_100k,2326
7948878,7948878.json,100690,band_100k,2326
1234922,1234922.json,100690,band_100k,2326
102101,102101.json,100690,band_100k,2326
25603,25603.json,100690,band_100k,2326
711102,711102.json,100690,band_100k,2326
794174,794174.json,100690,band_100k,2326
5466284,5466284.json,100690,band_100k,2326
3697654,3697654.json,100690,band_100k,2326
4700153,4700153.json,100690,band_100k,2326
8566252,8566252.json,100690,band_100k,2326
3624880,3624880.json,100690,band_100k,2326
3624509,3624509.json,100690,band_100k,2326
7486913,7486913.json,100690,band_100k,2326
7483287,7483287.json,100690,band_100k,2326
9481840,9481840.json,100690,band_100k,2326
3036070,3036070.json,100690,band_100k,2326
3213666,3213666.json,100690,band_100k,2326
218724,218724.json,100690,band_100k,2326
7222615,7222615.json,100690,band_100k,2326
278943,278943.json,100690,band_100k,2326
5483194,5483194.json,100690,band_100k,2326
5481169,5481169.json,100690,band_100k,2326
1551256,1551256.json,100690,band_100k,2326
867595,867595.json,100690,band_100k,2326
2792908,2792908.json,100690,band_100k,2326
866661,866661.json,100690,band_100k,2326
7358444,7358444.json,100690,band_100k,2326
3056848,3056848.json,100690,band_100k,2326
602155,602155.json,100690,band_100k,2326
971855,971855.json,100690,band_100k,2326
2536054,2536054.json,100690,band_100k,2326
1209196,1209196.json,100690,band_100k,2326
6133980,6133980.json,100690,band_100k,2326
6147487,6147487.json,100690,band_100k,2326
1224600,1224600.json,100690,band_100k,2326
986515,986515.json,100690,band_100k,2326
311157,311157.json,100690,band_100k,2326
3105634,3105634.json,100690,band_100k,2326
454926,454926.json,100853,band_100k,2326
31068,31068.json,100853,band_100k,2326
108399,108399.json,100853,band_100k,2326
138422,138422.json,100853,band_100k,2326
316486,316486.json,100853,band_100k,2326
15358,15358.json,100853,band_100k,2326
199112,199112.json,100853,band_100k,2326
8677,8677.json,100853,band_100k,2326
317008,317008.json,100853,band_100k,2326
306705,306705.json,100853,band_100k,2326
175780,175780.json,100853,band_100k,2326
79167,79167.json,100853,band_100k,2326
11963,11963.json,100853,band_100k,2326
176946,176946.json,100853,band_100k,2326
305042,305042.json,100853,band_100k,2326
95946,95946.json,100853,band_100k,2326
370493,370493.json,100853,band_100k,2326
547058,547058.json,100853,band_100k,2326
254505,254505.json,100853,band_100k,2326
495360,495360.json,100853,band_100k,2326
119771,119771.json,100853,band_100k,2326
87369,87369.json,100853,band_100k,2326
37778,37778.json,100853,band_100k,2326
53997,53997.json,100853,band_100k,2326
497512,497512.json,100853,band_100k,2326
248748,248748.json,100853,band_100k,2326
73536,73536.json,100853,band_100k,2326
67116,67116.json,100853,band_100k,2326
302368,302368.json,100853,band_100k,2326
178377,178377.json,100853,band_100k,2326
27703,27703.json,100853,band_100k,2326
277096,277096.json,100853,band_100k,2326
131236,131236.json,100853,band_100k,2326
128337,128337.json,100853,band_100k,2326
474011,474011.json,100853,band_100k,2326
133538,133538.json,100853,band_100k,2326
93593,93593.json,100853,band_100k,2326
180628,180628.json,100853,band_100k,2326
133571,133571.json,100853,band_100k,2326
119086,119086.json,100853,band_100k,2326
21544,21544.json,100853,band_100k,2326
426966,426966.json,100853,band_100k,2326
216847,216847.json,100853,band_100k,2326
25709,25709.json,100853,band_100k,2326
44823,44823.json,100853,band_100k,2326
106602,106602.json,100853,band_100k,2326
11465,11465.json,100853,band_100k,2326
519437,519437.json,100853,band_100k,2326
262319,262319.json,100853,band_100k,2326
262308,262308.json,100853,band_100k,2326
262076,262076.json,100853,band_100k,2326
397981,397981.json,100853,band_100k,2326
355951,355951.json,100853,band_100k,2326
204018,204018.json,100853,band_100k,2326
163647,163647.json,100853,band_100k,2326
404215,404215.json,100853,band_100k,2326
50925,50925.json,100853,band_100k,2326
403334,403334.json,100853,band_100k,2326
510560,510560.json,100853,band_100k,2326
480018,480018.json,100853,band_100k,2326
480663,480663.json,100853,band_100k,2326
259723,259723.json,100853,band_100k,2326
70012,70012.json,100853,band_100k,2326
29756,29756.json,100853,band_100k,2326
365889,365889.json,100853,band_100k,2326
206215,206215.json,100853,band_100k,2326
74221,74221.json,100853,band_100k,2326
64470,64470.json,100853,band_100k,2326
431606,431606.json,100853,band_100k,2326
8211,8211.json,100853,band_100k,2326
131987,131987.json,100853,band_100k,2326
191221,191221.json,100853,band_100k,2326
26794,26794.json,100853,band_100k,2326
157991,157991.json,100853,band_100k,2326
245052,245052.json,100853,band_100k,2326
475047,475047.json,100853,band_100k,2326
350360,350360.json,100853,band_100k,2326
446153,446153.json,100853,band_100k,2326
341154,341154.json,100853,baseline,2326
113290,113290.json,100853,band_100k,2326
550044,550044.json,100853,band_100k,2326
13737,13737.json,100853,band_100k,2326
138497,138497.json,100853,band_100k,2326
161156,161156.json,100853,band_100k,2326
335441,335441.json,100853,band_100k,2326
83627,83627.json,100853,band_100k,2326
204766,204766.json,100853,band_100k,2326
435546,435546.json,100853,band_100k,2326
69,69.json,100853,band_100k,2326
285780,285780.json,100853,band_100k,2326
72886,72886.json,100853,band_100k,2326
247,247.json,100853,band_100k,2326
26560,26560.json,100853,band_100k,2326
340063,340063.json,100853,band_100k,2326
69335,69335.json,100853,band_100k,2326
456755,456755.json,100853,band_100k,2326
97714,97714.json,100853,band_100k,2326
122532,122532.json,100853,band_100k,2326
6689583,6689583.json,112872,baseline,2322
801103,801103.json,121699,baseline,2319
107103,107103.json,128465,baseline,2316
3925918,3925918.json,157136,baseline,2307
1006314,1006314.json,157452,baseline,2307
8430895,8430895.json,162015,baseline,2306
8729883,8729883.json,169059,baseline,2304
3442779,3442779.json,170127,baseline,2304
1005174,1005174.json,172137,baseline,2303
368086,368086.json,173100,baseline,2303
4163954,4163954.json,174855,baseline,2302
2306726,2306726.json,180674,baseline,2301
3044883,3044883.json,190044,baseline,2299
8686325,8686325.json,198355,baseline,2296
6550727,6550727.json,202039,baseline,2296
5539838,5539838.json,207064,baseline,2294
2198639,2198639.json,208295,baseline,2294
992584,992584.json,208295,baseline,2294
668753,668753.json,211863,baseline,2293
1408405,1408405.json,213442,baseline,2293
1556018,1556018.json,216840,baseline,2292
3019586,3019586.json,218627,baseline,2292
6394714,6394714.json,219593,baseline,2291
942412,942412.json,219744,baseline,2291
762723,762723.json,220689,baseline,2291
3407914,3407914.json,227074,baseline,2290
6826775,6826775.json,227340,baseline,2290
7090294,7090294.json,227530,baseline,2290
7736812,7736812.json,232935,baseline,2288
1940215,1940215.json,233304,baseline,2288
3817542,3817542.json,234964,baseline,2288
1787628,1787628.json,241597,baseline,2287
4195952,4195952.json,241694,baseline,2287
1714804,1714804.json,244148,baseline,2286
6361003,6361003.json,245117,baseline,2286
2214970,2214970.json,249859,band_250k,2285
4207694,4207694.json,249859,band_250k,2285
4243655,4243655.json,249859,band_250k,2285
973452,973452.json,249859,band_250k,2285
3139751,3139751.json,249859,band_250k,2285
979006,979006.json,249859,band_250k,2285
3135817,3135817.json,249859,band_250k,2285
3138251,3138251.json,249859,band_250k,2285
3129891,3129891.json,249859,band_250k,2285
4895124,4895124.json,249859,band_250k,2285
7166728,7166728.json,249859,band_250k,2285
5486523,5486523.json,249859,band_250k,2285
7655234,7655234.json,249859,band_250k,2285
7367513,7367513.json,249859,band_250k,2285
1545634,1545634.json,249859,band_250k,2285
3648346,3648346.json,249859,band_250k,2285
1711105,1711105.json,249859,band_250k,2285
2502988,2502988.json,249859,band_250k,2285
7190145,7190145.json,249859,band_250k,2285
7191007,7191007.json,249859,band_250k,2285
1374852,1374852.json,249859,band_250k,2285
2508955,2508955.json,249859,band_250k,2285
1707154,1707154.json,249859,band_250k,2285
5245521,5245521.json,249859,band_250k,2285
6853413,6853413.json,249859,band_250k,2285
2267189,2267189.json,249859,band_250k,2285
3897833,3897833.json,249859,band_250k,2285
3891333,3891333.json,249859,band_250k,2285
1593329,1593329.json,249859,band_250k,2285
2903056,2903056.json,249859,band_250k,2285
1900674,1900674.json,249859,band_250k,2285
2331856,2331856.json,249859,band_250k,2285
2906503,2906503.json,249859,band_250k,2285
1893301,1893301.json,249859,band_250k,2285
5706124,5706124.json,249859,band_250k,2285
1489745,1489745.json,249859,band_250k,2285
8274465,8274465.json,249859,band_250k,2285
4754384,4754384.json,249859,band_250k,2285
2061740,2061740.json,249859,band_250k,2285
3880373,3880373.json,249859,band_250k,2285
8295725,8295725.json,249859,band_250k,2285
3486436,3486436.json,249859,band_250k,2285
1915563,1915563.json,249859,band_250k,2285
2892346,2892346.json,249859,band_250k,2285
5658616,5658616.json,249859,band_250k,2285
6506408,6506408.json,249859,band_250k,2285
3473257,3473257.json,249859,band_250k,2285
1590959,1590959.json,249859,band_250k,2285
1907431,1907431.json,249859,band_250k,2285
1582337,1582337.json,249859,band_250k,2285
3926539,3926539.json,249859,band_250k,2285
3913196,3913196.json,249859,band_250k,2285
2400461,2400461.json,249859,band_250k,2285
2920501,2920501.json,249859,band_250k,2285
1052178,1052178.json,249859,band_250k,2285
3408938,3408938.json,249859,band_250k,2285
8247146,8247146.json,249859,band_250k,2285
8239329,8239329.json,249859,band_250k,2285
5245292,5245292.json,249859,band_250k,2285
5636138,5636138.json,249859,band_250k,2285
4653575,4653575.json,249859,band_250k,2285
6523869,6523869.json,249859,band_250k,2285
1124635,1124635.json,249859,band_250k,2285
2052762,2052762.json,249859,band_250k,2285
2053722,2053722.json,249859,band_250k,2285
4348477,4348477.json,249859,band_250k,2285
1345075,1345075.json,249859,band_250k,2285
1495198,1495198.json,249859,band_250k,2285
4778814,4778814.json,249859,band_250k,2285
1349925,1349925.json,249859,band_250k,2285
2398882,2398882.json,249859,band_250k,2285
5773704,5773704.json,249859,band_250k,2285
5777971,5777971.json,249859,band_250k,2285
1479047,1479047.json,249859,band_250k,2285
8192021,8192021.json,249859,band_250k,2285
8198345,8198345.json,249859,band_250k,2285
6881283,6881283.json,249859,band_250k,2285
1483154,1483154.json,249859,band_250k,2285
5166832,5166832.json,249859,band_250k,2285
5172201,5172201.json,249859,band_250k,2285
3972184,3972184.json,249859,band_250k,2285
5787060,5787060.json,249859,band_250k,2285
5787793,5787793.json,249859,band_250k,2285
3375419,3375419.json,249859,band_250k,2285
3364908,3364908.json,249859,band_250k,2285
9179252,9179252.json,249859,band_250k,2285
1468634,1468634.json,249859,band_250k,2285
1470069,1470069.json,249859,band_250k,2285
1474183,1474183.json,249859,band_250k,2285
1937243,1937243.json,249859,band_250k,2285
1065106,1065106.json,249859,band_250k,2285
7615956,7615956.json,249859,band_250k,2285
6802369,6802369.json,249859,band_250k,2285
4356607,4356607.json,249859,band_250k,2285
6790304,6790304.json,249859,band_250k,2285
3812436,3812436.json,249859,band_250k,2285
3814247,3814247.json,249859,band_250k,2285
2716104,2716104.json,249859,band_250k,2285
3361900,3361900.json,249859,band_250k,2285
6372333,6372333.json,249859,band_250k,2285
8087765,8087765.json,249859,band_250k,2285
4014002,4014002.json,249859,band_250k,2285
2475500,2475500.json,249859,band_250k,2285
5142912,5142912.json,249859,band_250k,2285
8103346,8103346.json,249859,band_250k,2285
1457811,1457811.json,249859,band_250k,2285
2447051,2447051.json,249859,band_250k,2285
5334352,5334352.json,249859,band_250k,2285
5345363,5345363.json,249859,band_250k,2285
5565156,5565156.json,249859,band_250k,2285
3552614,3552614.json,249859,band_250k,2285
1066542,1066542.json,249859,band_250k,2285
3538008,3538008.json,249859,band_250k,2285
3539835,3539835.json,249859,band_250k,2285
2721238,2721238.json,249859,band_250k,2285
2030286,2030286.json,249859,band_250k,2285
7346132,7346132.json,249859,band_250k,2285
2959508,2959508.json,249859,band_250k,2285
5873681,5873681.json,249859,band_250k,2285
925206,925206.json,249859,band_250k,2285
926918,926918.json,249859,band_250k,2285
2601208,2601208.json,249859,band_250k,2285
5096588,5096588.json,249859,band_250k,2285
1445464,1445464.json,249859,band_250k,2285
8053588,8053588.json,249859,band_250k,2285
4790304,4790304.json,249859,band_250k,2285
6985487,6985487.json,249859,band_250k,2285
1625576,1625576.json,249859,band_250k,2285
2143582,2143582.json,249859,band_250k,2285
2251510,2251510.json,249859,band_250k,2285
4797783,4797783.json,249859,band_250k,2285
9283509,9283509.json,249859,band_250k,2285
1811129,1811129.json,249859,band_250k,2285
1310389,1310389.json,249859,band_250k,2285
1659716,1659716.json,249859,band_250k,2285
920706,920706.json,249859,band_250k,2285
2442599,2442599.json,249859,band_250k,2285
4739223,4739223.json,249859,band_250k,2285
8440634,8440634.json,249859,band_250k,2285
3600107,3600107.json,249859,band_250k,2285
3579924,3579924.json,249859,band_250k,2285
2834197,2834197.json,249859,band_250k,2285
2835683,2835683.json,249859,band_250k,2285
6596117,6596117.json,249859,band_250k,2285
6600556,6600556.json,249859,band_250k,2285
1950311,1950311.json,249859,band_250k,2285
3279034,3279034.json,249859,band_250k,2285
2351108,2351108.json,249859,band_250k,2285
4499818,4499818.json,249859,band_250k,2285
1283191,1283191.json,249859,band_250k,2285
5939075,5939075.json,249859,band_250k,2285
1181718,1181718.json,249859,band_250k,2285
7057953,7057953.json,249859,band_250k,2285
1425893,1425893.json,249859,band_250k,2285
5037768,5037768.json,249859,band_250k,2285
7995299,7995299.json,249859,band_250k,2285
1176354,1176354.json,249859,band_250k,2285
2148093,2148093.json,249859,band_250k,2285
2143290,2143290.json,249859,band_250k,2285
2174717,2174717.json,249859,band_250k,2285
935112,935112.json,249859,band_250k,2285
3262888,3262888.json,249859,band_250k,2285
6289016,6289016.json,249859,band_250k,2285
1792044,1792044.json,249859,band_250k,2285
4505771,4505771.json,249859,band_250k,2285
4590909,4590909.json,249859,band_250k,2285
2572606,2572606.json,249859,band_250k,2285
1421221,1421221.json,249859,band_250k,2285
4105999,4105999.json,249859,band_250k,2285
1799484,1799484.json,249859,band_250k,2285
2818228,2818228.json,249859,band_250k,2285
5530730,5530730.json,249859,band_250k,2285
1513082,1513082.json,249859,band_250k,2285
1098382,1098382.json,249859,band_250k,2285
1097824,1097824.json,249859,band_250k,2285
6732335,6732335.json,249859,band_250k,2285
2749999,2749999.json,249859,band_250k,2285
6725254,6725254.json,249859,band_250k,2285
5405266,5405266.json,249859,band_250k,2285
4716182,4716182.json,249859,band_250k,2285
4393321,4393321.json,249859,band_250k,2285
7095663,7095663.json,249859,band_250k,2285
2488354,2488354.json,249859,band_250k,2285
5980833,5980833.json,249859,band_250k,2285
4586336,4586336.json,249859,band_250k,2285
4586296,4586296.json,249859,band_250k,2285
3216235,3216235.json,249859,band_250k,2285
4975348,4975348.json,249859,band_250k,2285
2177618,2177618.json,249859,band_250k,2285
1193141,1193141.json,249859,band_250k,2285
1973325,1973325.json,249859,band_250k,2285
5506549,5506549.json,249859,band_250k,2285
1969430,1969430.json,249859,band_250k,2285
6634871,6634871.json,249859,band_250k,2285
1528973,1528973.json,249859,band_250k,2285
5452675,5452675.json,249859,band_250k,2285
3691072,3691072.json,249859,band_250k,2285
3694069,3694069.json,249859,band_250k,2285
1995984,1995984.json,249859,band_250k,2285
1405862,1405862.json,249859,band_250k,2285
4829659,4829659.json,249859,band_250k,2285
3214576,3214576.json,249859,band_250k,2285
3039659,3039659.json,249859,band_250k,2285
951264,951264.json,249859,band_250k,2285
4583341,4583341.json,249859,band_250k,2285
6259235,6259235.json,249859,band_250k,2285
1195328,1195328.json,249859,band_250k,2285
3077452,3077452.json,249859,band_250k,2285
1771626,1771626.json,249859,band_250k,2285
951808,951808.json,249859,band_250k,2285
9527581,9527581.json,249859,band_250k,2285
3191834,3191834.json,249859,band_250k,2285
6024597,6024597.json,249859,band_250k,2285
1768319,1768319.json,249859,band_250k,2285
6236419,6236419.json,249859,band_250k,2285
961377,961377.json,249859,band_250k,2285
2196445,2196445.json,249859,band_250k,2285
2538811,2538811.json,249859,band_250k,2285
4166729,4166729.json,249859,band_250k,2285
4918114,4918114.json,249859,band_250k,2285
4251342,4251342.json,249859,band_250k,2285
7780934,7780934.json,249859,band_250k,2285
7216923,7216923.json,249859,band_250k,2285
1230335,1230335.json,249859,band_250k,2285
3175443,3175443.json,249859,band_250k,2285
1012077,1012077.json,249859,band_250k,2285
7527651,7527651.json,249859,band_250k,2285
4521786,4521786.json,249859,band_250k,2285
3076139,3076139.json,249859,band_250k,2285
972392,972392.json,249859,band_250k,2285
6085977,6085977.json,249859,band_250k,2285
6676115,6676115.json,249859,band_250k,2285
2781917,2781917.json,249859,band_250k,2285
7362115,7362115.json,249859,band_250k,2285
2297802,2297802.json,249859,band_250k,2285
2783260,2783260.json,249859,band_250k,2285
2794898,2794898.json,249859,band_250k,2285
8667429,8667429.json,249859,band_250k,2285
4422131,4422131.json,249859,band_250k,2285
4684131,4684131.json,249859,band_250k,2285
1971253,1971253.json,249859,band_250k,2285
983296,983296.json,249859,band_250k,2285
3092315,3092315.json,249859,band_250k,2285
3114071,3114071.json,249859,band_250k,2285
3119858,3119858.json,249859,band_250k,2285
1002303,1002303.json,249859,band_250k,2285
2364409,2364409.json,249859,band_250k,2285
6175273,6175273.json,249859,band_250k,2285
8261764,8261764.json,250199,band_250k,2285
6130021,6130021.json,250199,band_250k,2285
148609,148609.json,250199,band_250k,2285
6364691,6364691.json,250199,band_250k,2285
4536640,4536640.json,250199,band_250k,2285
4545141,4545141.json,250199,band_250k,2285
1889718,1889718.json,250199,band_250k,2285
342857,342857.json,250199,band_250k,2285
3132437,3132437.json,250199,band_250k,2285
1139848,1139848.json,250199,band_250k,2285
1208992,1208992.json,250199,band_250k,2285
2562675,2562675.json,250199,band_250k,2285
596874,596874.json,250199,band_250k,2285
5963332,5963332.json,250199,band_250k,2285
254709,254709.json,250199,band_250k,2285
49504,49504.json,250199,band_250k,2285
392963,392963.json,250199,band_250k,2285
173653,173653.json,250199,band_250k,2285
173617,173617.json,250199,band_250k,2285
3084445,3084445.json,250199,band_250k,2285
1007671,1007671.json,250199,band_250k,2285
3138073,3138073.json,250199,band_250k,2285
313739,313739.json,250199,band_250k,2285
1298559,1298559.json,250199,band_250k,2285
7529993,7529993.json,250199,band_250k,2285
3915580,3915580.json,250199,band_250k,2285
5251075,5251075.json,250199,band_250k,2285
1717221,1717221.json,250199,band_250k,2285
3910264,3910264.json,250199,band_250k,2285
6136183,6136183.json,250199,band_250k,2285
997878,997878.json,250199,band_250k,2285
2064050,2064050.json,250199,band_250k,2285
976045,976045.json,250199,band_250k,2285
7146949,7146949.json,250199,band_250k,2285
4192408,4192408.json,250199,band_250k,2285
8910853,8910853.json,250199,band_250k,2285
5731611,5731611.json,250199,band_250k,2285
5740502,5740502.json,250199,band_250k,2285
3628264,3628264.json,250199,band_250k,2285
280520,280520.json,250199,band_250k,2285
70273,70273.json,250199,band_250k,2285
5457298,5457298.json,250199,band_250k,2285
900567,900567.json,250199,band_250k,2285
8547913,8547913.json,250199,band_250k,2285
8547693,8547693.json,250199,band_250k,2285
2141758,2141758.json,250199,band_250k,2285
4061552,4061552.json,250199,band_250k,2285
802414,802414.json,250199,band_250k,2285
3431282,3431282.json,250199,band_250k,2285
1054660,1054660.json,250199,band_250k,2285
2480986,2480986.json,250199,band_250k,2285
2918333,2918333.json,250199,band_250k,2285
411189,411189.json,250199,band_250k,2285
924359,924359.json,250199,band_250k,2285
925145,925145.json,250199,band_250k,2285
8022291,8022291.json,250199,band_250k,2285
143706,143706.json,250199,band_250k,2285
3710072,3710072.json,250199,band_250k,2285
8535364,8535364.json,250199,band_250k,2285
3727721,3727721.json,250199,band_250k,2285
8038127,8038127.json,250199,band_250k,2285
265502,265502.json,250199,band_250k,2285
3940950,3940950.json,250199,band_250k,2285
6826661,6826661.json,250199,band_250k,2285
8164795,8164795.json,250199,band_250k,2285
2683287,2683287.json,250199,band_250k,2285
268307,268307.json,250199,band_250k,2285
6824299,6824299.json,250199,band_250k,2285
68358,68358.json,250199,band_250k,2285
1751965,1751965.json,250199,band_250k,2285
1751940,1751940.json,250199,band_250k,2285
31574,31574.json,250199,band_250k,2285
1283417,1283417.json,250199,band_250k,2285
755139,755139.json,250199,band_250k,2285
2386657,2386657.json,250199,band_250k,2285
459504,459504.json,250199,band_250k,2285
6202199,6202199.json,250199,band_250k,2285
1748380,1748380.json,250199,band_250k,2285
5269277,5269277.json,250199,band_250k,2285
4116798,4116798.json,250199,band_250k,2285
2520583,2520583.json,250199,band_250k,2285
169349,169349.json,250199,band_250k,2285
2764130,2764130.json,250199,band_250k,2285
1201645,1201645.json,250199,band_250k,2285
7929865,7929865.json,250199,band_250k,2285
2842835,2842835.json,250199,band_250k,2285
2900434,2900434.json,250199,band_250k,2285
36948,36948.json,250199,band_250k,2285
3358580,3358580.json,250199,band_250k,2285
47375,47375.json,250199,band_250k,2285
7327171,7327171.json,250199,band_250k,2285
24471,24471.json,250199,band_250k,2285
2948475,2948475.json,250199,band_250k,2285
3071195,3071195.json,250199,band_250k,2285
745745,745745.json,250199,band_250k,2285
38576,38576.json,250199,band_250k,2285
1476189,1476189.json,250199,band_250k,2285
3059073,3059073.json,250199,band_250k,2285
606573,606573.json,250199,band_250k,2285
6067669,6067669.json,250199,band_250k,2285
2055824,2055824.json,250199,band_250k,2285
8318283,8318283.json,250199,band_250k,2285
1280678,1280678.json,250199,band_250k,2285
643202,643202.json,250199,band_250k,2285
3437170,3437170.json,250199,band_250k,2285
49790,49790.json,250199,band_250k,2285
425557,425557.json,250199,band_250k,2285
4486327,4486327.json,250199,band_250k,2285
4605123,4605123.json,250199,band_250k,2285
1281870,1281870.json,250199,band_250k,2285
352554,352554.json,250199,band_250k,2285
2531132,2531132.json,250199,band_250k,2285
410441,410441.json,250199,band_250k,2285
41034,41034.json,250199,band_250k,2285
83404,83404.json,250199,band_250k,2285
1475500,1475500.json,250199,band_250k,2285
383220,383220.json,250199,band_250k,2285
6046223,6046223.json,250199,band_250k,2285
519150,519150.json,250199,band_250k,2285
519604,519604.json,250199,band_250k,2285
6376644,6376644.json,250199,band_250k,2285
7186040,7186040.json,250199,band_250k,2285
4234101,4234101.json,250199,band_250k,2285
2432852,2432852.json,250199,band_250k,2285
330270,330270.json,250199,band_250k,2285
6994972,6994972.json,250199,band_250k,2285
8531399,8531399.json,250199,band_250k,2285
2009427,2009427.json,250199,band_250k,2285
5604694,5604694.json,250199,band_250k,2285
2190679,2190679.json,250199,band_250k,2285
8890380,8890380.json,250199,band_250k,2285
2486573,2486573.json,250199,band_250k,2285
1183966,1183966.json,250199,band_250k,2285
3298308,3298308.json,250199,band_250k,2285
1805896,1805896.json,250199,band_250k,2285
3298296,3298296.json,250199,band_250k,2285
4396829,4396829.json,250199,band_250k,2285
46955,46955.json,250199,band_250k,2285
6324556,6324556.json,250199,band_250k,2285
850120,850120.json,250199,band_250k,2285
3292590,3292590.json,250199,band_250k,2285
4796491,4796491.json,250199,band_250k,2285
4793297,4793297.json,250199,band_250k,2285
3644010,3644010.json,250199,band_250k,2285
448237,448237.json,250199,band_250k,2285
744041,744041.json,250199,band_250k,2285
1763368,1763368.json,250199,band_250k,2285
1863177,1863177.json,250199,band_250k,2285
3292123,3292123.json,250199,band_250k,2285
1947253,1947253.json,250199,band_250k,2285
3558836,3558836.json,250199,band_250k,2285
2503690,2503690.json,250199,band_250k,2285
137707,137707.json,250199,band_250k,2285
66056,66056.json,250199,band_250k,2285
6387659,6387659.json,250199,band_250k,2285
770473,770473.json,250199,band_250k,2285
505263,505263.json,250199,band_250k,2285
1075690,1075690.json,250199,band_250k,2285
5536662,5536662.json,250199,band_250k,2285
1205052,1205052.json,250199,band_250k,2285
680223,680223.json,250199,band_250k,2285
8138478,8138478.json,250199,band_250k,2285
4479150,4479150.json,250199,band_250k,2285
4618990,4618990.json,250199,band_250k,2285
50499,50499.json,250199,band_250k,2285
407866,407866.json,250199,band_250k,2285
8005822,8005822.json,250199,band_250k,2285
5560104,5560104.json,250199,band_250k,2285
3286134,3286134.json,250199,band_250k,2285
5924628,5924628.json,250199,band_250k,2285
62996,62996.json,250199,band_250k,2285
540102,540102.json,250199,band_250k,2285
1626462,1626462.json,250199,band_250k,2285
901453,901453.json,250199,band_250k,2285
954466,954466.json,250199,band_250k,2285
6029403,6029403.json,250199,band_250k,2285
2332551,2332551.json,250199,band_250k,2285
4252291,4252291.json,250199,band_250k,2285
13583,13583.json,250199,band_250k,2285
1421720,1421720.json,250199,band_250k,2285
7059923,7059923.json,250199,band_250k,2285
8661475,8661475.json,250199,band_250k,2285
5773786,5773786.json,250199,band_250k,2285
9110643,9110643.json,250199,band_250k,2285
2261099,2261099.json,250199,band_250k,2285
8378234,8378234.json,250199,band_250k,2285
8374322,8374322.json,250199,band_250k,2285
2709629,2709629.json,250199,band_250k,2285
4469515,4469515.json,250199,band_250k,2285
602404,602404.json,250199,band_250k,2285
2101561,2101561.json,250199,band_250k,2285
1472605,1472605.json,250199,band_250k,2285
3210364,3210364.json,250199,band_250k,2285
7439233,7439233.json,250199,band_250k,2285
2400478,2400478.json,250199,band_250k,2285
2705564,2705564.json,250199,band_250k,2285
836730,836730.json,250199,band_250k,2285
6498196,6498196.json,250199,band_250k,2285
3599619,3599619.json,250199,band_250k,2285
3598341,3598341.json,250199,band_250k,2285
5542131,5542131.json,250199,band_250k,2285
5106297,5106297.json,250199,band_250k,2285
933252,933252.json,250199,band_250k,2285
6294828,6294828.json,250199,band_250k,2285
4680023,4680023.json,250199,band_250k,2285
7644224,7644224.json,250199,band_250k,2285
2023979,2023979.json,250199,band_250k,2285
1458778,1458778.json,250199,band_250k,2285
184892,184892.json,250199,band_250k,2285
5473963,5473963.json,250199,band_250k,2285
838910,838910.json,250199,band_250k,2285
4943564,4943564.json,250199,band_250k,2285
558602,558602.json,250199,band_250k,2285
4210901,4210901.json,250199,band_250k,2285
191141,191141.json,250199,band_250k,2285
8639872,8639872.json,250199,band_250k,2285
578496,578496.json,250199,band_250k,2285
57923,57923.json,250199,band_250k,2285
338518,338518.json,250199,band_250k,2285
1349164,1349164.json,250199,band_250k,2285
7294433,7294433.json,250199,band_250k,2285
8118459,8118459.json,250199,band_250k,2285
110586,110586.json,250199,band_250k,2285
5338908,5338908.json,250199,band_250k,2285
51279,51279.json,250199,band_250k,2285
4012585,4012585.json,250199,band_250k,2285
4325576,4325576.json,250199,band_250k,2285
8122833,8122833.json,250199,band_250k,2285
2721647,2721647.json,250199,band_250k,2285
1672960,1672960.json,250199,band_250k,2285
2324667,2324667.json,250199,band_250k,2285
599786,599786.json,250199,band_250k,2285
6263741,6263741.json,250199,band_250k,2285
5119475,5119475.json,250199,band_250k,2285
2612007,2612007.json,250199,band_250k,2285
5948509,5948509.json,250199,band_250k,2285
594473,594473.json,250199,band_250k,2285
278023,278023.json,250199,band_250k,2285
2780066,2780066.json,250199,band_250k,2285
1986529,1986529.json,250199,band_250k,2285
1785261,1785261.json,250199,band_250k,2285
3020929,3020929.json,250199,band_250k,2285
841134,841134.json,250199,band_250k,2285
5348490,5348490.json,250199,band_250k,2285
3668741,3668741.json,250199,band_250k,2285
5041892,5041892.json,250199,band_250k,2285
4096343,4096343.json,250199,band_250k,2285
3658699,3658699.json,250199,band_250k,2285
4084098,4084098.json,250199,band_250k,2285
143075,143075.json,250199,band_250k,2285
71841,71841.json,250199,band_250k,2285
1383454,1383454.json,250199,band_250k,2285
6498047,6498047.json,250199,band_250k,2285
1564425,1564425.json,250199,band_250k,2285
84595,84595.json,250199,band_250k,2285
2731792,2731792.json,250199,band_250k,2285
7900,7900.json,250199,band_250k,2285
354802,354802.json,250199,band_250k,2285
35455,35455.json,250199,band_250k,2285
3545442,3545442.json,250199,band_250k,2285
65085,65085.json,250199,band_250k,2285
158817,158817.json,250199,band_250k,2285
158764,158764.json,250199,band_250k,2285
4229869,4229869.json,250199,band_250k,2285
514134,514134.json,250199,band_250k,2285
537708,537708.json,250199,band_250k,2285
739637,739637.json,250199,band_250k,2285
3449622,3449622.json,250199,band_250k,2285
122676,122676.json,250199,band_250k,2285
2908650,2908650.json,250199,band_250k,2285
1101774,1101774.json,250199,band_250k,2285
32275,32275.json,250199,band_250k,2285
1963185,1963185.json,250199,band_250k,2285
498243,498243.json,250199,band_250k,2285
572717,572717.json,250199,band_250k,2285
5725645,5725645.json,250199,band_250k,2285
9034370,9034370.json,250199,band_250k,2285
2358964,2358964.json,250199,band_250k,2285
6192731,6192731.json,250199,band_250k,2285
52698,52698.json,250199,band_250k,2285
4368524,4368524.json,250199,band_250k,2285
733354,733354.json,250199,band_250k,2285
295575,295575.json,250199,band_250k,2285
3571098,3571098.json,250199,band_250k,2285
1411632,1411632.json,250199,band_250k,2285
2551074,2551074.json,250199,band_250k,2285
55607,55607.json,250199,band_250k,2285
5828547,5828547.json,250199,band_250k,2285
6544204,6544204.json,250199,band_250k,2285
6546083,6546083.json,250199,band_250k,2285
2070310,2070310.json,250199,band_250k,2285
236401,236401.json,250199,band_250k,2285
311883,311883.json,250199,band_250k,2285
1292065,1292065.json,250492,band_250k,2285
2073347,2073347.json,250492,band_250k,2285
2072728,2072728.json,250492,band_250k,2285
4915052,4915052.json,250492,band_250k,2285
4915018,4915018.json,250492,band_250k,2285
5222716,5222716.json,250492,band_250k,2285
6152842,6152842.json,250492,band_250k,2285
7527407,7527407.json,250492,band_250k,2285
7764773,7764773.json,250492,band_250k,2285
4817352,4817352.json,250492,band_250k,2285
983096,983096.json,250492,band_250k,2285
6870788,6870788.json,250492,band_250k,2285
6864955,6864955.json,250492,band_250k,2285
1577673,1577673.json,250492,band_250k,2285
10637581,10637581.json,250492,band_250k,2285
6172825,6172825.json,250492,band_250k,2285
1406309,1406309.json,250492,band_250k,2285
1588726,1588726.json,250492,band_250k,2285
1214627,1214627.json,250492,band_250k,2285
595026,595026.json,250492,band_250k,2285
941240,941240.json,250492,band_250k,2285
2418381,2418381.json,250492,band_250k,2285
2780634,2780634.json,250492,band_250k,2285
4248026,4248026.json,250492,band_250k,2285
223509,223509.json,250492,band_250k,2285
137027,137027.json,250492,band_250k,2285
9027507,9027507.json,250492,band_250k,2285
647435,647435.json,250492,band_250k,2285
1891577,1891577.json,250492,band_250k,2285
8105369,8105369.json,250492,band_250k,2285
5362907,5362907.json,250492,band_250k,2285
2319821,2319821.json,250492,band_250k,2285
6271672,6271672.json,250492,band_250k,2285
1855019,1855019.json,250492,band_250k,2285
3666091,3666091.json,250492,band_250k,2285
1991616,1991616.json,250492,band_250k,2285
2733436,2733436.json,250492,band_250k,2285
1591021,1591021.json,250492,band_250k,2285
8983347,8983347.json,250492,band_250k,2285
8991772,8991772.json,250492,band_250k,2285
649993,649993.json,250492,band_250k,2285
3993396,3993396.json,250492,band_250k,2285
3992495,3992495.json,250492,band_250k,2285
8423099,8423099.json,250492,band_250k,2285
9453401,9453401.json,250492,band_250k,2285
6270191,6270191.json,250492,band_250k,2285
303215,303215.json,250492,band_250k,2285
3217787,3217787.json,250492,band_250k,2285
599694,599694.json,250492,band_250k,2285
2410222,2410222.json,250492,band_250k,2285
3764400,3764400.json,250492,band_250k,2285
1451082,1451082.json,250492,band_250k,2285
4673166,4673166.json,250492,band_250k,2285
7401824,7401824.json,250492,band_250k,2285
5475296,5475296.json,250492,band_250k,2285
4339946,4339946.json,250492,band_250k,2285
5463625,5463625.json,250492,band_250k,2285
380561,380561.json,250492,band_250k,2285
420356,420356.json,250492,band_250k,2285
5652068,5652068.json,250492,band_250k,2285
1212350,1212350.json,250492,band_250k,2285
1049825,1049825.json,250492,band_250k,2285
364816,364816.json,250492,band_250k,2285
729100,729100.json,250492,band_250k,2285
2461667,2461667.json,250492,band_250k,2285
5155380,5155380.json,250492,band_250k,2285
5351497,5351497.json,250492,band_250k,2285
2109606,2109606.json,250492,band_250k,2285
2716712,2716712.json,250492,band_250k,2285
7603332,7603332.json,250492,band_250k,2285
1414278,1414278.json,250492,band_250k,2285
7382822,7382822.json,250492,band_250k,2285
403143,403143.json,250492,band_250k,2285
6732298,6732298.json,250492,band_250k,2285
7647829,7647829.json,250492,band_250k,2285
936188,936188.json,250492,band_250k,2285
1689973,1689973.json,250492,band_250k,2285
3820530,3820530.json,250492,band_250k,2285
3971946,3971946.json,250492,band_250k,2285
4257053,4257053.json,250492,band_250k,2285
7275104,7275104.json,250492,band_250k,2285
548983,548983.json,250492,band_250k,2285
4099314,4099314.json,250492,band_250k,2285
1768200,1768200.json,250492,band_250k,2285
3836045,3836045.json,250492,band_250k,2285
6922986,6922986.json,250492,band_250k,2285
209458,209458.json,250492,band_250k,2285
1178,1178.json,250492,band_250k,2285
159367,159367.json,250492,band_250k,2285
1801754,1801754.json,250492,band_250k,2285
6670933,6670933.json,250492,band_250k,2285
3364176,3364176.json,250492,band_250k,2285
1247966,1247966.json,250492,band_250k,2285
1765691,1765691.json,250492,band_250k,2285
1015548,1015548.json,250492,band_250k,2285
707109,707109.json,250492,band_250k,2285
7069411,7069411.json,250492,band_250k,2285
2574434,2574434.json,250492,band_250k,2285
410618,410618.json,250492,band_250k,2285
2258748,2258748.json,250492,band_250k,2285
478701,478701.json,250492,band_250k,2285
225460,225460.json,250492,band_250k,2285
7942340,7942340.json,250492,band_250k,2285
141,141.json,250492,band_250k,2285
8843258,8843258.json,250492,band_250k,2285
121819,121819.json,250492,band_250k,2285
6494119,6494119.json,250492,band_250k,2285
638033,638033.json,250492,band_250k,2285
2447841,2447841.json,250492,band_250k,2285
18340,18340.json,250492,band_250k,2285
1559260,1559260.json,250492,band_250k,2285
1690655,1690655.json,250492,band_250k,2285
140166,140166.json,250492,band_250k,2285
4932841,4932841.json,250492,band_250k,2285
7888836,7888836.json,250492,band_250k,2285
2519389,2519389.json,250492,band_250k,2285
2487290,2487290.json,250492,band_250k,2285
1186858,1186858.json,250492,band_250k,2285
2008164,2008164.json,250492,band_250k,2285
4696441,4696441.json,250492,band_250k,2285
1328936,1328936.json,250492,band_250k,2285
1162334,1162334.json,250492,band_250k,2285
5091336,5091336.json,250492,band_250k,2285
3740489,3740489.json,250492,band_250k,2285
5100693,5100693.json,250492,band_250k,2285
372849,372849.json,250492,band_250k,2285
154956,154956.json,250492,band_250k,2285
257664,257664.json,250492,band_250k,2285
4885425,4885425.json,250492,band_250k,2285
5305207,5305207.json,250492,band_250k,2285
175925,175925.json,250492,band_250k,2285
1628671,1628671.json,250492,band_250k,2285
5822187,5822187.json,250492,band_250k,2285
4363054,4363054.json,250492,band_250k,2285
4362107,4362107.json,250492,band_250k,2285
2899785,2899785.json,250492,band_250k,2285
718760,718760.json,250492,band_250k,2285
925685,925685.json,250492,band_250k,2285
4048814,4048814.json,250492,band_250k,2285
1757877,1757877.json,250492,band_250k,2285
3065873,3065873.json,250492,band_250k,2285
205454,205454.json,250492,band_250k,2285
7082497,7082497.json,250492,band_250k,2285
2166440,2166440.json,250492,band_250k,2285
6433437,6433437.json,250492,band_250k,2285
2480073,2480073.json,250492,band_250k,2285
292081,292081.json,250492,band_250k,2285
2175799,2175799.json,250492,band_250k,2285
2566159,2566159.json,250492,band_250k,2285
7229907,7229907.json,250492,band_250k,2285
7773874,7773874.json,250492,band_250k,2285
3494974,3494974.json,250492,band_250k,2285
4175049,4175049.json,250492,band_250k,2285
555753,555753.json,250492,band_250k,2285
1201011,1201011.json,250492,band_250k,2285
1409817,1409817.json,250492,band_250k,2285
1903813,1903813.json,250492,band_250k,2285
2948375,2948375.json,250492,band_250k,2285
315559,315559.json,250492,band_250k,2285
7461634,7461634.json,250492,band_250k,2285
3147514,3147514.json,250492,band_250k,2285
607957,607957.json,250492,band_250k,2285
1754128,1754128.json,250492,band_250k,2285
6092555,6092555.json,250492,band_250k,2285
551774,551774.json,250492,band_250k,2285
873208,873208.json,250492,band_250k,2285
6696404,6696404.json,250492,band_250k,2285
1641238,1641238.json,250492,band_250k,2285
3336087,3336087.json,250492,band_250k,2285
2437017,2437017.json,250492,band_250k,2285
5434010,5434010.json,250492,band_250k,2285
1520909,1520909.json,250492,band_250k,2285
200684,200684.json,250492,band_250k,2285
5429668,5429668.json,250492,band_250k,2285
1190768,1190768.json,250492,band_250k,2285
3940516,3940516.json,250492,band_250k,2285
974526,974526.json,250492,band_250k,2285
4929780,4929780.json,250492,band_250k,2285
4117328,4117328.json,250492,band_250k,2285
143204,143204.json,250492,band_250k,2285
6685690,6685690.json,250492,band_250k,2285
857180,857180.json,250492,band_250k,2285
2904657,2904657.json,250492,band_250k,2285
1433591,1433591.json,250492,band_250k,2285
2587733,2587733.json,250492,band_250k,2285
10398,10398.json,250492,band_250k,2285
200103,200103.json,250492,band_250k,2285
6464667,6464667.json,250492,band_250k,2285
5718525,5718525.json,250492,band_250k,2285
8760956,8760956.json,250492,band_250k,2285
3499009,3499009.json,250492,band_250k,2285
3497999,3497999.json,250492,band_250k,2285
3874267,3874267.json,250492,band_250k,2285
1130010,1130010.json,250492,band_250k,2285
5211015,5211015.json,250492,band_250k,2285
1899953,1899953.json,250492,band_250k,2285
5555262,5555262.json,250492,band_250k,2285
8823091,8823091.json,250492,band_250k,2285
1947975,1947975.json,250492,band_250k,2285
1256637,1256637.json,250492,band_250k,2285
1335410,1335410.json,250492,band_250k,2285
183081,183081.json,250492,band_250k,2285
109167,109167.json,250492,band_250k,2285
1703848,1703848.json,250492,band_250k,2285
523778,523778.json,250492,band_250k,2285
11330,11330.json,250492,band_250k,2285
26645,26645.json,250492,band_250k,2285
7503273,7503273.json,250492,band_250k,2285
5607798,5607798.json,250492,band_250k,2285
990123,990123.json,250492,band_250k,2285
6137269,6137269.json,250492,band_250k,2285
6160437,6160437.json,250492,band_250k,2285
1721898,1721898.json,250492,band_250k,2285
1717946,1717946.json,250705,band_250k,2285
311596,311596.json,250705,band_250k,2285
3900617,3900617.json,250705,band_250k,2285
1291842,1291842.json,250705,band_250k,2285
206587,206587.json,250705,band_250k,2285
8205452,8205452.json,250705,band_250k,2285
4529701,4529701.json,250705,band_250k,2285
2675330,2675330.json,250705,band_250k,2285
1561637,1561637.json,250705,band_250k,2285
4141288,4141288.json,250705,band_250k,2285
617684,617684.json,250705,band_250k,2285
2442153,2442153.json,250705,band_250k,2285
5561492,5561492.json,250705,band_250k,2285
5447111,5447111.json,250705,band_250k,2285
5447726,5447726.json,250705,band_250k,2285
4741625,4741625.json,250705,band_250k,2285
2147124,2147124.json,250705,band_250k,2285
5845231,5845231.json,250705,band_250k,2285
1257284,1257284.json,250705,band_250k,2285
370760,370760.json,250705,band_250k,2285
1530682,1530682.json,250705,band_250k,2285
2772722,2772722.json,250705,band_250k,2285
106016,106016.json,250705,band_250k,2285
3463287,3463287.json,250705,band_250k,2285
853553,853553.json,250705,band_250k,2285
801717,801717.json,250705,band_250k,2285
3728853,3728853.json,250705,band_250k,2285
297902,297902.json,250705,band_250k,2285
3689889,3689889.json,250705,band_250k,2285
1251771,1251771.json,250705,band_250k,2285
2966229,2966229.json,250705,band_250k,2285
213894,213894.json,250705,band_250k,2285
593012,593012.json,250705,band_250k,2285
7370971,7370971.json,250705,band_250k,2285
469709,469709.json,250705,band_250k,2285
5680924,5680924.json,250705,band_250k,2285
1841452,1841452.json,250705,band_250k,2285
4350668,4350668.json,250705,band_250k,2285
2981252,2981252.json,250705,band_250k,2285
1259871,1259871.json,250705,band_250k,2285
8509051,8509051.json,250705,band_250k,2285
2009083,2009083.json,250705,band_250k,2285
1166891,1166891.json,250705,band_250k,2285
7655254,7655254.json,250705,band_250k,2285
283202,283202.json,250705,band_250k,2285
358220,358220.json,250705,band_250k,2285
6494605,6494605.json,250705,band_250k,2285
7905492,7905492.json,250705,band_250k,2285
300542,300542.json,250705,band_250k,2285
1161627,1161627.json,250705,band_250k,2285
4422645,4422645.json,250705,band_250k,2285
4087619,4087619.json,250705,band_250k,2285
1541,1541.json,250705,band_250k,2285
1852234,1852234.json,250705,band_250k,2285
3270721,3270721.json,250705,band_250k,2285
4417254,4417254.json,250705,band_250k,2285
1032035,1032035.json,250705,band_250k,2285
1797444,1797444.json,250705,band_250k,2285
738053,738053.json,250705,band_250k,2285
5388940,5388940.json,250705,band_250k,2285
260715,260715.json,250705,band_250k,2285
849783,849783.json,250705,band_250k,2285
4135949,4135949.json,250705,band_250k,2285
91761,91761.json,250705,band_250k,2285
600269,600269.json,250705,band_250k,2285
1777282,1777282.json,250705,band_250k,2285
8113009,8113009.json,250705,band_250k,2285
913826,913826.json,250705,band_250k,2285
9132596,9132596.json,250705,band_250k,2285
7720524,7720524.json,250705,band_250k,2285
1342258,1342258.json,250705,band_250k,2285
840349,840349.json,250705,band_250k,2285
7418751,7418751.json,250705,band_250k,2285
9141416,9141416.json,250705,band_250k,2285
135161,135161.json,250705,band_250k,2285
3014959,3014959.json,250705,band_250k,2285
167273,167273.json,250705,band_250k,2285
1269898,1269898.json,250705,band_250k,2285
4008811,4008811.json,250705,band_250k,2285
538124,538124.json,250705,band_250k,2285
1892765,1892765.json,250705,band_250k,2285
413052,413052.json,250705,band_250k,2285
4227809,4227809.json,250705,band_250k,2285
844922,844922.json,250705,band_250k,2285
5674947,5674947.json,250705,band_250k,2285
6755936,6755936.json,250705,band_250k,2285
2219271,2219271.json,250705,band_250k,2285
222176,222176.json,250705,band_250k,2285
7410664,7410664.json,250705,band_250k,2285
2236514,2236514.json,250705,band_250k,2285
8313113,8313113.json,250705,band_250k,2285
8145669,8145669.json,250705,band_250k,2285
395960,395960.json,250705,band_250k,2285
7450192,7450192.json,250705,band_250k,2285
1692566,1692566.json,250705,band_250k,2285
234001,234001.json,250705,band_250k,2285
4623494,4623494.json,250705,band_250k,2285
4624551,4624551.json,250705,band_250k,2285
7444755,7444755.json,250705,band_250k,2285
364217,364217.json,250705,band_250k,2285
2561248,2561248.json,250705,band_250k,2285
2928088,2928088.json,250705,band_250k,2285
655765,655765.json,250705,band_250k,2285
603838,603838.json,250705,band_250k,2285
1421224,1421224.json,250705,band_250k,2285
7890296,7890296.json,250705,band_250k,2285
6568778,6568778.json,250705,band_250k,2285
4941345,4941345.json,250705,band_250k,2285
3843904,3843904.json,250705,band_250k,2285
18559,18559.json,250705,band_250k,2285
6932204,6932204.json,250705,band_250k,2285
147293,147293.json,250705,band_250k,2285
2332771,2332771.json,250705,band_250k,2285
2911771,2911771.json,250705,band_250k,2285
4832233,4832233.json,250705,band_250k,2285
517105,517105.json,250705,band_250k,2285
7579,7579.json,250705,band_250k,2285
16867,16867.json,250705,band_250k,2285
625615,625615.json,250705,band_250k,2285
949971,949971.json,250705,band_250k,2285
2039983,2039983.json,250705,band_250k,2285
271636,271636.json,250705,band_250k,2285
3392715,3392715.json,250705,band_250k,2285
3393178,3393178.json,250705,band_250k,2285
5028641,5028641.json,250705,band_250k,2285
2577563,2577563.json,250705,band_250k,2285
2508192,2508192.json,250705,band_250k,2285
896456,896456.json,250705,band_250k,2285
1002531,1002531.json,250705,band_250k,2285
521299,521299.json,250705,band_250k,2285
1480237,1480237.json,250705,band_250k,2285
4908622,4908622.json,250705,band_250k,2285
99449,99449.json,250705,band_250k,2285
3106625,3106625.json,250705,band_250k,2285
4274949,4274949.json,250705,band_250k,2285
2380069,2380069.json,250705,band_250k,2285
6183107,6183107.json,250705,band_250k,2285
6196783,6196783.json,250705,band_250k,2285
1481803,1481803.json,250705,band_250k,2285
2354658,2354658.json,250705,band_250k,2285
2358679,2358679.json,250705,band_250k,2285
1234876,1234876.json,250705,band_250k,2285
3612382,3612382.json,250705,band_250k,2285
3614772,3614772.json,250705,band_250k,2285
6197727,6197727.json,250705,band_250k,2285
3938784,3938784.json,250705,band_250k,2285
8300,8300.json,250705,band_250k,2285
5504742,5504742.json,250705,band_250k,2285
3149218,3149218.json,250705,band_250k,2285
4198,4198.json,250705,band_250k,2285
7126488,7126488.json,250705,band_250k,2285
1123014,1123014.json,250705,band_250k,2285
417552,417552.json,250705,band_250k,2285
623447,623447.json,250705,band_250k,2285
97049,97049.json,250705,band_250k,2285
62273,62273.json,250705,band_250k,2285
449625,449625.json,250705,band_250k,2285
290968,290968.json,250705,band_250k,2285
7088395,7088395.json,250705,band_250k,2285
208751,208751.json,250705,band_250k,2285
459046,459046.json,250705,band_250k,2285
526911,526911.json,250705,band_250k,2285
2170095,2170095.json,250705,band_250k,2285
1419313,1419313.json,250705,band_250k,2285
1397488,1397488.json,250705,band_250k,2285
1398066,1398066.json,250705,band_250k,2285
1762109,1762109.json,250705,band_250k,2285
60441,60441.json,250705,band_250k,2285
7262393,7262393.json,250705,band_250k,2285
50165,50165.json,250705,band_250k,2285
1420783,1420783.json,250705,band_250k,2285
3423654,3423654.json,250705,band_250k,2285
350521,350521.json,250705,band_250k,2285
4918886,4918886.json,250705,band_250k,2285
1129351,1129351.json,250879,band_250k,2285
824624,824624.json,250879,band_250k,2285
16456,16456.json,250879,band_250k,2285
801749,801749.json,250879,band_250k,2285
1436696,1436696.json,250879,band_250k,2285
2074251,2074251.json,250879,band_250k,2285
1089545,1089545.json,250879,band_250k,2285
79993,79993.json,250879,band_250k,2285
298705,298705.json,250879,band_250k,2285
850882,850882.json,250879,band_250k,2285
568527,568527.json,250879,band_250k,2285
1657688,1657688.json,250879,band_250k,2285
719484,719484.json,250879,band_250k,2285
485969,485969.json,250879,band_250k,2285
1655356,1655356.json,250879,band_250k,2285
2015357,2015357.json,250879,band_250k,2285
422655,422655.json,250879,band_250k,2285
710617,710617.json,250879,band_250k,2285
119059,119059.json,250879,band_250k,2285
1480248,1480248.json,250879,band_250k,2285
97700,97700.json,250879,band_250k,2285
1583952,1583952.json,250879,band_250k,2285
11798,11798.json,250879,band_250k,2285
504208,504208.json,250879,band_250k,2285
840197,840197.json,250879,band_250k,2285
1343419,1343419.json,250879,band_250k,2285
1597442,1597442.json,250879,band_250k,2285
227531,227531.json,250879,band_250k,2285
1415572,1415572.json,250879,band_250k,2285
433785,433785.json,250879,band_250k,2285
799504,799504.json,250879,band_250k,2285
1379502,1379502.json,250879,band_250k,2285
46645,46645.json,250879,band_250k,2285
2270771,2270771.json,250879,band_250k,2285
166913,166913.json,250879,band_250k,2285
1162146,1162146.json,250879,band_250k,2285
56934,56934.json,250879,band_250k,2285
294128,294128.json,250879,band_250k,2285
951040,951040.json,250879,band_250k,2285
135773,135773.json,250879,band_250k,2285
798231,798231.json,250879,band_250k,2285
1774717,1774717.json,250879,band_250k,2285
2112603,2112603.json,250879,band_250k,2285
38136,38136.json,250879,band_250k,2285
2333418,2333418.json,250879,band_250k,2285
74336,74336.json,250879,band_250k,2285
410455,410455.json,250879,band_250k,2285
2334645,2334645.json,250879,band_250k,2285
397136,397136.json,250879,band_250k,2285
2540,2540.json,250879,band_250k,2285
1138152,1138152.json,250879,band_250k,2285
26588,26588.json,250879,band_250k,2285
2205867,2205867.json,250879,band_250k,2285
1758054,1758054.json,250879,band_250k,2285
576747,576747.json,250879,band_250k,2285
954737,954737.json,250879,band_250k,2285
788412,788412.json,250879,band_250k,2285
1608219,1608219.json,250879,band_250k,2285
1152981,1152981.json,250879,band_250k,2285
1305311,1305311.json,250879,band_250k,2285
28147,28147.json,250879,band_250k,2285
280940,280940.json,250879,band_250k,2285
55318,55318.json,250879,band_250k,2285
890006,890006.json,250879,band_250k,2285
972699,972699.json,250879,band_250k,2285
169710,169710.json,250879,band_250k,2285
61751,61751.json,250879,band_250k,2285
1702233,1702233.json,250879,band_250k,2285
723962,723962.json,250879,band_250k,2285
17480,17480.json,250879,band_250k,2285
2354327,2354327.json,250879,band_250k,2285
1362503,1362503.json,250879,band_250k,2285
2342609,2342609.json,252015,baseline,2284
8833735,8833735.json,259103,baseline,2283
153369,153369.json,261258,baseline,2282
1281434,1281434.json,262702,baseline,2282
1105818,1105818.json,267691,baseline,2281
6520396,6520396.json,271594,baseline,2280
155478,155478.json,273790,baseline,2280
2895059,2895059.json,281418,baseline,2278
4086408,4086408.json,285990,baseline,2278
4960016,4960016.json,296426,baseline,2276
1149598,1149598.json,303059,baseline,2274
9153272,9153272.json,303410,baseline,2274
1369113,1369113.json,304898,baseline,2274
3371892,3371892.json,306714,baseline,2274
2359076,2359076.json,315899,baseline,2272
1800207,1800207.json,318620,baseline,2272
43038,43038.json,319976,baseline,2271
3700026,3700026.json,321477,baseline,2271
191860,191860.json,324585,baseline,2271
129687,129687.json,328916,baseline,2270
3589534,3589534.json,329178,baseline,2270
262700,262700.json,332055,baseline,2269
2698194,2698194.json,332055,baseline,2269
4781296,4781296.json,335876,baseline,2269
1829623,1829623.json,337053,baseline,2268
1630141,1630141.json,347212,baseline,2267
7007742,7007742.json,354285,baseline,2265
2308539,2308539.json,361715,baseline,2264
5357241,5357241.json,363130,baseline,2264
481507,481507.json,372981,baseline,2262
6360308,6360308.json,374592,baseline,2262
3671546,3671546.json,374592,baseline,2262
4040454,4040454.json,376248,baseline,2262
879110,879110.json,376914,baseline,2262
305858,305858.json,379249,baseline,2261
2896694,2896694.json,381594,baseline,2261
9169526,9169526.json,403187,baseline,2258
1217072,1217072.json,408566,baseline,2257
7669094,7669094.json,410262,baseline,2257
1672885,1672885.json,415879,baseline,2256
59487,59487.json,418209,baseline,2255
6363204,6363204.json,419123,baseline,2255
8234616,8234616.json,419978,baseline,2255
5549758,5549758.json,425078,baseline,2254
4013880,4013880.json,426009,baseline,2254
768806,768806.json,426009,baseline,2254
2726332,2726332.json,426845,baseline,2254
2030114,2030114.json,430721,baseline,2254
5533188,5533188.json,431049,baseline,2253
2363535,2363535.json,431985,baseline,2253
1567469,1567469.json,437125,baseline,2253
865902,865902.json,438029,baseline,2252
1425343,1425343.json,438440,baseline,2252
264763,264763.json,445803,baseline,2251
852265,852265.json,446695,baseline,2251
1156903,1156903.json,448285,baseline,2251
5202211,5202211.json,455362,baseline,2250
7783841,7783841.json,455362,baseline,2250
4990113,4990113.json,456864,baseline,2250
6296606,6296606.json,458066,baseline,2250
3390139,3390139.json,460947,baseline,2249
10769418,10769418.json,460947,baseline,2249
5540894,5540894.json,462468,baseline,2249
1844259,1844259.json,464522,baseline,2249
4661908,4661908.json,466016,baseline,2248
624316,624316.json,468882,baseline,2248
6619863,6619863.json,469660,baseline,2248
2919695,2919695.json,472219,baseline,2248
4080352,4080352.json,476931,baseline,2247
9344067,9344067.json,477541,baseline,2247
1325723,1325723.json,483389,baseline,2246
552001,552001.json,485932,baseline,2246
8106887,8106887.json,489831,baseline,2245
6784726,6784726.json,494766,baseline,2245
7045466,7045466.json,499606,band_500k,2244
5702042,5702042.json,499606,band_500k,2244
8633025,8633025.json,499606,band_500k,2244
8631722,8631722.json,499606,band_500k,2244
4758839,4758839.json,499606,band_500k,2244
7724489,7724489.json,499606,band_500k,2244
4832277,4832277.json,499606,band_500k,2244
6471823,6471823.json,499606,band_500k,2244
5489704,5489704.json,499606,band_500k,2244
7974202,7974202.json,499606,band_500k,2244
5021322,5021322.json,499606,band_500k,2244
7286021,7286021.json,499606,band_500k,2244
7073852,7073852.json,499606,band_500k,2244
7737709,7737709.json,499606,band_500k,2244
4976070,4976070.json,499606,band_500k,2244
8681861,8681861.json,499606,band_500k,2244
4981672,4981672.json,499606,band_500k,2244
8765254,8765254.json,499606,band_500k,2244
6676796,6676796.json,499606,band_500k,2244
8593908,8593908.json,499606,band_500k,2244
5051457,5051457.json,499606,band_500k,2244
5816089,5816089.json,499606,band_500k,2244
7326040,7326040.json,499606,band_500k,2244
4752681,4752681.json,499606,band_500k,2244
7096898,7096898.json,499606,band_500k,2244
8593520,8593520.json,499606,band_500k,2244
5046200,5046200.json,499606,band_500k,2244
8592420,8592420.json,499606,band_500k,2244
5850680,5850680.json,499606,band_500k,2244
5846214,5846214.json,499606,band_500k,2244
5071323,5071323.json,499606,band_500k,2244
7026153,7026153.json,499606,band_500k,2244
5836233,5836233.json,499606,band_500k,2244
9128310,9128310.json,499606,band_500k,2244
9113855,9113855.json,499606,band_500k,2244
5043356,5043356.json,499606,band_500k,2244
8645332,8645332.json,499606,band_500k,2244
9059783,9059783.json,499606,band_500k,2244
5736333,5736333.json,499606,band_500k,2244
4835344,4835344.json,499606,band_500k,2244
9078204,9078204.json,499606,band_500k,2244
8756843,8756843.json,499606,band_500k,2244
8703688,8703688.json,499606,band_500k,2244
7746182,7746182.json,499606,band_500k,2244
5006741,5006741.json,499606,band_500k,2244
5012444,5012444.json,499606,band_500k,2244
8694700,8694700.json,499606,band_500k,2244
9058956,9058956.json,499606,band_500k,2244
7252910,7252910.json,499606,band_500k,2244
7762061,7762061.json,499606,band_500k,2244
6450316,6450316.json,499606,band_500k,2244
8737121,8737121.json,499606,band_500k,2244
5716194,5716194.json,499606,band_500k,2244
7234595,7234595.json,499606,band_500k,2244
6846809,6846809.json,499606,band_500k,2244
7519489,7519489.json,499606,band_500k,2244
6466436,6466436.json,499606,band_500k,2244
7503716,7503716.json,499606,band_500k,2244
7520313,7520313.json,499606,band_500k,2244
6150155,6150155.json,499606,band_500k,2244
5923286,5923286.json,499606,band_500k,2244
10324550,10324550.json,499606,band_500k,2244
5917893,5917893.json,499606,band_500k,2244
9317087,9317087.json,499606,band_500k,2244
8853271,8853271.json,499606,band_500k,2244
8859857,8859857.json,499606,band_500k,2244
7363922,7363922.json,499606,band_500k,2244
8512072,8512072.json,499606,band_500k,2244
6718337,6718337.json,499606,band_500k,2244
8512191,8512191.json,499606,band_500k,2244
6992207,6992207.json,499606,band_500k,2244
8532321,8532321.json,499606,band_500k,2244
6706522,6706522.json,499606,band_500k,2244
5878761,5878761.json,499606,band_500k,2244
7675466,7675466.json,499606,band_500k,2244
5885932,5885932.json,499606,band_500k,2244
6696323,6696323.json,499606,band_500k,2244
6345708,6345708.json,499606,band_500k,2244
8015121,8015121.json,499606,band_500k,2244
6341367,6341367.json,499606,band_500k,2244
5866913,5866913.json,499606,band_500k,2244
8021632,8021632.json,499606,band_500k,2244
5445143,5445143.json,499606,band_500k,2244
5429524,5429524.json,499606,band_500k,2244
6688429,6688429.json,499606,band_500k,2244
7332216,7332216.json,499606,band_500k,2244
8822956,8822956.json,499606,band_500k,2244
6289637,6289637.json,499606,band_500k,2244
6771275,6771275.json,499606,band_500k,2244
5101355,5101355.json,499606,band_500k,2244
4420634,4420634.json,499606,band_500k,2244
5563647,5563647.json,499606,band_500k,2244
8433302,8433302.json,499606,band_500k,2244
4443156,4443156.json,499606,band_500k,2244
8419524,8419524.json,499606,band_500k,2244
7115213,7115213.json,499606,band_500k,2244
4667192,4667192.json,499606,band_500k,2244
6264300,6264300.json,499606,band_500k,2244
9459030,9459030.json,499606,band_500k,2244
7617239,7617239.json,499606,band_500k,2244
6003366,6003366.json,499606,band_500k,2244
4447547,4447547.json,499606,band_500k,2244
5334976,5334976.json,499606,band_500k,2244
6779950,6779950.json,499606,band_500k,2244
5581043,5581043.json,499606,band_500k,2244
4892472,4892472.json,499606,band_500k,2244
7615383,7615383.json,499606,band_500k,2244
6957571,6957571.json,499606,band_500k,2244
6961391,6961391.json,499606,band_500k,2244
5657307,5657307.json,499606,band_500k,2244
4632114,4632114.json,499606,band_500k,2244
6260863,6260863.json,499606,band_500k,2244
6018560,6018560.json,499606,band_500k,2244
4467699,4467699.json,499606,band_500k,2244
4471362,4471362.json,499606,band_500k,2244
5397520,5397520.json,499606,band_500k,2244
4675497,4675497.json,499606,band_500k,2244
9379814,9379814.json,499606,band_500k,2244
5138713,5138713.json,499606,band_500k,2244
4674543,4674543.json,499606,band_500k,2244
6293018,6293018.json,499606,band_500k,2244
8499603,8499603.json,499606,band_500k,2244
6729504,6729504.json,499606,band_500k,2244
5403431,5403431.json,499606,band_500k,2244
8327600,8327600.json,499606,band_500k,2244
5305594,5305594.json,499606,band_500k,2244
5654643,5654643.json,499606,band_500k,2244
6240967,6240967.json,499606,band_500k,2244
6041604,6041604.json,499606,band_500k,2244
4615815,4615815.json,499606,band_500k,2244
6247255,6247255.json,499606,band_500k,2244
4620660,4620660.json,499606,band_500k,2244
6811699,6811699.json,499606,band_500k,2244
4492457,4492457.json,499606,band_500k,2244
8901586,8901586.json,499606,band_500k,2244
4927389,4927389.json,499606,band_500k,2244
4927172,4927172.json,499606,band_500k,2244
8903436,8903436.json,499606,band_500k,2244
8153346,8153346.json,499606,band_500k,2244
8340535,8340535.json,499606,band_500k,2244
6087527,6087527.json,499606,band_500k,2244
8943729,8943729.json,499606,band_500k,2244
8170212,8170212.json,499606,band_500k,2244
7466516,7466516.json,499606,band_500k,2244
6889528,6889528.json,499606,band_500k,2244
4504845,4504845.json,499606,band_500k,2244
7548161,7548161.json,499606,band_500k,2244
7140140,7140140.json,499606,band_500k,2244
8929148,8929148.json,499606,band_500k,2244
8918393,8918393.json,499606,band_500k,2244
6539284,6539284.json,499606,band_500k,2244
7155132,7155132.json,499606,band_500k,2244
5631893,5631893.json,499606,band_500k,2244
5639220,5639220.json,499606,band_500k,2244
5281952,5281952.json,499606,band_500k,2244
6043700,6043700.json,499606,band_500k,2244
6100267,6100267.json,499606,band_500k,2244
4511422,4511422.json,499606,band_500k,2244
7495271,7495271.json,499606,band_500k,2244
6834557,6834557.json,499606,band_500k,2244
4519572,4519572.json,499606,band_500k,2244
7537858,7537858.json,499606,band_500k,2244
4571966,4571966.json,499606,band_500k,2244
6187918,6187918.json,499606,band_500k,2244
7534484,7534484.json,499606,band_500k,2244
6119942,6119942.json,499606,band_500k,2244
10024715,10024715.json,499606,band_500k,2244
8935590,8935590.json,499606,band_500k,2244
8200141,8200141.json,499606,band_500k,2244
6546459,6546459.json,499606,band_500k,2244
4565443,4565443.json,499606,band_500k,2244
5226009,5226009.json,499606,band_500k,2244
6174717,6174717.json,499606,band_500k,2244
4189680,4189680.json,500124,band_500k,2244
220585,220585.json,500124,band_500k,2244
5618226,5618226.json,500124,band_500k,2244
986514,986514.json,500124,band_500k,2244
615638,615638.json,500124,band_500k,2244
1090481,1090481.json,500124,band_500k,2244
214305,214305.json,500124,band_500k,2244
6705508,6705508.json,500124,band_500k,2244
5851535,5851535.json,500124,band_500k,2244
4724716,4724716.json,500124,band_500k,2244
5842735,5842735.json,500124,band_500k,2244
545181,545181.json,500124,band_500k,2244
7015312,7015312.json,500124,band_500k,2244
1258658,1258658.json,500124,band_500k,2244
1819819,1819819.json,500124,band_500k,2244
333761,333761.json,500124,band_500k,2244
1581690,1581690.json,500124,band_500k,2244
6538769,6538769.json,500124,band_500k,2244
287633,287633.json,500124,band_500k,2244
1399255,1399255.json,500124,band_500k,2244
4918785,4918785.json,500124,band_500k,2244
4920737,4920737.json,500124,band_500k,2244
7886772,7886772.json,500124,band_500k,2244
89256,89256.json,500124,band_500k,2244
4183654,4183654.json,500124,band_500k,2244
4184880,4184880.json,500124,band_500k,2244
1725464,1725464.json,500124,band_500k,2244
6146781,6146781.json,500124,band_500k,2244
10054139,10054139.json,500124,band_500k,2244
992814,992814.json,500124,band_500k,2244
994131,994131.json,500124,band_500k,2244
2873722,2873722.json,500124,band_500k,2244
14907,14907.json,500124,band_500k,2244
4167476,4167476.json,500124,band_500k,2244
4933141,4933141.json,500124,band_500k,2244
3494235,3494235.json,500124,band_500k,2244
6533648,6533648.json,500124,band_500k,2244
894858,894858.json,500124,band_500k,2244
2886086,2886086.json,500124,band_500k,2244
4199653,4199653.json,500124,band_500k,2244
715594,715594.json,500124,band_500k,2244
4890548,4890548.json,500124,band_500k,2244
3522861,3522861.json,500124,band_500k,2244
6553656,6553656.json,500124,band_500k,2244
4926266,4926266.json,500124,band_500k,2244
653403,653403.json,500124,band_500k,2244
563175,563175.json,500124,band_500k,2244
4195577,4195577.json,500124,band_500k,2244
1405651,1405651.json,500124,band_500k,2244
4934515,4934515.json,500124,band_500k,2244
2858691,2858691.json,500124,band_500k,2244
5580115,5580115.json,500124,band_500k,2244
1931370,1931370.json,500124,band_500k,2244
2078901,2078901.json,500124,band_500k,2244
20634,20634.json,500124,band_500k,2244
2382708,2382708.json,500124,band_500k,2244
130186,130186.json,500124,band_500k,2244
1701743,1701743.json,500124,band_500k,2244
3140865,3140865.json,500124,band_500k,2244
7543908,7543908.json,500124,band_500k,2244
1484155,1484155.json,500124,band_500k,2244
170813,170813.json,500124,band_500k,2244
7534712,7534712.json,500124,band_500k,2244
1006244,1006244.json,500124,band_500k,2244
8886352,8886352.json,500124,band_500k,2244
2857059,2857059.json,500124,band_500k,2244
7849050,7849050.json,500124,band_500k,2244
4882991,4882991.json,500124,band_500k,2244
221273,221273.json,500124,band_500k,2244
7545352,7545352.json,500124,band_500k,2244
2079700,2079700.json,500124,band_500k,2244
1142412,1142412.json,500124,band_500k,2244
4600656,4600656.json,500124,band_500k,2244
1752764,1752764.json,500124,band_500k,2244
683605,683605.json,500124,band_500k,2244
2650805,2650805.json,500124,band_500k,2244
8171093,8171093.json,500124,band_500k,2244
3490878,3490878.json,500124,band_500k,2244
157149,157149.json,500124,band_500k,2244
416529,416529.json,500124,band_500k,2244
659257,659257.json,500124,band_500k,2244
5666,5666.json,500124,band_500k,2244
1569955,1569955.json,500124,band_500k,2244
1144356,1144356.json,500124,band_500k,2244
1126801,1126801.json,500124,band_500k,2244
7463039,7463039.json,500124,band_500k,2244
3071743,3071743.json,500124,band_500k,2244
96966,96966.json,500124,band_500k,2244
4492458,4492458.json,500124,band_500k,2244
2392212,2392212.json,500124,band_500k,2244
3175559,3175559.json,500124,band_500k,2244
52939,52939.json,500124,band_500k,2244
4942452,4942452.json,500124,band_500k,2244
4162814,4162814.json,500124,band_500k,2244
3536420,3536420.json,500124,band_500k,2244
1940944,1940944.json,500124,band_500k,2244
3563247,3563247.json,500124,band_500k,2244
6494725,6494725.json,500124,band_500k,2244
1216966,1216966.json,500124,band_500k,2244
1906571,1906571.json,500124,band_500k,2244
8879457,8879457.json,500124,band_500k,2244
831955,831955.json,500124,band_500k,2244
395634,395634.json,500124,band_500k,2244
3957239,3957239.json,500124,band_500k,2244
520379,520379.json,500124,band_500k,2244
5291438,5291438.json,500124,band_500k,2244
5279912,5279912.json,500124,band_500k,2244
744988,744988.json,500124,band_500k,2244
1692812,1692812.json,500124,band_500k,2244
3542175,3542175.json,500124,band_500k,2244
6573922,6573922.json,500124,band_500k,2244
557227,557227.json,500124,band_500k,2244
3053152,3053152.json,500124,band_500k,2244
792933,792933.json,500124,band_500k,2244
218298,218298.json,500124,band_500k,2244
8821044,8821044.json,500124,band_500k,2244
1593048,1593048.json,500124,band_500k,2244
781508,781508.json,500124,band_500k,2244
2503289,2503289.json,500124,band_500k,2244
2846889,2846889.json,500124,band_500k,2244
6594249,6594249.json,500124,band_500k,2244
1476760,1476760.json,500124,band_500k,2244
1478459,1478459.json,500124,band_500k,2244
5190541,5190541.json,500124,band_500k,2244
3846659,3846659.json,500124,band_500k,2244
962867,962867.json,500124,band_500k,2244
6045527,6045527.json,500124,band_500k,2244
4955228,4955228.json,500124,band_500k,2244
4972015,4972015.json,500124,band_500k,2244
6600179,6600179.json,500124,band_500k,2244
8809339,8809339.json,500124,band_500k,2244
6490411,6490411.json,500124,band_500k,2244
648447,648447.json,500124,band_500k,2244
1375668,1375668.json,500124,band_500k,2244
719940,719940.json,500124,band_500k,2244
2225649,2225649.json,500124,band_500k,2244
5303471,5303471.json,500124,band_500k,2244
5184914,5184914.json,500124,band_500k,2244
51857,51857.json,500124,band_500k,2244
1149081,1149081.json,500124,band_500k,2244
11497,11497.json,500124,band_500k,2244
4618298,4618298.json,500124,band_500k,2244
1280667,1280667.json,500124,band_500k,2244
6029014,6029014.json,500124,band_500k,2244
3440599,3440599.json,500124,band_500k,2244
4239296,4239296.json,500124,baseline,2244
2230879,2230879.json,500124,band_500k,2244
4628588,4628588.json,500124,band_500k,2244
4631414,4631414.json,500124,band_500k,2244
759539,759539.json,500124,band_500k,2244
5317128,5317128.json,500124,band_500k,2244
5310664,5310664.json,500124,band_500k,2244
2645011,2645011.json,500124,band_500k,2244
692,692.json,500124,band_500k,2244
5312787,5312787.json,500124,band_500k,2244
6824131,6824131.json,500124,band_500k,2244
2049545,2049545.json,500124,band_500k,2244
3464780,3464780.json,500124,band_500k,2244
3451327,3451327.json,500124,band_500k,2244
1070846,1070846.json,500124,band_500k,2244
3196732,3196732.json,500124,band_500k,2244
7943614,7943614.json,500124,band_500k,2244
4975531,4975531.json,500124,band_500k,2244
2824796,2824796.json,500124,band_500k,2244
1597956,1597956.json,500124,band_500k,2244
105615,105615.json,500124,band_500k,2244
1373205,1373205.json,500124,band_500k,2244
483750,483750.json,500124,band_500k,2244
1231685,1231685.json,500124,band_500k,2244
721183,721183.json,500124,band_500k,2244
484293,484293.json,500124,band_500k,2244
3445989,3445989.json,500124,band_500k,2244
6474795,6474795.json,500124,band_500k,2244
569914,569914.json,500124,band_500k,2244
2178999,2178999.json,500124,band_500k,2244
5550796,5550796.json,500124,band_500k,2244
1959009,1959009.json,500124,band_500k,2244
5531941,5531941.json,500124,band_500k,2244
1076600,1076600.json,500124,band_500k,2244
413211,413211.json,500124,band_500k,2244
360618,360618.json,500124,band_500k,2244
1599409,1599409.json,500124,band_500k,2244
2912411,2912411.json,500124,band_500k,2244
2493814,2493814.json,500124,band_500k,2244
3444297,3444297.json,500124,band_500k,2244
3445639,3445639.json,500124,band_500k,2244
5317091,5317091.json,500124,band_500k,2244
5173720,5173720.json,500124,band_500k,2244
517710,517710.json,500124,band_500k,2244
6245543,6245543.json,500124,band_500k,2244
44727,44727.json,500124,band_500k,2244
2337263,2337263.json,500124,band_500k,2244
5536565,5536565.json,500124,band_500k,2244
795320,795320.json,500124,band_500k,2244
4986245,4986245.json,500124,band_500k,2244
1961908,1961908.json,500124,band_500k,2244
903466,903466.json,500124,band_500k,2244
24919,24919.json,500124,band_500k,2244
2491914,2491914.json,500124,band_500k,2244
343529,343529.json,500124,band_500k,2244
812347,812347.json,500124,band_500k,2244
2640359,2640359.json,500124,band_500k,2244
3193299,3193299.json,500124,band_500k,2244
3049694,3049694.json,500124,band_500k,2244
4637858,4637858.json,500124,band_500k,2244
1277009,1277009.json,500124,band_500k,2244
304148,304148.json,500124,band_500k,2244
6618244,6618244.json,500124,band_500k,2244
4276343,4276343.json,500124,band_500k,2244
905285,905285.json,500124,band_500k,2244
343451,343451.json,500124,band_500k,2244
1889419,1889419.json,500124,band_500k,2244
342956,342956.json,500124,band_500k,2244
4262390,4262390.json,500124,band_500k,2244
678314,678314.json,500124,band_500k,2244
2044512,2044512.json,500124,band_500k,2244
5164961,5164961.json,500124,band_500k,2244
6934486,6934486.json,500124,band_500k,2244
3042578,3042578.json,500124,band_500k,2244
10192447,10192447.json,500124,band_500k,2244
7589803,7589803.json,500124,band_500k,2244
4461250,4461250.json,500124,band_500k,2244
291586,291586.json,500124,band_500k,2244
571815,571815.json,500124,band_500k,2244
708266,708266.json,500124,band_500k,2244
5506897,5506897.json,500124,band_500k,2244
9082121,9082121.json,500124,band_500k,2244
4278499,4278499.json,500124,band_500k,2244
4813106,4813106.json,500124,band_500k,2244
1360276,1360276.json,500124,band_500k,2244
233244,233244.json,500124,band_500k,2244
3212635,3212635.json,500124,band_500k,2244
1773834,1773834.json,500124,band_500k,2244
5351219,5351219.json,500124,band_500k,2244
111130,111130.json,500124,band_500k,2244
2629511,2629511.json,500124,band_500k,2244
678144,678144.json,500124,band_500k,2244
5345814,5345814.json,500124,band_500k,2244
398797,398797.json,500124,band_500k,2244
36294,36294.json,500124,band_500k,2244
151075,151075.json,500124,band_500k,2244
1547947,1547947.json,500124,band_500k,2244
1420824,1420824.json,500124,band_500k,2244
7970724,7970724.json,500124,band_500k,2244
6422372,6422372.json,500124,band_500k,2244
1872026,1872026.json,500124,band_500k,2244
1872626,1872626.json,500124,band_500k,2244
4290690,4290690.json,500124,band_500k,2244
7751234,7751234.json,500124,band_500k,2244
2038080,2038080.json,500124,band_500k,2244
4647500,4647500.json,500124,band_500k,2244
9476222,9476222.json,500124,band_500k,2244
947722,947722.json,500124,band_500k,2244
9462218,9462218.json,500124,band_500k,2244
5995251,5995251.json,500124,band_500k,2244
797098,797098.json,500124,band_500k,2244
1100037,1100037.json,500124,band_500k,2244
6741398,6741398.json,500124,band_500k,2244
5132884,5132884.json,500124,band_500k,2244
3238938,3238938.json,500124,band_500k,2244
2411603,2411603.json,500124,band_500k,2244
324918,324918.json,500124,band_500k,2244
4434239,4434239.json,500124,band_500k,2244
186482,186482.json,500124,band_500k,2244
5762515,5762515.json,500124,band_500k,2244
774093,774093.json,500124,band_500k,2244
6269358,6269358.json,500124,band_500k,2244
9461774,9461774.json,500124,band_500k,2244
2034707,2034707.json,500124,band_500k,2244
1105612,1105612.json,500124,band_500k,2244
3232877,3232877.json,500124,band_500k,2244
7414984,7414984.json,500124,band_500k,2244
5136243,5136243.json,500124,band_500k,2244
5127373,5127373.json,500124,band_500k,2244
3009412,3009412.json,500124,band_500k,2244
46725,46725.json,500124,band_500k,2244
9345118,9345118.json,500124,band_500k,2244
3395609,3395609.json,500124,band_500k,2244
3397869,3397869.json,500124,band_500k,2244
5494162,5494162.json,500124,band_500k,2244
340003,340003.json,500124,band_500k,2244
1861103,1861103.json,500124,band_500k,2244
7396081,7396081.json,500124,band_500k,2244
2317534,2317534.json,500124,band_500k,2244
166976,166976.json,500124,band_500k,2244
1672674,1672674.json,500124,band_500k,2244
6751069,6751069.json,500124,band_500k,2244
2623059,2623059.json,500124,band_500k,2244
7378120,7378120.json,500124,band_500k,2244
1797751,1797751.json,500124,band_500k,2244
3276001,3276001.json,500124,band_500k,2244
8496061,8496061.json,500124,band_500k,2244
8641180,8641180.json,500124,band_500k,2244
142322,142322.json,500124,band_500k,2244
4311289,4311289.json,500124,band_500k,2244
2469672,2469672.json,500124,band_500k,2244
8479328,8479328.json,500124,band_500k,2244
8091132,8091132.json,500124,band_500k,2244
809312,809312.json,500124,band_500k,2244
674340,674340.json,500124,band_500k,2244
2023903,2023903.json,500124,band_500k,2244
76481,76481.json,500124,band_500k,2244
2744644,2744644.json,500124,band_500k,2244
850106,850106.json,500124,band_500k,2244
3382735,3382735.json,500124,band_500k,2244
640393,640393.json,500124,band_500k,2244
477639,477639.json,500124,band_500k,2244
1615561,1615561.json,500124,band_500k,2244
8498411,8498411.json,500124,band_500k,2244
8491337,8491337.json,500124,band_500k,2244
2752658,2752658.json,500124,band_500k,2244
6300820,6300820.json,500124,band_500k,2244
2302439,2302439.json,500124,band_500k,2244
6302409,6302409.json,500124,band_500k,2244
3282089,3282089.json,500124,band_500k,2244
7374255,7374255.json,500124,band_500k,2244
5387916,5387916.json,500124,band_500k,2244
5389280,5389280.json,500124,band_500k,2244
6751946,6751946.json,500124,band_500k,2244
1667037,1667037.json,500124,band_500k,2244
4765549,4765549.json,500124,band_500k,2244
1347752,1347752.json,500124,band_500k,2244
258044,258044.json,500124,band_500k,2244
4415816,4415816.json,500124,band_500k,2244
7661370,7661370.json,500124,band_500k,2244
4409635,4409635.json,500124,band_500k,2244
6319004,6319004.json,500124,band_500k,2244
275698,275698.json,500124,band_500k,2244
2132989,2132989.json,500124,band_500k,2244
3723229,3723229.json,500124,band_500k,2244
5415296,5415296.json,500124,band_500k,2244
3672202,3672202.json,500124,band_500k,2244
1855409,1855409.json,500124,band_500k,2244
431866,431866.json,500124,band_500k,2244
4318764,4318764.json,500124,band_500k,2244
1349147,1349147.json,500124,band_500k,2244
4395207,4395207.json,500124,band_500k,2244
93173,93173.json,500124,band_500k,2244
2762801,2762801.json,500124,band_500k,2244
54698,54698.json,500124,band_500k,2244
2939693,2939693.json,500124,band_500k,2244
9150386,9150386.json,500124,band_500k,2244
6384728,6384728.json,500124,band_500k,2244
154080,154080.json,500124,band_500k,2244
1541457,1541457.json,500124,band_500k,2244
1986138,1986138.json,500124,band_500k,2244
860061,860061.json,500124,band_500k,2244
7056070,7056070.json,500124,band_500k,2244
7045314,7045314.json,500124,band_500k,2244
432773,432773.json,500124,band_500k,2244
245586,245586.json,500124,band_500k,2244
771134,771134.json,500124,band_500k,2244
7670938,7670938.json,500124,band_500k,2244
5880960,5880960.json,500124,band_500k,2244
3309389,3309389.json,500124,band_500k,2244
634145,634145.json,500124,band_500k,2244
5816193,5816193.json,500124,band_500k,2244
770688,770688.json,500124,band_500k,2244
5810838,5810838.json,500124,band_500k,2244
2275775,2275775.json,500124,band_500k,2244
2452,2452.json,500124,band_500k,2244
6383348,6383348.json,500124,band_500k,2244
8520017,8520017.json,500124,band_500k,2244
2134994,2134994.json,500124,band_500k,2244
1444711,1444711.json,500124,band_500k,2244
805641,805641.json,500124,band_500k,2244
2754295,2754295.json,500124,band_500k,2244
6323489,6323489.json,500124,band_500k,2244
4736453,4736453.json,500124,band_500k,2244
1254779,1254779.json,500124,band_500k,2244
3362304,3362304.json,500124,band_500k,2244
6377,6377.json,500124,band_500k,2244
6341840,6341840.json,500124,band_500k,2244
243503,243503.json,500124,band_500k,2244
4712815,4712815.json,500124,band_500k,2244
3712984,3712984.json,500124,band_500k,2244
2597468,2597468.json,500124,band_500k,2244
8052258,8052258.json,500124,band_500k,2244
2599236,2599236.json,500124,band_500k,2244
404792,404792.json,500124,band_500k,2244
6709673,6709673.json,500124,band_500k,2244
9298834,9298834.json,500124,band_500k,2244
440175,440175.json,500124,band_500k,2244
4701435,4701435.json,500124,band_500k,2244
15255,15255.json,500124,band_500k,2244
1527100,1527100.json,500124,band_500k,2244
1999940,1999940.json,500124,band_500k,2244
1997218,1997218.json,500124,band_500k,2244
406826,406826.json,500124,band_500k,2244
854652,854652.json,500124,band_500k,2244
295548,295548.json,500124,band_500k,2244
2445015,2445015.json,500124,band_500k,2244
6367074,6367074.json,500124,band_500k,2244
8578697,8578697.json,500124,band_500k,2244
4081134,4081134.json,500124,band_500k,2244
6371230,6371230.json,500124,band_500k,2244
4743189,4743189.json,500124,band_500k,2244
4360866,4360866.json,500124,band_500k,2244
9178918,9178918.json,500124,band_500k,2244
7329626,7329626.json,500124,band_500k,2244
1394145,1394145.json,500124,band_500k,2244
2210,2210.json,500124,band_500k,2244
2673045,2673045.json,500124,band_500k,2244
3917990,3917990.json,500124,band_500k,2244
3125528,3125528.json,500124,band_500k,2244
1708642,1708642.json,500124,band_500k,2244
2359662,2359662.json,500124,band_500k,2244
4559996,4559996.json,500124,band_500k,2244
4561837,4561837.json,500124,band_500k,2244
3130375,3130375.json,500124,band_500k,2244
612550,612550.json,500124,band_500k,2244
1732598,1732598.json,500124,band_500k,2244
1706835,1706835.json,500124,band_500k,2244
827400,827400.json,500124,band_500k,2244
6842862,6842862.json,500124,band_500k,2244
2065318,2065318.json,500124,band_500k,2244
2066925,2066925.json,500124,band_500k,2244
523703,523703.json,500124,band_500k,2244
1487452,1487452.json,500124,band_500k,2244
6871294,6871294.json,500124,band_500k,2244
5240656,5240656.json,500124,band_500k,2244
113541,113541.json,500124,band_500k,2244
266492,266492.json,500124,band_500k,2244
8250964,8250964.json,500124,band_500k,2244
75037,75037.json,500124,band_500k,2244
1004107,1004107.json,500124,band_500k,2244
7861103,7861103.json,500550,band_500k,2244
6855268,6855268.json,500550,band_500k,2244
4561059,4561059.json,500550,band_500k,2244
10639440,10639440.json,500550,band_500k,2244
7134905,7134905.json,500550,band_500k,2244
787924,787924.json,500550,band_500k,2244
2529904,2529904.json,500550,band_500k,2244
8920471,8920471.json,500550,band_500k,2244
890689,890689.json,500550,band_500k,2244
6142416,6142416.json,500550,band_500k,2244
5240216,5240216.json,500550,band_500k,2244
3899134,3899134.json,500550,band_500k,2244
4480262,4480262.json,500550,band_500k,2244
1766624,1766624.json,500550,band_500k,2244
4959613,4959613.json,500550,band_500k,2244
5559225,5559225.json,500550,band_500k,2244
7157933,7157933.json,500550,band_500k,2244
2881055,2881055.json,500550,band_500k,2244
350401,350401.json,500550,band_500k,2244
1254818,1254818.json,500550,band_500k,2244
3104719,3104719.json,500550,band_500k,2244
6857310,6857310.json,500550,band_500k,2244
523079,523079.json,500550,band_500k,2244
2065922,2065922.json,500550,band_500k,2244
6854411,6854411.json,500550,band_500k,2244
562396,562396.json,500550,band_500k,2244
418949,418949.json,500550,band_500k,2244
3513864,3513864.json,500550,band_500k,2244
5615951,5615951.json,500550,band_500k,2244
1578448,1578448.json,500550,band_500k,2244
2368615,2368615.json,500550,band_500k,2244
5630423,5630423.json,500550,band_500k,2244
4389785,4389785.json,500550,band_500k,2244
4709294,4709294.json,500550,band_500k,2244
4713528,4713528.json,500550,band_500k,2244
4385034,4385034.json,500550,band_500k,2244
3713348,3713348.json,500550,band_500k,2244
200450,200450.json,500550,band_500k,2244
5444600,5444600.json,500550,band_500k,2244
152250,152250.json,500550,band_500k,2244
1807371,1807371.json,500550,band_500k,2244
47008,47008.json,500550,band_500k,2244
5876268,5876268.json,500550,band_500k,2244
296966,296966.json,500550,band_500k,2244
5861593,5861593.json,500550,band_500k,2244
506938,506938.json,500550,band_500k,2244
2590440,2590440.json,500550,band_500k,2244
472695,472695.json,500550,band_500k,2244
4584809,4584809.json,500550,band_500k,2244
686696,686696.json,500550,band_500k,2244
3092649,3092649.json,500550,band_500k,2244
6339331,6339331.json,500550,band_500k,2244
7030792,7030792.json,500550,band_500k,2244
5813727,5813727.json,500550,band_500k,2244
7325015,7325015.json,500550,band_500k,2244
1843073,1843073.json,500550,band_500k,2244
637958,637958.json,500550,band_500k,2244
4752381,4752381.json,500550,band_500k,2244
7319672,7319672.json,500550,band_500k,2244
4334395,4334395.json,500550,band_500k,2244
3364704,3364704.json,500550,band_500k,2244
8054003,8054003.json,500550,band_500k,2244
6717004,6717004.json,500550,band_500k,2244
1995,1995.json,500550,band_500k,2244
258296,258296.json,500550,band_500k,2244
858338,858338.json,500550,band_500k,2244
3375708,3375708.json,500550,band_500k,2244
3370595,3370595.json,500550,band_500k,2244
3371192,3371192.json,500550,band_500k,2244
6662316,6662316.json,500550,band_500k,2244
8606937,8606937.json,500550,band_500k,2244
2156367,2156367.json,500550,band_500k,2244
2201696,2201696.json,500550,band_500k,2244
2867438,2867438.json,500550,band_500k,2244
387322,387322.json,500550,band_500k,2244
173833,173833.json,500550,band_500k,2244
238265,238265.json,500550,band_500k,2244
7475862,7475862.json,500550,band_500k,2244
1702112,1702112.json,500550,band_500k,2244
3083311,3083311.json,500550,band_500k,2244
12031,12031.json,500550,band_500k,2244
1404707,1404707.json,500550,band_500k,2244
9359677,9359677.json,500550,band_500k,2244
4326991,4326991.json,500550,band_500k,2244
7308954,7308954.json,500550,band_500k,2244
7713117,7713117.json,500550,band_500k,2244
672007,672007.json,500550,band_500k,2244
8516327,8516327.json,500550,band_500k,2244
2757845,2757845.json,500550,band_500k,2244
4035946,4035946.json,500550,band_500k,2244
5407137,5407137.json,500550,band_500k,2244
6657125,6657125.json,500550,band_500k,2244
2934989,2934989.json,500550,band_500k,2244
1034303,1034303.json,500550,band_500k,2244
180311,180311.json,500550,band_500k,2244
70382,70382.json,500550,band_500k,2244
4031593,4031593.json,500550,band_500k,2244
2607355,2607355.json,500550,band_500k,2244
2130217,2130217.json,500550,band_500k,2244
5390666,5390666.json,500550,band_500k,2244
847286,847286.json,500550,band_500k,2244
100583,100583.json,500550,band_500k,2244
25193,25193.json,500550,band_500k,2244
3151675,3151675.json,500550,band_500k,2244
3858196,3858196.json,500550,band_500k,2244
688338,688338.json,500550,band_500k,2244
8178382,8178382.json,500550,band_500k,2244
26766,26766.json,500550,band_500k,2244
2677380,2677380.json,500550,band_500k,2244
7473249,7473249.json,500550,band_500k,2244
2213016,2213016.json,500550,band_500k,2244
3492461,3492461.json,500550,band_500k,2244
410061,410061.json,500550,band_500k,2244
1423617,1423617.json,500550,band_500k,2244
1181450,1181450.json,500550,band_500k,2244
5492708,5492708.json,500550,band_500k,2244
1049374,1049374.json,500550,band_500k,2244
7280786,7280786.json,500550,band_500k,2244
7286812,7286812.json,500550,band_500k,2244
8461271,8461271.json,500550,band_500k,2244
4313718,4313718.json,500550,band_500k,2244
373738,373738.json,500550,band_500k,2244
1516267,1516267.json,500550,band_500k,2244
375954,375954.json,500550,band_500k,2244
6302310,6302310.json,500550,band_500k,2244
5916530,5916530.json,500550,band_500k,2244
328514,328514.json,500550,band_500k,2244
3289381,3289381.json,500550,band_500k,2244
7650737,7650737.json,500550,band_500k,2244
848774,848774.json,500550,band_500k,2244
2123064,2123064.json,500550,band_500k,2244
8452356,8452356.json,500550,band_500k,2244
5947327,5947327.json,500550,band_500k,2244
166801,166801.json,500550,band_500k,2244
9379384,9379384.json,500550,band_500k,2244
3260012,3260012.json,500550,band_500k,2244
4675283,4675283.json,500550,band_500k,2244
4431664,4431664.json,500550,band_500k,2244
1096869,1096869.json,500550,band_500k,2244
242462,242462.json,500550,band_500k,2244
932704,932704.json,500550,band_500k,2244
64158,64158.json,500550,band_500k,2244
2933233,2933233.json,500550,band_500k,2244
1084724,1084724.json,500550,band_500k,2244
194234,194234.json,500550,band_500k,2244
2575504,2575504.json,500550,band_500k,2244
2470173,2470173.json,500550,band_500k,2244
2472685,2472685.json,500550,band_500k,2244
7063296,7063296.json,500550,band_500k,2244
7064622,7064622.json,500550,band_500k,2244
7974243,7974243.json,500550,band_500k,2244
19783,19783.json,500550,band_500k,2244
1978502,1978502.json,500550,band_500k,2244
549071,549071.json,500550,band_500k,2244
5777524,5777524.json,500550,band_500k,2244
5138890,5138890.json,500550,band_500k,2244
2622286,2622286.json,500550,band_500k,2244
6746804,6746804.json,500550,band_500k,2244
7645209,7645209.json,500550,band_500k,2244
2312129,2312129.json,500550,band_500k,2244
7630890,7630890.json,500550,band_500k,2244
2415398,2415398.json,500550,band_500k,2244
5958005,5958005.json,500550,band_500k,2244
3241904,3241904.json,500550,band_500k,2244
4941668,4941668.json,500550,band_500k,2244
2887100,2887100.json,500550,band_500k,2244
5650837,5650837.json,500550,band_500k,2244
1144051,1144051.json,500550,band_500k,2244
449901,449901.json,500550,band_500k,2244
316448,316448.json,500550,band_500k,2244
6077930,6077930.json,500550,band_500k,2244
3168430,3168430.json,500550,band_500k,2244
384734,384734.json,500550,band_500k,2244
7122511,7122511.json,500550,band_500k,2244
71239,71239.json,500550,band_500k,2244
5577953,5577953.json,500550,band_500k,2244
16091,16091.json,500550,band_500k,2244
4797501,4797501.json,500550,band_500k,2244
22538,22538.json,500550,band_500k,2244
1242068,1242068.json,500550,band_500k,2244
7741810,7741810.json,500550,band_500k,2244
1611852,1611852.json,500550,band_500k,2244
2115124,2115124.json,500550,band_500k,2244
6270799,6270799.json,500550,band_500k,2244
5136080,5136080.json,500550,band_500k,2244
536047,536047.json,500550,band_500k,2244
4003789,4003789.json,500550,band_500k,2244
145290,145290.json,500550,band_500k,2244
212119,212119.json,500550,band_500k,2244
6766211,6766211.json,500550,band_500k,2244
3238876,3238876.json,500550,band_500k,2244
4667003,4667003.json,500550,band_500k,2244
3234970,3234970.json,500550,band_500k,2244
741365,741365.json,500550,band_500k,2244
7616833,7616833.json,500550,band_500k,2244
8693513,8693513.json,500550,band_500k,2244
1420642,1420642.json,500550,band_500k,2244
5008678,5008678.json,500550,band_500k,2244
7757723,7757723.json,500550,band_500k,2244
1607892,1607892.json,500550,band_500k,2244
6453679,6453679.json,500550,band_500k,2244
6003054,6003054.json,500550,band_500k,2244
7080964,7080964.json,500550,band_500k,2244
3652494,3652494.json,500550,band_500k,2244
2791431,2791431.json,500550,band_500k,2244
2922490,2922490.json,500550,band_500k,2244
3415985,3415985.json,500550,band_500k,2244
576280,576280.json,500550,band_500k,2244
106156,106156.json,500550,band_500k,2244
7767377,7767377.json,500550,band_500k,2244
9479968,9479968.json,500550,band_500k,2244
4454830,4454830.json,500550,band_500k,2244
1780118,1780118.json,500550,band_500k,2244
4451110,4451110.json,500550,band_500k,2244
232278,232278.json,500550,band_500k,2244
1969049,1969049.json,500550,band_500k,2244
4117502,4117502.json,500550,band_500k,2244
7958843,7958843.json,500550,band_500k,2244
1418692,1418692.json,500550,band_500k,2244
551244,551244.json,500550,band_500k,2244
9082399,9082399.json,500550,band_500k,2244
7248246,7248246.json,500550,band_500k,2244
5973266,5973266.json,500550,band_500k,2244
5976156,5976156.json,500550,band_500k,2244
3425063,3425063.json,500550,band_500k,2244
4273699,4273699.json,500550,band_500k,2244
4277229,4277229.json,500550,band_500k,2244
2887845,2887845.json,500550,band_500k,2244
1214056,1214056.json,500550,band_500k,2244
2053703,2053703.json,500550,band_500k,2244
26472,26472.json,500550,band_500k,2244
5277762,5277762.json,500550,band_500k,2244
3170923,3170923.json,500550,band_500k,2244
7565071,7565071.json,500550,band_500k,2244
7460708,7460708.json,500550,band_500k,2244
2347419,2347419.json,500550,band_500k,2244
3545302,3545302.json,500550,band_500k,2244
4951885,4951885.json,500550,band_500k,2244
7848730,7848730.json,500550,band_500k,2244
8977384,8977384.json,500550,band_500k,2244
516513,516513.json,500550,band_500k,2244
7956075,7956075.json,500550,band_500k,2244
499046,499046.json,500550,band_500k,2244
4993980,4993980.json,500550,band_500k,2244
7243072,7243072.json,500550,band_500k,2244
1368923,1368923.json,500550,band_500k,2244
837915,837915.json,500550,band_500k,2244
1110080,1110080.json,500550,band_500k,2244
532755,532755.json,500550,band_500k,2244
2041229,2041229.json,500550,band_500k,2244
6792033,6792033.json,500550,band_500k,2244
3984367,3984367.json,500550,band_500k,2244
5344444,5344444.json,500550,band_500k,2244
3620790,3620790.json,500550,band_500k,2244
2168920,2168920.json,500550,band_500k,2244
411676,411676.json,500550,band_500k,2244
3820952,3820952.json,500550,band_500k,2244
3194994,3194994.json,500550,band_500k,2244
7429549,7429549.json,500550,band_500k,2244
1276469,1276469.json,500550,band_500k,2244
3604791,3604791.json,500550,band_500k,2244
2564472,2564472.json,500550,band_500k,2244
1598431,1598431.json,500550,band_500k,2244
343942,343942.json,500550,band_500k,2244
2047743,2047743.json,500550,band_500k,2244
2048386,2048386.json,500550,band_500k,2244
5324926,5324926.json,500550,band_500k,2244
398139,398139.json,500550,band_500k,2244
263355,263355.json,500550,band_500k,2244
146308,146308.json,500550,band_500k,2244
6938349,6938349.json,500550,band_500k,2244
5164188,5164188.json,500550,band_500k,2244
691337,691337.json,500550,band_500k,2244
835617,835617.json,500550,band_500k,2244
1314639,1314639.json,500550,band_500k,2244
320039,320039.json,500550,band_500k,2244
5321053,5321053.json,500550,band_500k,2244
4982146,4982146.json,500550,band_500k,2244
5707788,5707788.json,500550,band_500k,2244
7780631,7780631.json,500550,band_500k,2244
2231023,2231023.json,500550,band_500k,2244
484271,484271.json,500550,band_500k,2244
7213349,7213349.json,500550,band_500k,2244
5701365,5701365.json,500550,band_500k,2244
9030493,9030493.json,500550,band_500k,2244
35921,35921.json,500550,band_500k,2244
5170186,5170186.json,500550,band_500k,2244
115332,115332.json,500550,band_500k,2244
7198449,7198449.json,500550,band_500k,2244
5192815,5192815.json,500550,band_500k,2244
3477240,3477240.json,500550,band_500k,2244
38554,38554.json,500550,band_500k,2244
317793,317793.json,500550,band_500k,2244
3178482,3178482.json,500550,band_500k,2244
3178844,3178844.json,500550,band_500k,2244
746038,746038.json,500550,band_500k,2244
7570,7570.json,500550,band_500k,2244
7570167,7570167.json,500550,band_500k,2244
5562873,5562873.json,500550,band_500k,2244
5686571,5686571.json,500550,band_500k,2244
4873373,4873373.json,500550,band_500k,2244
1908611,1908611.json,500550,band_500k,2244
4871263,4871263.json,500550,band_500k,2244
71909,71909.json,500550,band_500k,2244
7812683,7812683.json,500550,band_500k,2244
7814779,7814779.json,500550,band_500k,2244
3467485,3467485.json,500550,band_500k,2244
5194358,5194358.json,500550,band_500k,2244
5194433,5194433.json,500550,band_500k,2244
3956260,3956260.json,500550,band_500k,2244
5692670,5692670.json,500550,band_500k,2244
1897235,1897235.json,500550,band_500k,2244
7804825,7804825.json,500550,band_500k,2244
5306022,5306022.json,500550,band_500k,2244
2644163,2644163.json,500550,band_500k,2244
3824750,3824750.json,500550,band_500k,2244
2703349,2703349.json,500550,band_500k,2244
1221132,1221132.json,500550,band_500k,2244
7102398,7102398.json,500550,band_500k,2244
137506,137506.json,500550,band_500k,2244
2445810,2445810.json,500550,band_500k,2244
7686462,7686462.json,500550,band_500k,2244
3355772,3355772.json,500550,band_500k,2244
2772943,2772943.json,500550,band_500k,2244
9202192,9202192.json,500550,band_500k,2244
1335429,1335429.json,500550,band_500k,2244
9262051,9262051.json,500550,band_500k,2244
7537521,7537521.json,500550,band_500k,2244
97935,97935.json,500550,band_500k,2244
6831667,6831667.json,500550,band_500k,2244
2870188,2870188.json,500550,band_500k,2244
1402940,1402940.json,500550,band_500k,2244
3529604,3529604.json,500550,band_500k,2244
3532516,3532516.json,500550,band_500k,2244
894502,894502.json,500550,band_500k,2244
288586,288586.json,500550,band_500k,2244
35269,35269.json,500550,band_500k,2244
615591,615591.json,500550,band_500k,2244
2763643,2763643.json,500550,band_500k,2244
4053683,4053683.json,500550,band_500k,2244
5444946,5444946.json,500550,band_500k,2244
163852,163852.json,500550,band_500k,2244
921561,921561.json,500550,band_500k,2244
5846371,5846371.json,500550,band_500k,2244
2957209,2957209.json,500550,band_500k,2244
4376115,4376115.json,500550,band_500k,2244
103878,103878.json,500550,band_500k,2244
4062857,4062857.json,500550,band_500k,2244
2371624,2371624.json,500550,band_500k,2244
7522479,7522479.json,500550,band_500k,2244
3107587,3107587.json,500550,band_500k,2244
405548,405548.json,500901,band_500k,2244
492486,492486.json,500901,band_500k,2244
42237,42237.json,500901,band_500k,2244
264304,264304.json,500901,band_500k,2244
194757,194757.json,500901,band_500k,2244
346564,346564.json,500901,band_500k,2244
140874,140874.json,500901,band_500k,2244
461739,461739.json,500901,band_500k,2244
422520,422520.json,500901,band_500k,2244
137656,137656.json,500901,band_500k,2244
426496,426496.json,500901,band_500k,2244
342575,342575.json,500901,band_500k,2244
106734,106734.json,500901,band_500k,2244
204890,204890.json,500901,band_500k,2244
282980,282980.json,500901,band_500k,2244
463835,463835.json,500901,band_500k,2244
53227,53227.json,500901,band_500k,2244
210956,210956.json,500901,band_500k,2244
273628,273628.json,500901,band_500k,2244
273629,273629.json,500901,band_500k,2244
32732,32732.json,500901,band_500k,2244
493941,493941.json,500901,band_500k,2244
401657,401657.json,500901,band_500k,2244
548856,548856.json,500901,band_500k,2244
201345,201345.json,500901,band_500k,2244
400331,400331.json,500901,band_500k,2244
378093,378093.json,500901,band_500k,2244
286216,286216.json,500901,band_500k,2244
2034,2034.json,500901,band_500k,2244
145566,145566.json,500901,band_500k,2244
60066,60066.json,500901,band_500k,2244
177744,177744.json,500901,band_500k,2244
247577,247577.json,500901,band_500k,2244
185824,185824.json,500901,band_500k,2244
153534,153534.json,500901,band_500k,2244
70046,70046.json,500901,band_500k,2244
12581,12581.json,500901,band_500k,2244
92398,92398.json,500901,band_500k,2244
524954,524954.json,500901,band_500k,2244
276746,276746.json,500901,band_500k,2244
78864,78864.json,500901,band_500k,2244
45723,45723.json,500901,band_500k,2244
508431,508431.json,500901,band_500k,2244
170822,170822.json,500901,band_500k,2244
372004,372004.json,500901,band_500k,2244
337513,337513.json,500901,band_500k,2244
29375,29375.json,500901,band_500k,2244
541530,541530.json,500901,band_500k,2244
192454,192454.json,500901,band_500k,2244
439525,439525.json,500901,band_500k,2244
3607489,3607489.json,503286,baseline,2243
6089807,6089807.json,511586,baseline,2242
263936,263936.json,512569,baseline,2242
9259638,9259638.json,515418,baseline,2242
847928,847928.json,516507,baseline,2242
6083380,6083380.json,518368,baseline,2241
1042274,1042274.json,518368,baseline,2241
5346645,5346645.json,528780,baseline,2240
6258767,6258767.json,535695,baseline,2239
1500902,1500902.json,543626,baseline,2238
452422,452422.json,543626,baseline,2238
2329968,2329968.json,547833,baseline,2238
4841934,4841934.json,547833,baseline,2238
86931,86931.json,549588,baseline,2237
409791,409791.json,561256,baseline,2236
2167377,2167377.json,563833,baseline,2236
5578737,5578737.json,576609,baseline,2234
4577447,4577447.json,580479,baseline,2234
432520,432520.json,581382,baseline,2234
630945,630945.json,582287,baseline,2233
3514945,3514945.json,585764,baseline,2233
734948,734948.json,588810,baseline,2233
4624636,4624636.json,590357,baseline,2232
1130790,1130790.json,599125,baseline,2231
26246,26246.json,601528,baseline,2231
2937509,2937509.json,604812,baseline,2231
47573,47573.json,605342,baseline,2231
2586951,2586951.json,607580,baseline,2230
4334435,4334435.json,608146,baseline,2230
6811,6811.json,612875,baseline,2230
7350100,7350100.json,615714,baseline,2229
6442090,6442090.json,623569,baseline,2228
3188993,3188993.json,624954,baseline,2228
2237059,2237059.json,625966,baseline,2228
54448,54448.json,628371,baseline,2228
5643799,5643799.json,632064,baseline,2227
7487221,7487221.json,634579,baseline,2227
6377460,6377460.json,637560,baseline,2227
9079217,9079217.json,640411,baseline,2227
4614227,4614227.json,641076,baseline,2226
2219825,2219825.json,648132,baseline,2226
3740037,3740037.json,659516,baseline,2224
1133462,1133462.json,660083,baseline,2224
4004486,4004486.json,669039,baseline,2223
3134273,3134273.json,679176,baseline,2222
5492067,5492067.json,680090,baseline,2222
1329188,1329188.json,680949,baseline,2222
7728010,7728010.json,685597,baseline,2221
2531029,2531029.json,688273,baseline,2221
5347477,5347477.json,692348,baseline,2221
7938747,7938747.json,693682,baseline,2221
1715159,1715159.json,696277,baseline,2220
6988845,6988845.json,697261,baseline,2220
649692,649692.json,698225,baseline,2220
1437709,1437709.json,701751,baseline,2220
1724591,1724591.json,703787,baseline,2219
1913050,1913050.json,705597,baseline,2219
1838860,1838860.json,709774,baseline,2219
8355693,8355693.json,710292,baseline,2219
1686549,1686549.json,712391,baseline,2219
5068299,5068299.json,716022,baseline,2218
583830,583830.json,716022,baseline,2218
968663,968663.json,725319,baseline,2217
1738130,1738130.json,728375,baseline,2217
2923367,2923367.json,729326,baseline,2217
3256753,3256753.json,731335,baseline,2217
1739192,1739192.json,732257,baseline,2216
472909,472909.json,734651,baseline,2216
1020481,1020481.json,735641,baseline,2216
28375,28375.json,738758,baseline,2216
2037192,2037192.json,742425,baseline,2215
5510923,5510923.json,749019,baseline,2215
4302416,4302416.json,754836,baseline,2214
1015862,1015862.json,759369,baseline,2214
675420,675420.json,760809,baseline,2213
157663,157663.json,766699,baseline,2213
6523942,6523942.json,768037,baseline,2213
7048839,7048839.json,768608,baseline,2213
5266631,5266631.json,779008,baseline,2212
3708482,3708482.json,780115,baseline,2211
5475692,5475692.json,780766,baseline,2211
5791040,5791040.json,785696,baseline,2211
1160290,1160290.json,786836,baseline,2211
1421023,1421023.json,787949,baseline,2211
5557279,5557279.json,795669,baseline,2210
6186391,6186391.json,798667,baseline,2210
4572251,4572251.json,800865,baseline,2209
3906350,3906350.json,804008,baseline,2209
1737894,1737894.json,810480,baseline,2208
5350317,5350317.json,811319,baseline,2208
7033427,7033427.json,811928,baseline,2208
3052835,3052835.json,818448,baseline,2208
10782703,10782703.json,818665,baseline,2208
4159389,4159389.json,820087,baseline,2207
628579,628579.json,823088,baseline,2207
4293692,4293692.json,831430,baseline,2206
1321325,1321325.json,837110,baseline,2206
6376563,6376563.json,841072,baseline,2205
6381685,6381685.json,841791,baseline,2205
3009070,3009070.json,842472,baseline,2205
1538025,1538025.json,845456,baseline,2205
2294775,2294775.json,847804,baseline,2205
229420,229420.json,859777,baseline,2204
3214349,3214349.json,862957,baseline,2203
434754,434754.json,862957,baseline,2203
730387,730387.json,862957,baseline,2203
6651394,6651394.json,871146,baseline,2202
4108604,4108604.json,885013,baseline,2201
1154127,1154127.json,894433,baseline,2200
5530195,5530195.json,898280,baseline,2200
2747535,2747535.json,900394,baseline,2200
4504039,4504039.json,904097,baseline,2199
981187,981187.json,904571,baseline,2199
327692,327692.json,908404,baseline,2199
1539439,1539439.json,909833,baseline,2199
6982242,6982242.json,915914,baseline,2198
6975535,6975535.json,918908,baseline,2198
7987517,7987517.json,925212,baseline,2197
2634981,2634981.json,925964,baseline,2197
7217548,7217548.json,927699,baseline,2197
1053730,1053730.json,930401,baseline,2197
4628523,4628523.json,932055,baseline,2197
7610880,7610880.json,932055,baseline,2197
4294435,4294435.json,934639,baseline,2197
4673213,4673213.json,936715,baseline,2196
6136731,6136731.json,937408,baseline,2196
4375064,4375064.json,945434,baseline,2196
1188790,1188790.json,947027,baseline,2195
4928583,4928583.json,950718,baseline,2195
771601,771601.json,951604,baseline,2195
1367377,1367377.json,954430,baseline,2195
5596151,5596151.json,958215,baseline,2194
2117144,2117144.json,965592,baseline,2194
8988194,8988194.json,968568,baseline,2193
7315832,7315832.json,972463,baseline,2193
4278118,4278118.json,979072,baseline,2192
5038572,5038572.json,981450,baseline,2192
4652513,4652513.json,989546,baseline,2192
5271131,5271131.json,994627,baseline,2191
8823995,8823995.json,996311,baseline,2191
4949910,4949910.json,998878,baseline,2191
8450510,8450510.json,999835,band_1m,2191
7959235,7959235.json,999835,band_1m,2191
6454269,6454269.json,999835,band_1m,2191
8396111,8396111.json,999835,band_1m,2191
7696500,7696500.json,999835,band_1m,2191
8295952,8295952.json,999835,band_1m,2191
6248756,6248756.json,999835,band_1m,2191
6382997,6382997.json,999835,band_1m,2191
10751376,10751376.json,999835,band_1m,2191
9031356,9031356.json,999835,band_1m,2191
5835237,5835237.json,999835,band_1m,2191
7943775,7943775.json,999835,band_1m,2191
10023857,10023857.json,999835,band_1m,2191
7052101,7052101.json,999835,band_1m,2191
6108926,6108926.json,999835,band_1m,2191
6238617,6238617.json,999835,band_1m,2191
7206240,7206240.json,999835,band_1m,2191
6772484,6772484.json,999835,band_1m,2191
6608869,6608869.json,999835,band_1m,2191
6532915,6532915.json,999835,band_1m,2191
6808392,6808392.json,999835,band_1m,2191
8552051,8552051.json,999835,band_1m,2191
5902266,5902266.json,999835,band_1m,2191
6243351,6243351.json,999835,band_1m,2191
9291466,9291466.json,999835,band_1m,2191
6935779,6935779.json,999835,band_1m,2191
8816442,8816442.json,999835,band_1m,2191
7390225,7390225.json,999835,band_1m,2191
9420230,9420230.json,999835,band_1m,2191
10209344,10209344.json,999835,band_1m,2191
7901032,7901032.json,999835,band_1m,2191
8898818,8898818.json,999835,band_1m,2191
6578757,6578757.json,999835,band_1m,2191
7894313,7894313.json,999835,band_1m,2191
7770047,7770047.json,999835,band_1m,2191
9874156,9874156.json,999835,band_1m,2191
1137114,1137114.json,999987,band_1m,2191
984269,984269.json,999987,band_1m,2191
154249,154249.json,999987,band_1m,2191
6167735,6167735.json,999987,band_1m,2191
988060,988060.json,999987,band_1m,2191
2163965,2163965.json,999987,band_1m,2191
4789997,4789997.json,999987,band_1m,2191
4547181,4547181.json,999987,band_1m,2191
674231,674231.json,999987,band_1m,2191
2247548,2247548.json,999987,band_1m,2191
573097,573097.json,999987,band_1m,2191
64508,64508.json,999987,band_1m,2191
3425140,3425140.json,999987,band_1m,2191
4785956,4785956.json,999987,band_1m,2191
1286718,1286718.json,999987,band_1m,2191
826932,826932.json,999987,band_1m,2191
2409933,2409933.json,999987,band_1m,2191
8323241,8323241.json,999987,band_1m,2191
1677346,1677346.json,999987,band_1m,2191
5580244,5580244.json,999987,band_1m,2191
264464,264464.json,999987,band_1m,2191
1273230,1273230.json,999987,band_1m,2191
3637212,3637212.json,999987,band_1m,2191
8434619,8434619.json,999987,band_1m,2191
5132642,5132642.json,999987,band_1m,2191
5790349,5790349.json,999987,band_1m,2191
4314361,4314361.json,999987,band_1m,2191
2737055,2737055.json,999987,band_1m,2191
66733,66733.json,999987,band_1m,2191
5208442,5208442.json,999987,band_1m,2191
3939872,3939872.json,999987,band_1m,2191
1126013,1126013.json,999987,band_1m,2191
1996782,1996782.json,999987,band_1m,2191
874198,874198.json,999987,band_1m,2191
2451317,2451317.json,999987,band_1m,2191
4346243,4346243.json,999987,band_1m,2191
1100468,1100468.json,999987,band_1m,2191
4339876,4339876.json,999987,band_1m,2191
680738,680738.json,999987,band_1m,2191
7638177,7638177.json,999987,band_1m,2191
178773,178773.json,999987,band_1m,2191
179449,179449.json,999987,band_1m,2191
2002249,2002249.json,999987,band_1m,2191
7871791,7871791.json,999987,band_1m,2191
4638847,4638847.json,999987,band_1m,2191
3786449,3786449.json,999987,band_1m,2191
3760536,3760536.json,999987,band_1m,2191
810794,810794.json,999987,band_1m,2191
7207004,7207004.json,999987,band_1m,2191
849671,849671.json,999987,band_1m,2191
5819266,5819266.json,999987,band_1m,2191
3684275,3684275.json,999987,band_1m,2191
258190,258190.json,999987,band_1m,2191
2652063,2652063.json,999987,band_1m,2191
5635867,5635867.json,999987,band_1m,2191
8941054,8941054.json,999987,band_1m,2191
6710370,6710370.json,999987,band_1m,2191
1504339,1504339.json,999987,band_1m,2191
351041,351041.json,999987,band_1m,2191
5612555,5612555.json,999987,band_1m,2191
5934158,5934158.json,999987,band_1m,2191
7385201,7385201.json,999987,band_1m,2191
1326389,1326389.json,999987,band_1m,2191
2340089,2340089.json,999987,band_1m,2191
2338924,2338924.json,999987,band_1m,2191
3858547,3858547.json,999987,band_1m,2191
4722814,4722814.json,999987,band_1m,2191
1824988,1824988.json,999987,band_1m,2191
5357637,5357637.json,999987,band_1m,2191
3994935,3994935.json,999987,band_1m,2191
5147621,5147621.json,999987,band_1m,2191
4738025,4738025.json,999987,band_1m,2191
6024255,6024255.json,999987,band_1m,2191
3191464,3191464.json,999987,band_1m,2191
3961569,3961569.json,999987,band_1m,2191
884106,884106.json,999987,band_1m,2191
41519,41519.json,999987,band_1m,2191
7906814,7906814.json,999987,band_1m,2191
283868,283868.json,999987,band_1m,2191
9335475,9335475.json,999987,band_1m,2191
652813,652813.json,999987,band_1m,2191
4411754,4411754.json,999987,band_1m,2191
165873,165873.json,999987,band_1m,2191
329862,329862.json,999987,band_1m,2191
2299793,2299793.json,999987,band_1m,2191
6330993,6330993.json,999987,band_1m,2191
4229378,4229378.json,999987,band_1m,2191
1211901,1211901.json,999987,band_1m,2191
7438558,7438558.json,999987,band_1m,2191
9187367,9187367.json,999987,band_1m,2191
1820140,1820140.json,999987,band_1m,2191
6989257,6989257.json,999987,band_1m,2191
4237447,4237447.json,999987,band_1m,2191
2904889,2904889.json,999987,band_1m,2191
9023742,9023742.json,999987,band_1m,2191
189793,189793.json,999987,band_1m,2191
780892,780892.json,999987,band_1m,2191
1103328,1103328.json,999987,band_1m,2191
2956358,2956358.json,999987,band_1m,2191
2834931,2834931.json,999987,band_1m,2191
1561618,1561618.json,999987,band_1m,2191
1330740,1330740.json,999987,band_1m,2191
472015,472015.json,999987,band_1m,2191
103886,103886.json,999987,band_1m,2191
3459563,3459563.json,999987,band_1m,2191
897995,897995.json,999987,band_1m,2191
6330038,6330038.json,999987,band_1m,2191
4712059,4712059.json,999987,band_1m,2191
7351371,7351371.json,999987,band_1m,2191
3590384,3590384.json,999987,band_1m,2191
7572779,7572779.json,999987,band_1m,2191
1763134,1763134.json,999987,band_1m,2191
2438482,2438482.json,999987,band_1m,2191
1645176,1645176.json,999987,band_1m,2191
315238,315238.json,999987,band_1m,2191
5040072,5040072.json,999987,band_1m,2191
2124321,2124321.json,999987,band_1m,2191
18687,18687.json,999987,band_1m,2191
9087923,9087923.json,999987,band_1m,2191
5754913,5754913.json,999987,band_1m,2191
3418349,3418349.json,999987,band_1m,2191
1785825,1785825.json,999987,band_1m,2191
5570373,5570373.json,999987,band_1m,2191
4449360,4449360.json,999987,band_1m,2191
3033243,3033243.json,999987,band_1m,2191
1299552,1299552.json,999987,band_1m,2191
238238,238238.json,999987,band_1m,2191
4575966,4575966.json,999987,band_1m,2191
3914027,3914027.json,1000115,band_1m,2191
823462,823462.json,1000115,band_1m,2191
7499975,7499975.json,1000115,band_1m,2191
455815,455815.json,1000115,band_1m,2191
3907566,3907566.json,1000115,band_1m,2191
1673118,1673118.json,1000115,band_1m,2191
9474322,9474322.json,1000115,band_1m,2191
6586501,6586501.json,1000115,band_1m,2191
7123520,7123520.json,1000115,band_1m,2191
1880392,1880392.json,1000115,band_1m,2191
341801,341801.json,1000115,band_1m,2191
2123289,2123289.json,1000115,band_1m,2191
8460742,8460742.json,1000115,band_1m,2191
2258903,2258903.json,1000115,band_1m,2191
8666710,8666710.json,1000115,band_1m,2191
754348,754348.json,1000115,band_1m,2191
61941,61941.json,1000115,band_1m,2191
752120,752120.json,1000115,band_1m,2191
164469,164469.json,1000115,band_1m,2191
2628632,2628632.json,1000115,band_1m,2191
1509138,1509138.json,1000115,band_1m,2191
635532,635532.json,1000115,band_1m,2191
2968995,2968995.json,1000115,band_1m,2191
297246,297246.json,1000115,band_1m,2191
745413,745413.json,1000115,band_1m,2191
41351,41351.json,1000115,band_1m,2191
413562,413562.json,1000115,band_1m,2191
3587927,3587927.json,1000115,band_1m,2191
3576059,3576059.json,1000115,band_1m,2191
5095616,5095616.json,1000115,band_1m,2191
1906658,1906658.json,1000115,band_1m,2191
3467263,3467263.json,1000115,band_1m,2191
1903960,1903960.json,1000115,band_1m,2191
4033211,4033211.json,1000115,band_1m,2191
3342164,3342164.json,1000115,band_1m,2191
1257780,1257780.json,1000115,band_1m,2191
768421,768421.json,1000115,band_1m,2191
6772228,6772228.json,1000115,band_1m,2191
4230686,4230686.json,1000115,band_1m,2191
5688529,5688529.json,1000115,band_1m,2191
5352264,5352264.json,1000115,band_1m,2191
1915255,1915255.json,1000115,band_1m,2191
48772,48772.json,1000115,band_1m,2191
1213619,1213619.json,1000115,band_1m,2191
3805155,3805155.json,1000115,band_1m,2191
6314645,6314645.json,1000115,band_1m,2191
1267303,1267303.json,1000115,band_1m,2191
1152731,1152731.json,1000115,band_1m,2191
1815426,1815426.json,1000115,band_1m,2191
1213028,1213028.json,1000115,band_1m,2191
2516418,2516418.json,1000115,band_1m,2191
1388199,1388199.json,1000115,band_1m,2191
8952712,8952712.json,1000115,band_1m,2191
2087375,2087375.json,1000115,band_1m,2191
5291524,5291524.json,1000115,band_1m,2191
5280444,5280444.json,1000115,band_1m,2191
1635370,1635370.json,1000115,band_1m,2191
262688,262688.json,1000115,band_1m,2191
7350039,7350039.json,1000115,band_1m,2191
8580011,8580011.json,1000115,band_1m,2191
6237296,6237296.json,1000115,band_1m,2191
2341680,2341680.json,1000115,band_1m,2191
963879,963879.json,1000115,band_1m,2191
1797029,1797029.json,1000115,band_1m,2191
3823878,3823878.json,1000115,band_1m,2191
417926,417926.json,1000115,band_1m,2191
3521798,3521798.json,1000115,band_1m,2191
1923207,1923207.json,1000115,band_1m,2191
287814,287814.json,1000115,band_1m,2191
4056920,4056920.json,1000115,band_1m,2191
4334161,4334161.json,1000115,band_1m,2191
4842960,4842960.json,1000115,band_1m,2191
4845935,4845935.json,1000115,band_1m,2191
6482457,6482457.json,1000115,band_1m,2191
2496406,2496406.json,1000115,band_1m,2191
7244127,7244127.json,1000115,band_1m,2191
5371239,5371239.json,1000115,band_1m,2191
147764,147764.json,1000115,band_1m,2191
5453985,5453985.json,1000115,band_1m,2191
5056713,5056713.json,1000115,band_1m,2191
7929119,7929119.json,1000115,band_1m,2191
7148922,7148922.json,1000115,band_1m,2191
2423031,2423031.json,1000115,band_1m,2191
9380662,9380662.json,1000115,band_1m,2191
5961599,5961599.json,1000115,band_1m,2191
443017,443017.json,1000115,band_1m,2191
7721769,7721769.json,1000115,band_1m,2191
202873,202873.json,1000115,band_1m,2191
272286,272286.json,1000115,band_1m,2191
676209,676209.json,1000115,band_1m,2191
696931,696931.json,1000115,band_1m,2191
6618069,6618069.json,1000115,band_1m,2191
70944,70944.json,1000115,band_1m,2191
3175820,3175820.json,1000115,band_1m,2191
265643,265643.json,1000115,band_1m,2191
729846,729846.json,1000115,band_1m,2191
6973768,6973768.json,1000115,band_1m,2191
5131748,5131748.json,1000115,band_1m,2191
4271064,4271064.json,1000115,band_1m,2191
6639829,6639829.json,1000115,band_1m,2191
2569821,2569821.json,1000115,band_1m,2191
662260,662260.json,1000115,band_1m,2191
1022691,1022691.json,1000115,band_1m,2191
1272990,1272990.json,1000115,band_1m,2191
5180863,5180863.json,1000115,band_1m,2191
3837949,3837949.json,1000115,band_1m,2191
5592541,5592541.json,1000115,band_1m,2191
5083664,5083664.json,1000115,band_1m,2191
2587424,2587424.json,1000115,band_1m,2191
3710991,3710991.json,1000115,band_1m,2191
4650394,4650394.json,1000115,band_1m,2191
6263208,6263208.json,1000115,band_1m,2191
873804,873804.json,1000115,band_1m,2191
3159300,3159300.json,1000115,band_1m,2191
2065701,2065701.json,1000115,band_1m,2191
6416888,6416888.json,1000115,band_1m,2191
1361947,1361947.json,1000115,band_1m,2191
5108553,5108553.json,1000115,band_1m,2191
6172282,6172282.json,1000115,band_1m,2191
6157406,6157406.json,1000115,band_1m,2191
992942,992942.json,1000115,band_1m,2191
996382,996382.json,1000115,band_1m,2191
1003282,1003282.json,1000115,band_1m,2191
6178444,6178444.json,1000115,band_1m,2191
3123134,3123134.json,1000115,band_1m,2191
549022,549022.json,1000115,band_1m,2191
154194,154194.json,1000115,band_1m,2191
82443,82443.json,1000115,band_1m,2191
7980445,7980445.json,1000115,band_1m,2191
4558825,4558825.json,1000244,band_1m,2191
428251,428251.json,1000244,band_1m,2191
4302336,4302336.json,1000244,band_1m,2191
3391498,3391498.json,1000244,band_1m,2191
1158960,1158960.json,1000244,band_1m,2191
342247,342247.json,1000244,band_1m,2191
1179930,1179930.json,1000244,band_1m,2191
866218,866218.json,1000244,band_1m,2191
8668904,8668904.json,1000244,band_1m,2191
10833045,10833045.json,1000244,band_1m,2191
3160372,3160372.json,1000244,band_1m,2191
5003676,5003676.json,1000244,band_1m,2191
4116282,4116282.json,1000244,band_1m,2191
8723348,8723348.json,1000244,band_1m,2191
1308598,1308598.json,1000244,band_1m,2191
1308733,1308733.json,1000244,band_1m,2191
6080343,6080343.json,1000244,band_1m,2191
6081218,6081218.json,1000244,band_1m,2191
911365,911365.json,1000244,band_1m,2191
262050,262050.json,1000244,band_1m,2191
2238493,2238493.json,1000244,band_1m,2191
6472944,6472944.json,1000244,band_1m,2191
2913089,2913089.json,1000244,band_1m,2191
2730285,2730285.json,1000244,band_1m,2191
2778512,2778512.json,1000244,band_1m,2191
6610966,6610966.json,1000244,band_1m,2191
8786887,8786887.json,1000244,band_1m,2191
554076,554076.json,1000244,band_1m,2191
1756818,1756818.json,1000244,band_1m,2191
3068405,3068405.json,1000244,band_1m,2191
624999,624999.json,1000244,band_1m,2191
83039,83039.json,1000244,band_1m,2191
3570831,3570831.json,1000244,band_1m,2191
1431763,1431763.json,1000244,band_1m,2191
2398989,2398989.json,1000244,band_1m,2191
3197054,3197054.json,1000244,band_1m,2191
8429314,8429314.json,1000244,band_1m,2191
1845292,1845292.json,1000244,band_1m,2191
4746255,4746255.json,1000244,band_1m,2191
5113624,5113624.json,1000244,band_1m,2191
484455,484455.json,1000244,band_1m,2191
3708596,3708596.json,1000244,band_1m,2191
598092,598092.json,1000244,band_1m,2191
5984970,5984970.json,1000244,band_1m,2191
5450465,5450465.json,1000244,band_1m,2191
4953496,4953496.json,1000244,band_1m,2191
5577760,5577760.json,1000244,band_1m,2191
5188896,5188896.json,1000244,band_1m,2191
1494828,1494828.json,1000244,band_1m,2191
9488050,9488050.json,1000244,band_1m,2191
8425682,8425682.json,1000244,band_1m,2191
2446611,2446611.json,1000244,band_1m,2191
9200581,9200581.json,1000244,band_1m,2191
5148469,5148469.json,1000244,band_1m,2191
4379576,4379576.json,1000244,band_1m,2191
7332801,7332801.json,1000244,band_1m,2191
1899407,1899407.json,1000244,band_1m,2191
2904257,2904257.json,1000244,band_1m,2191
2051320,2051320.json,1000244,band_1m,2191
5304689,5304689.json,1000244,band_1m,2191
2769253,2769253.json,1000244,band_1m,2191
4941524,4941524.json,1000244,band_1m,2191
4167201,4167201.json,1000244,band_1m,2191
10655508,10655508.json,1000244,band_1m,2191
1466628,1466628.json,1000244,band_1m,2191
2997633,2997633.json,1000244,band_1m,2191
192942,192942.json,1000244,band_1m,2191
6544634,6544634.json,1000244,band_1m,2191
679772,679772.json,1000244,band_1m,2191
2114251,2114251.json,1000244,band_1m,2191
3306567,3306567.json,1000244,band_1m,2191
250581,250581.json,1000244,band_1m,2191
1804512,1804512.json,1000244,band_1m,2191
3811072,3811072.json,1000244,band_1m,2191
3979696,3979696.json,1000244,band_1m,2191
441073,441073.json,1000244,band_1m,2191
564053,564053.json,1000244,band_1m,2191
2138081,2138081.json,1000244,band_1m,2191
7850888,7850888.json,1000244,band_1m,2191
221723,221723.json,1000244,band_1m,2191
2895468,2895468.json,1000244,band_1m,2191
4050706,4050706.json,1000244,band_1m,2191
533167,533167.json,1000244,band_1m,2191
3298629,3298629.json,1000244,band_1m,2191
6150034,6150034.json,1000244,band_1m,2191
366574,366574.json,1000244,band_1m,2191
6847707,6847707.json,1000244,band_1m,2191
4530285,4530285.json,1000244,band_1m,2191
6126373,6126373.json,1000244,band_1m,2191
1289228,1289228.json,1000244,band_1m,2191
7530688,7530688.json,1000244,band_1m,2191
1878798,1878798.json,1000244,band_1m,2191
6184449,6184449.json,1000244,band_1m,2191
5489235,5489235.json,1000244,band_1m,2191
6654112,6654112.json,1000244,band_1m,2191
3086693,3086693.json,1000244,band_1m,2191
6662674,6662674.json,1000340,band_1m,2191
118261,118261.json,1000340,band_1m,2191
2162838,2162838.json,1000340,band_1m,2191
2579205,2579205.json,1000340,band_1m,2191
458433,458433.json,1000340,band_1m,2191
4509810,4509810.json,1000340,band_1m,2191
2159684,2159684.json,1000340,band_1m,2191
5488559,5488559.json,1000340,band_1m,2191
8471780,8471780.json,1000340,band_1m,2191
4544722,4544722.json,1000340,band_1m,2191
61782,61782.json,1000340,band_1m,2191
2665032,2665032.json,1000340,band_1m,2191
6185481,6185481.json,1000340,band_1m,2191
3670681,3670681.json,1000340,band_1m,2191
1982807,1982807.json,1000340,band_1m,2191
1539619,1539619.json,1000340,band_1m,2191
837775,837775.json,1000340,band_1m,2191
5657893,5657893.json,1000340,band_1m,2191
8966977,8966977.json,1000340,band_1m,2191
2888441,2888441.json,1000340,band_1m,2191
10337,10337.json,1000340,band_1m,2191
2979259,2979259.json,1000340,band_1m,2191
6962142,6962142.json,1000340,band_1m,2191
3470824,3470824.json,1000340,band_1m,2191
2604819,2604819.json,1000340,band_1m,2191
2505180,2505180.json,1000340,band_1m,2191
766086,766086.json,1000340,band_1m,2191
695036,695036.json,1000340,band_1m,2191
3287584,3287584.json,1000340,band_1m,2191
1800710,1800710.json,1000340,band_1m,2191
73764,73764.json,1000340,band_1m,2191
532325,532325.json,1000340,band_1m,2191
7369362,7369362.json,1000340,band_1m,2191
650483,650483.json,1000340,band_1m,2191
541901,541901.json,1000340,band_1m,2191
2418526,2418526.json,1000340,band_1m,2191
2521542,2521542.json,1000340,band_1m,2191
5607727,5607727.json,1000340,band_1m,2191
327553,327553.json,1000340,band_1m,2191
8555975,8555975.json,1000340,band_1m,2191
3040441,3040441.json,1000340,band_1m,2191
602952,602952.json,1000340,band_1m,2191
6244101,6244101.json,1000340,band_1m,2191
3948702,3948702.json,1000340,band_1m,2191
2087894,2087894.json,1000340,band_1m,2191
5542020,5542020.json,1000340,band_1m,2191
545223,545223.json,1000340,band_1m,2191
830560,830560.json,1000340,band_1m,2191
956180,956180.json,1000340,band_1m,2191
3792332,3792332.json,1000340,band_1m,2191
2033070,2033070.json,1000340,band_1m,2191
599183,599183.json,1000340,band_1m,2191
4657353,4657353.json,1000340,band_1m,2191
9446986,9446986.json,1000340,band_1m,2191
2132784,2132784.json,1000340,band_1m,2191
189271,189271.json,1000340,band_1m,2191
373984,373984.json,1000340,band_1m,2191
720708,720708.json,1000340,band_1m,2191
545000,545000.json,1000340,band_1m,2191
3006654,3006654.json,1000340,band_1m,2191
27677,27677.json,1000340,band_1m,2191
209223,209223.json,1000340,band_1m,2191
301332,301332.json,1000340,band_1m,2191
4947497,4947497.json,1000340,band_1m,2191
3191317,3191317.json,1000340,band_1m,2191
7936444,7936444.json,1000340,band_1m,2191
496584,496584.json,1000340,band_1m,2191
702809,702809.json,1000340,band_1m,2191
675956,675956.json,1000340,band_1m,2191
2398972,2398972.json,1000340,band_1m,2191
8104017,8104017.json,1000340,band_1m,2191
26052,26052.json,1000340,band_1m,2191
7499078,7499078.json,1000340,band_1m,2191
3114280,3114280.json,1000340,band_1m,2191
1734626,1734626.json,1000340,band_1m,2191
2919106,2919106.json,1000340,band_1m,2191
2570739,2570739.json,1000340,band_1m,2191
6203975,6203975.json,1000340,band_1m,2191
1551361,1551361.json,1000340,band_1m,2191
7543910,7543910.json,1000340,band_1m,2191
5374946,5374946.json,1000340,band_1m,2191
4005202,4005202.json,1000340,band_1m,2191
30764,30764.json,1000340,band_1m,2191
6082707,6082707.json,1000340,band_1m,2191
238971,238971.json,1000340,band_1m,2191
6091741,6091741.json,1000340,band_1m,2191
3083797,3083797.json,1000340,band_1m,2191
1225876,1225876.json,1000340,band_1m,2191
2941084,2941084.json,1000340,band_1m,2191
2751074,2751074.json,1000340,band_1m,2191
5714158,5714158.json,1000340,band_1m,2191
1162325,1162325.json,1000340,band_1m,2191
965480,965480.json,1000340,band_1m,2191
386369,386369.json,1000340,band_1m,2191
756370,756370.json,1000340,band_1m,2191
6067007,6067007.json,1000340,band_1m,2191
1544887,1544887.json,1000340,band_1m,2191
698102,698102.json,1000340,band_1m,2191
3076929,3076929.json,1000340,band_1m,2191
6862428,6862428.json,1000340,band_1m,2191
1617868,1617868.json,1000340,band_1m,2191
7265447,7265447.json,1000340,band_1m,2191
5131486,5131486.json,1000340,band_1m,2191
2598744,2598744.json,1000443,band_1m,2191
3322023,3322023.json,1000443,band_1m,2191
2102776,2102776.json,1000443,band_1m,2191
1327973,1327973.json,1000443,band_1m,2191
1662244,1662244.json,1000443,band_1m,2191
28719,28719.json,1000443,band_1m,2191
2498486,2498486.json,1000443,band_1m,2191
9346388,9346388.json,1000443,band_1m,2191
1503908,1503908.json,1000443,band_1m,2191
4699768,4699768.json,1000443,band_1m,2191
1287293,1287293.json,1000443,band_1m,2191
979087,979087.json,1000443,band_1m,2191
2580767,2580767.json,1000443,band_1m,2191
9318917,9318917.json,1000443,band_1m,2191
121502,121502.json,1000443,band_1m,2191
2511631,2511631.json,1000443,band_1m,2191
2883936,2883936.json,1000443,band_1m,2191
5220814,5220814.json,1000443,band_1m,2191
51535,51535.json,1000443,band_1m,2191
925096,925096.json,1000443,band_1m,2191
18185,18185.json,1000443,band_1m,2191
210830,210830.json,1000443,band_1m,2191
403401,403401.json,1000443,band_1m,2191
3465634,3465634.json,1000443,band_1m,2191
103538,103538.json,1000443,band_1m,2191
6057349,6057349.json,1000443,band_1m,2191
1013335,1013335.json,1000443,band_1m,2191
8159540,8159540.json,1000443,band_1m,2191
1691632,1691632.json,1000443,band_1m,2191
2061269,2061269.json,1000443,band_1m,2191
1281717,1281717.json,1000443,band_1m,2191
7100636,7100636.json,1000443,band_1m,2191
759509,759509.json,1000443,band_1m,2191
5282881,5282881.json,1000443,band_1m,2191
3193840,3193840.json,1000443,band_1m,2191
4743376,4743376.json,1000443,band_1m,2191
1509868,1509868.json,1000443,band_1m,2191
6266054,6266054.json,1000443,band_1m,2191
5189292,5189292.json,1000443,band_1m,2191
759858,759858.json,1000443,band_1m,2191
5583834,5583834.json,1000443,band_1m,2191
2955348,2955348.json,1000443,band_1m,2191
2441162,2441162.json,1000443,band_1m,2191
1338574,1338574.json,1000443,band_1m,2191
223089,223089.json,1000443,band_1m,2191
7204142,7204142.json,1000443,band_1m,2191
6488658,6488658.json,1000443,band_1m,2191
1790183,1790183.json,1000443,band_1m,2191
6807685,6807685.json,1000443,band_1m,2191
4170305,4170305.json,1000443,band_1m,2191
853747,853747.json,1000443,band_1m,2191
302723,302723.json,1000443,band_1m,2191
3213169,3213169.json,1000443,band_1m,2191
3448519,3448519.json,1000443,band_1m,2191
4252038,4252038.json,1000443,band_1m,2191
1117697,1117697.json,1000443,band_1m,2191
4845522,4845522.json,1000443,band_1m,2191
4490521,4490521.json,1000443,band_1m,2191
6104456,6104456.json,1000443,band_1m,2191
4496416,4496416.json,1000443,band_1m,2191
8279672,8279672.json,1000443,band_1m,2191
4508323,4508323.json,1000443,band_1m,2191
2271216,2271216.json,1000443,band_1m,2191
7777174,7777174.json,1000443,band_1m,2191
122690,122690.json,1000443,band_1m,2191
4126976,4126976.json,1000443,band_1m,2191
6677846,6677846.json,1000443,band_1m,2191
449635,449635.json,1000443,band_1m,2191
1089374,1089374.json,1000443,band_1m,2191
6983715,6983715.json,1000443,band_1m,2191
5498569,5498569.json,1000443,band_1m,2191
5016725,5016725.json,1000443,band_1m,2191
860178,860178.json,1000443,band_1m,2191
4775840,4775840.json,1000443,band_1m,2191
2467950,2467950.json,1000443,band_1m,2191
2931724,2931724.json,1000443,band_1m,2191
3391629,3391629.json,1000443,band_1m,2191
3102272,3102272.json,1000443,band_1m,2191
996609,996609.json,1000521,band_1m,2191
685565,685565.json,1000521,band_1m,2191
8100596,8100596.json,1000521,band_1m,2191
341724,341724.json,1000521,band_1m,2191
5944498,5944498.json,1000521,band_1m,2191
3964079,3964079.json,1000521,band_1m,2191
5793986,5793986.json,1000521,band_1m,2191
1973857,1973857.json,1000521,band_1m,2191
1025170,1025170.json,1000521,band_1m,2191
3640643,3640643.json,1000521,band_1m,2191
6267325,6267325.json,1000521,band_1m,2191
1837960,1837960.json,1000521,band_1m,2191
2030294,2030294.json,1000521,band_1m,2191
7380213,7380213.json,1000521,band_1m,2191
893172,893172.json,1000521,band_1m,2191
1580941,1580941.json,1000521,band_1m,2191
2855134,2855134.json,1000521,band_1m,2191
3285663,3285663.json,1000521,band_1m,2191
3141205,3141205.json,1000521,band_1m,2191
257098,257098.json,1000521,band_1m,2191
5808781,5808781.json,1000521,band_1m,2191
592929,592929.json,1000521,band_1m,2191
3082507,3082507.json,1000521,band_1m,2191
1515473,1515473.json,1000521,band_1m,2191
142983,142983.json,1000521,band_1m,2191
8156970,8156970.json,1000521,band_1m,2191
426504,426504.json,1000521,band_1m,2191
23016,23016.json,1000521,band_1m,2191
1831634,1831634.json,1000521,band_1m,2191
343149,343149.json,1000521,band_1m,2191
3354344,3354344.json,1000521,band_1m,2191
9320473,9320473.json,1000521,band_1m,2191
7997635,7997635.json,1000521,band_1m,2191
128431,128431.json,1000521,band_1m,2191
848975,848975.json,1000521,band_1m,2191
5258739,5258739.json,1000521,band_1m,2191
1278892,1278892.json,1000521,band_1m,2191
2337111,2337111.json,1000521,band_1m,2191
766576,766576.json,1000521,band_1m,2191
5890469,5890469.json,1000521,band_1m,2191
3164348,3164348.json,1000521,band_1m,2191
1039842,1039842.json,1000521,band_1m,2191
634797,634797.json,1000521,band_1m,2191
290522,290522.json,1000521,band_1m,2191
2718615,2718615.json,1000521,band_1m,2191
3999810,3999810.json,1000521,band_1m,2191
1124576,1124576.json,1000521,band_1m,2191
3054499,3054499.json,1000521,band_1m,2191
3616070,3616070.json,1000521,band_1m,2191
7911332,7911332.json,1000521,band_1m,2191
6526791,6526791.json,1000521,band_1m,2191
4045687,4045687.json,1000521,band_1m,2191
1963698,1963698.json,1000521,band_1m,2191
3581346,3581346.json,1000521,band_1m,2191
5668835,5668835.json,1000521,band_1m,2191
5328668,5328668.json,1000521,band_1m,2191
437319,437319.json,1000521,band_1m,2191
3457518,3457518.json,1000521,band_1m,2191
150702,150702.json,1000521,band_1m,2191
3933671,3933671.json,1000521,band_1m,2191
9304190,9304190.json,1000521,band_1m,2191
3481781,3481781.json,1000521,band_1m,2191
4877852,4877852.json,1000521,band_1m,2191
4407275,4407275.json,1000521,band_1m,2191
1351014,1351014.json,1000521,band_1m,2191
925822,925822.json,1000521,band_1m,2191
2344780,2344780.json,1000521,band_1m,2191
234369,234369.json,1000521,band_1m,2191
555301,555301.json,1000521,band_1m,2191
4018689,4018689.json,1000521,band_1m,2191
6985033,6985033.json,1000591,band_1m,2191
621227,621227.json,1000591,band_1m,2191
1818436,1818436.json,1000591,band_1m,2191
3069583,3069583.json,1000591,band_1m,2191
239879,239879.json,1000591,band_1m,2191
3624390,3624390.json,1000591,band_1m,2191
106904,106904.json,1000591,band_1m,2191
1769984,1769984.json,1000591,band_1m,2191
5568424,5568424.json,1000591,band_1m,2191
1278604,1278604.json,1000591,band_1m,2191
2153165,2153165.json,1000591,band_1m,2191
1821711,1821711.json,1000591,band_1m,2191
2337635,2337635.json,1000591,band_1m,2191
2550669,2550669.json,1000591,band_1m,2191
3687852,3687852.json,1000591,band_1m,2191
654215,654215.json,1000591,band_1m,2191
7386584,7386584.json,1000591,band_1m,2191
114997,114997.json,1000591,band_1m,2191
2105200,2105200.json,1000591,band_1m,2191
8690293,8690293.json,1000591,band_1m,2191
1834623,1834623.json,1000591,band_1m,2191
4689454,4689454.json,1000591,band_1m,2191
1678673,1678673.json,1000591,band_1m,2191
4455320,4455320.json,1000591,band_1m,2191
1611914,1611914.json,1000591,band_1m,2191
1873900,1873900.json,1000591,band_1m,2191
2981219,2981219.json,1000591,band_1m,2191
3188831,3188831.json,1000591,band_1m,2191
2377414,2377414.json,1000591,band_1m,2191
2579096,2579096.json,1000591,band_1m,2191
365339,365339.json,1000591,band_1m,2191
2259432,2259432.json,1000591,band_1m,2191
9098865,9098865.json,1000591,band_1m,2191
261336,261336.json,1000591,band_1m,2191
2966007,2966007.json,1000591,band_1m,2191
7189472,7189472.json,1000591,band_1m,2191
6042766,6042766.json,1000591,band_1m,2191
7957877,7957877.json,1000591,band_1m,2191
4699973,4699973.json,1000591,band_1m,2191
195444,195444.json,1000591,band_1m,2191
217924,217924.json,1000591,band_1m,2191
7594196,7594196.json,1000591,band_1m,2191
3291169,3291169.json,1000591,band_1m,2191
6318858,6318858.json,1000591,band_1m,2191
2448768,2448768.json,1000591,band_1m,2191
4194724,4194724.json,1000591,band_1m,2191
4632152,4632152.json,1000591,band_1m,2191
3282030,3282030.json,1000591,band_1m,2191
2131549,2131549.json,1000591,band_1m,2191
3895885,3895885.json,1000591,band_1m,2191
3271112,3271112.json,1000591,band_1m,2191
6543958,6543958.json,1000591,band_1m,2191
7884323,7884323.json,1000591,band_1m,2191
1208446,1208446.json,1000591,band_1m,2191
1569128,1569128.json,1000591,band_1m,2191
559872,559872.json,1000591,band_1m,2191
6644926,6644926.json,1000647,band_1m,2191
8206989,8206989.json,1000647,band_1m,2191
3737429,3737429.json,1000647,band_1m,2191
1642308,1642308.json,1000647,band_1m,2191
4035906,4035906.json,1000647,band_1m,2191
6213814,6213814.json,1000647,band_1m,2191
6016999,6016999.json,1000647,band_1m,2191
2241968,2241968.json,1000647,band_1m,2191
551037,551037.json,1000647,band_1m,2191
508056,508056.json,1000647,band_1m,2191
2276471,2276471.json,1000647,band_1m,2191
182516,182516.json,1000647,band_1m,2191
6371501,6371501.json,1000647,band_1m,2191
5515312,5515312.json,1000647,band_1m,2191
498865,498865.json,1000647,band_1m,2191
5522601,5522601.json,1000647,band_1m,2191
3513347,3513347.json,1000647,band_1m,2191
301255,301255.json,1000647,band_1m,2191
6916390,6916390.json,1000647,band_1m,2191
7017808,7017808.json,1000647,band_1m,2191
3835486,3835486.json,1000647,band_1m,2191
4546567,4546567.json,1000647,band_1m,2191
2879743,2879743.json,1000647,band_1m,2191
3504208,3504208.json,1000647,band_1m,2191
2303912,2303912.json,1000647,band_1m,2191
5730446,5730446.json,1000647,band_1m,2191
680885,680885.json,1000647,band_1m,2191
1992347,1992347.json,1000647,band_1m,2191
2520711,2520711.json,1000647,band_1m,2191
1661860,1661860.json,1000647,band_1m,2191
743397,743397.json,1000647,band_1m,2191
1601428,1601428.json,1000647,band_1m,2191
5722689,5722689.json,1000647,band_1m,2191
4740178,4740178.json,1000647,band_1m,2191
6046068,6046068.json,1000647,band_1m,2191
6503291,6503291.json,1000647,band_1m,2191
138127,138127.json,1000647,band_1m,2191
5204054,5204054.json,1000647,band_1m,2191
357357,357357.json,1000647,band_1m,2191
275449,275449.json,1000647,band_1m,2191
4487846,4487846.json,1000647,band_1m,2191
5866781,5866781.json,1000647,band_1m,2191
36601,36601.json,1000647,band_1m,2191
2897511,2897511.json,1000647,band_1m,2191
1707,1707.json,1000647,band_1m,2191
3095585,3095585.json,1000647,band_1m,2191
5480854,5480854.json,1000647,band_1m,2191
1421743,1421743.json,1000647,band_1m,2191
5970194,5970194.json,1000647,band_1m,2191
1247911,1247911.json,1000647,band_1m,2191
5771671,5771671.json,1000697,band_1m,2191
4078780,4078780.json,1000697,band_1m,2191
4967135,4967135.json,1000697,band_1m,2191
509289,509289.json,1000697,band_1m,2191
7938283,7938283.json,1000697,band_1m,2191
766646,766646.json,1000697,band_1m,2191
260418,260418.json,1000697,band_1m,2191
8002031,8002031.json,1000697,band_1m,2191
3337031,3337031.json,1000697,band_1m,2191
233849,233849.json,1000697,band_1m,2191
5845891,5845891.json,1000697,band_1m,2191
902270,902270.json,1000697,band_1m,2191
2772648,2772648.json,1000697,band_1m,2191
15329,15329.json,1000697,band_1m,2191
3354318,3354318.json,1000697,band_1m,2191
7544114,7544114.json,1000697,band_1m,2191
5320118,5320118.json,1000697,band_1m,2191
4121729,4121729.json,1000697,band_1m,2191
3141901,3141901.json,1000697,band_1m,2191
6703947,6703947.json,1000697,band_1m,2191
5653120,5653120.json,1000697,band_1m,2191
5060276,5060276.json,1000697,band_1m,2191
3085069,3085069.json,1000697,band_1m,2191
2158193,2158193.json,1000697,band_1m,2191
8896065,8896065.json,1000697,band_1m,2191
889149,889149.json,1000697,band_1m,2191
3085873,3085873.json,1000697,band_1m,2191
2528099,2528099.json,1000697,band_1m,2191
1122908,1122908.json,1000697,band_1m,2191
1395893,1395893.json,1000697,band_1m,2191
917660,917660.json,1000697,band_1m,2191
1991824,1991824.json,1000697,band_1m,2191
6436480,6436480.json,1000697,band_1m,2191
915395,915395.json,1000697,band_1m,2191
908388,908388.json,1000697,band_1m,2191
3863418,3863418.json,1000732,band_1m,2191
1818727,1818727.json,1000732,band_1m,2191
1312280,1312280.json,1000732,band_1m,2191
10195910,10195910.json,1000732,band_1m,2191
4731116,4731116.json,1000732,band_1m,2191
947412,947412.json,1000732,band_1m,2191
2329350,2329350.json,1000732,baseline,2191
933824,933824.json,1000732,band_1m,2191
5513320,5513320.json,1000732,band_1m,2191
8941790,8941790.json,1000732,band_1m,2191
1510442,1510442.json,1000732,band_1m,2191
1407792,1407792.json,1000732,band_1m,2191
3037373,3037373.json,1000732,band_1m,2191
1555145,1555145.json,1000732,band_1m,2191
1057418,1057418.json,1000732,band_1m,2191
5106013,5106013.json,1000732,band_1m,2191
1260745,1260745.json,1000732,band_1m,2191
1019257,1019257.json,1000732,band_1m,2191
657294,657294.json,1000732,band_1m,2191
1408634,1408634.json,1000732,band_1m,2191
6330665,6330665.json,1000732,band_1m,2191
8799314,8799314.json,1000732,band_1m,2191
89800,89800.json,1000732,band_1m,2191
533194,533194.json,1000732,band_1m,2191
3190525,3190525.json,1000732,band_1m,2191
2285031,2285031.json,1000732,band_1m,2191
5097073,5097073.json,1000732,band_1m,2191
1860575,1860575.json,1000732,band_1m,2191
2127603,2127603.json,1000732,band_1m,2191
451115,451115.json,1000732,band_1m,2191
3486570,3486570.json,1000732,band_1m,2191
2527363,2527363.json,1000732,band_1m,2191
1152628,1152628.json,1000732,band_1m,2191
3817124,3817124.json,1000732,band_1m,2191
3816552,3816552.json,1000732,band_1m,2191
652824,652824.json,1000732,band_1m,2191
1671458,1671458.json,1000732,band_1m,2191
4753335,4753335.json,1000732,band_1m,2191
4342769,4342769.json,1000732,band_1m,2191
5393733,5393733.json,1000732,band_1m,2191
494061,494061.json,1000732,band_1m,2191
9434783,9434783.json,1000732,band_1m,2191
2196436,2196436.json,1000732,band_1m,2191
9431508,9431508.json,1000732,band_1m,2191
3375653,3375653.json,1000732,band_1m,2191
9355559,9355559.json,1000732,band_1m,2191
1365437,1365437.json,1000732,band_1m,2191
851037,851037.json,1000732,band_1m,2191
3661594,3661594.json,1000732,band_1m,2191
8534236,8534236.json,1000732,band_1m,2191
3660448,3660448.json,1000732,band_1m,2191
3131623,3131623.json,1000732,band_1m,2191
6320990,6320990.json,1000732,band_1m,2191
1033312,1033312.json,1000732,band_1m,2191
2340654,2340654.json,1000732,band_1m,2191
771718,771718.json,1000732,band_1m,2191
36323,36323.json,1000788,band_1m,2191
1254912,1254912.json,1000788,band_1m,2191
1890300,1890300.json,1000788,band_1m,2191
4506187,4506187.json,1000788,band_1m,2191
3289907,3289907.json,1000788,band_1m,2191
1620308,1620308.json,1000788,band_1m,2191
10224249,10224249.json,1000788,band_1m,2191
1391498,1391498.json,1000788,band_1m,2191
1790002,1790002.json,1000788,band_1m,2191
2141580,2141580.json,1000788,band_1m,2191
7756788,7756788.json,1000788,band_1m,2191
1298318,1298318.json,1000788,band_1m,2191
4511206,4511206.json,1000788,band_1m,2191
280967,280967.json,1000788,band_1m,2191
4116273,4116273.json,1000788,band_1m,2191
2683859,2683859.json,1000788,band_1m,2191
2908904,2908904.json,1000788,band_1m,2191
2912665,2912665.json,1000788,band_1m,2191
8322537,8322537.json,1000788,band_1m,2191
53254,53254.json,1000788,band_1m,2191
3334321,3334321.json,1000788,band_1m,2191
1443749,1443749.json,1000788,band_1m,2191
4229128,4229128.json,1000788,band_1m,2191
8118006,8118006.json,1000788,band_1m,2191
8974154,8974154.json,1000788,band_1m,2191
880018,880018.json,1000788,band_1m,2191
6175137,6175137.json,1000788,band_1m,2191
451991,451991.json,1000788,band_1m,2191
4778469,4778469.json,1000788,band_1m,2191
4209890,4209890.json,1000788,band_1m,2191
7935198,7935198.json,1000788,band_1m,2191
8817764,8817764.json,1000788,band_1m,2191
510070,510070.json,1000788,band_1m,2191
4413350,4413350.json,1000788,band_1m,2191
4154779,4154779.json,1000822,band_1m,2191
3878921,3878921.json,1000822,band_1m,2191
6038784,6038784.json,1000822,band_1m,2191
5258257,5258257.json,1000822,band_1m,2191
6929353,6929353.json,1000822,band_1m,2191
2941826,2941826.json,1000822,band_1m,2191
3422475,3422475.json,1000822,band_1m,2191
4901543,4901543.json,1000822,band_1m,2191
1569780,1569780.json,1000822,band_1m,2191
3974745,3974745.json,1000822,band_1m,2191
3135661,3135661.json,1000822,band_1m,2191
941634,941634.json,1000822,band_1m,2191
572150,572150.json,1000822,band_1m,2191
711408,711408.json,1000822,band_1m,2191
1917627,1917627.json,1000822,band_1m,2191
5438128,5438128.json,1000822,band_1m,2191
1494933,1494933.json,1000822,band_1m,2191
240839,240839.json,1000822,band_1m,2191
714790,714790.json,1000822,band_1m,2191
1743322,1743322.json,1000822,band_1m,2191
8008946,8008946.json,1000822,band_1m,2191
6366914,6366914.json,1000822,band_1m,2191
3855400,3855400.json,1000822,band_1m,2191
1545658,1545658.json,1000822,band_1m,2191
985989,985989.json,1000822,band_1m,2191
1272704,1272704.json,1000822,band_1m,2191
4871272,4871272.json,1000822,band_1m,2191
6590649,6590649.json,1000822,band_1m,2191
166242,166242.json,1000822,band_1m,2191
8898372,8898372.json,1000822,band_1m,2191
3391926,3391926.json,1000852,band_1m,2191
5849864,5849864.json,1000852,band_1m,2191
1650538,1650538.json,1000852,band_1m,2191
726088,726088.json,1000852,band_1m,2191
1427609,1427609.json,1000852,band_1m,2191
2572714,2572714.json,1000852,band_1m,2191
103178,103178.json,1000852,band_1m,2191
3361438,3361438.json,1000852,band_1m,2191
1430893,1430893.json,1000852,band_1m,2191
684046,684046.json,1000852,band_1m,2191
5339676,5339676.json,1000852,band_1m,2191
2167796,2167796.json,1000852,band_1m,2191
81670,81670.json,1000852,band_1m,2191
11926,11926.json,1000852,band_1m,2191
6275585,6275585.json,1000852,band_1m,2191
655357,655357.json,1000852,band_1m,2191
5994750,5994750.json,1000852,band_1m,2191
1538369,1538369.json,1000852,band_1m,2191
2317588,2317588.json,1000852,band_1m,2191
4003396,4003396.json,1000852,band_1m,2191
6440554,6440554.json,1000852,band_1m,2191
4524823,4524823.json,1000852,band_1m,2191
7715925,7715925.json,1000852,band_1m,2191
726052,726052.json,1000852,band_1m,2191
148874,148874.json,1000876,band_1m,2191
713398,713398.json,1000876,band_1m,2191
245726,245726.json,1000876,band_1m,2191
3244363,3244363.json,1000876,band_1m,2191
2046868,2046868.json,1000876,band_1m,2191
5613146,5613146.json,1000876,band_1m,2191
867555,867555.json,1000876,band_1m,2191
808207,808207.json,1000876,band_1m,2191
4762086,4762086.json,1000876,band_1m,2191
5088122,5088122.json,1000876,band_1m,2191
8418435,8418435.json,1000876,band_1m,2191
2910232,2910232.json,1000876,band_1m,2191
973885,973885.json,1000876,band_1m,2191
2851005,2851005.json,1000876,band_1m,2191
1892937,1892937.json,1000876,band_1m,2191
2719839,2719839.json,1000876,band_1m,2191
1725442,1725442.json,1000876,band_1m,2191
279069,279069.json,1000876,band_1m,2191
1293869,1293869.json,1000876,band_1m,2191
3096677,3096677.json,1000876,band_1m,2191
8742176,8742176.json,1000876,band_1m,2191
6492332,6492332.json,1000876,band_1m,2191
2163396,2163396.json,1000876,band_1m,2191
840066,840066.json,1000899,band_1m,2191
1681904,1681904.json,1000899,band_1m,2191
573590,573590.json,1000899,band_1m,2191
4200166,4200166.json,1000899,band_1m,2191
4445422,4445422.json,1000899,band_1m,2191
2122505,2122505.json,1000899,band_1m,2191
842341,842341.json,1000899,band_1m,2191
8237071,8237071.json,1000899,band_1m,2191
65603,65603.json,1000899,band_1m,2191
5104590,5104590.json,1000899,band_1m,2191
778546,778546.json,1000899,band_1m,2191
3446896,3446896.json,1000899,band_1m,2191
1758038,1758038.json,1000899,band_1m,2191
4387664,4387664.json,1000899,band_1m,2191
7194511,7194511.json,1000899,band_1m,2191
297458,297458.json,1000899,band_1m,2191
3884729,3884729.json,1000899,band_1m,2191
4774760,4774760.json,1000899,band_1m,2191
503540,503540.json,1000899,band_1m,2191
4967801,4967801.json,1000918,band_1m,2191
3174393,3174393.json,1000918,band_1m,2191
1950087,1950087.json,1000918,band_1m,2191
5355452,5355452.json,1000918,band_1m,2191
1574033,1574033.json,1000918,band_1m,2191
6664825,6664825.json,1000918,band_1m,2191
7734099,7734099.json,1000918,band_1m,2191
592924,592924.json,1000918,band_1m,2191
6457441,6457441.json,1000918,band_1m,2191
6101343,6101343.json,1000918,band_1m,2191
905663,905663.json,1000918,band_1m,2191
305862,305862.json,1000918,band_1m,2191
90143,90143.json,1000930,band_1m,2191
4605891,4605891.json,1000930,band_1m,2191
5823599,5823599.json,1000930,band_1m,2191
1824417,1824417.json,1000930,band_1m,2191
2821255,2821255.json,1000930,band_1m,2191
342468,342468.json,1000930,band_1m,2191
5251608,5251608.json,1000930,band_1m,2191
5644083,5644083.json,1000930,band_1m,2191
3970087,3970087.json,1000930,band_1m,2191
5247000,5247000.json,1000930,band_1m,2191
5783771,5783771.json,1000940,band_1m,2191
1607935,1607935.json,1000940,band_1m,2191
102123,102123.json,1000940,band_1m,2191
3267019,3267019.json,1000940,band_1m,2191
4653104,4653104.json,1000940,band_1m,2191
70451,70451.json,1000940,band_1m,2191
5084205,5084205.json,1000940,band_1m,2191
6766147,6766147.json,1000940,band_1m,2191
6233273,6233273.json,1000940,band_1m,2191
6664841,6664841.json,1000940,band_1m,2191
4380495,4380495.json,1000940,band_1m,2191
1736474,1736474.json,1004869,baseline,2190
7377996,7377996.json,1012505,baseline,2189
1347468,1347468.json,1017283,baseline,2189
701772,701772.json,1019027,baseline,2189
4234875,4234875.json,1021773,baseline,2189
5244265,5244265.json,1024951,baseline,2188
3860618,3860618.json,1025278,baseline,2188
2194790,2194790.json,1029537,baseline,2188
1275010,1275010.json,1033465,baseline,2188
1324870,1324870.json,1043129,baseline,2187
1240930,1240930.json,1044960,baseline,2187
2055577,2055577.json,1045555,baseline,2187
6073293,6073293.json,1055107,baseline,2186
4651900,4651900.json,1056217,baseline,2186
2545557,2545557.json,1056515,baseline,2186
4382464,4382464.json,1061053,baseline,2185
1620083,1620083.json,1061053,baseline,2185
4673600,4673600.json,1067209,baseline,2185
170308,170308.json,1067552,baseline,2185
1455219,1455219.json,1078242,baseline,2184
3084978,3084978.json,1079034,baseline,2184
6402510,6402510.json,1082173,baseline,2183
1244713,1244713.json,1086531,baseline,2183
1538699,1538699.json,1091430,baseline,2183
4791185,4791185.json,1100922,baseline,2182
9207408,9207408.json,1102010,baseline,2182
2240913,2240913.json,1102440,baseline,2182
10375339,10375339.json,1104117,baseline,2182
4398339,4398339.json,1105483,baseline,2181
7519122,7519122.json,1111391,baseline,2181
1564142,1564142.json,1113481,baseline,2181
1096281,1096281.json,1113481,baseline,2181
3265775,3265775.json,1114018,baseline,2181
7441742,7441742.json,1117253,baseline,2180
7043504,7043504.json,1121307,baseline,2180
2650392,2650392.json,1127243,baseline,2180
567469,567469.json,1128688,baseline,2180
5279419,5279419.json,1129118,baseline,2179
5242023,5242023.json,1131423,baseline,2179
5615942,5615942.json,1132203,baseline,2179
559764,559764.json,1132203,baseline,2179
5069910,5069910.json,1136867,baseline,2179
1044646,1044646.json,1139548,baseline,2179
2574266,2574266.json,1153105,baseline,2177
348051,348051.json,1173631,baseline,2176
710602,710602.json,1175535,baseline,2176
9361070,9361070.json,1176296,baseline,2176
9422944,9422944.json,1180638,baseline,2175
1832518,1832518.json,1182982,baseline,2175
1294616,1294616.json,1196331,baseline,2174
4161540,4161540.json,1202812,baseline,2173
3280755,3280755.json,1204154,baseline,2173
110937,110937.json,1205421,baseline,2173
4456273,4456273.json,1217188,baseline,2172
6120869,6120869.json,1217963,baseline,2172
5147357,5147357.json,1219175,baseline,2172
9020009,9020009.json,1220243,baseline,2172
2395442,2395442.json,1220243,baseline,2172
848567,848567.json,1223336,baseline,2172
615676,615676.json,1229777,baseline,2171
1290797,1290797.json,1230542,baseline,2171
5049102,5049102.json,1230542,baseline,2171
3794320,3794320.json,1232817,baseline,2171
8197702,8197702.json,1233777,baseline,2171
3816535,3816535.json,1235275,baseline,2171
5192010,5192010.json,1245290,baseline,2170
5767293,5767293.json,1256749,baseline,2169
6844948,6844948.json,1259528,baseline,2169
9358866,9358866.json,1266455,baseline,2168
5621074,5621074.json,1266455,baseline,2168
2328555,2328555.json,1267373,baseline,2168
249315,249315.json,1268210,baseline,2168
7719146,7719146.json,1275234,baseline,2168
1696861,1696861.json,1275508,baseline,2168
1151226,1151226.json,1275508,baseline,2168
941453,941453.json,1286491,baseline,2167
2321943,2321943.json,1288154,baseline,2167
4809836,4809836.json,1290383,baseline,2166
7896869,7896869.json,1291379,baseline,2166
5551269,5551269.json,1291829,baseline,2166
2177200,2177200.json,1292148,baseline,2166
760794,760794.json,1296142,baseline,2166
7948108,7948108.json,1299090,baseline,2166
6133858,6133858.json,1299546,baseline,2166
6315954,6315954.json,1304658,baseline,2165
1571946,1571946.json,1306427,baseline,2165
6477327,6477327.json,1315209,baseline,2165
397024,397024.json,1322533,baseline,2164
1376370,1376370.json,1324125,baseline,2164
2088345,2088345.json,1324716,baseline,2164
4868950,4868950.json,1333580,baseline,2163
2403512,2403512.json,1333580,baseline,2163
1173966,1173966.json,1337176,baseline,2163
6418029,6418029.json,1338310,baseline,2163
5752577,5752577.json,1344253,baseline,2162
5686329,5686329.json,1344253,baseline,2162
938484,938484.json,1354794,baseline,2162
625761,625761.json,1354975,baseline,2161
7297091,7297091.json,1355883,baseline,2161
109032,109032.json,1356892,baseline,2161
5828830,5828830.json,1356892,baseline,2161
8961300,8961300.json,1360975,baseline,2161
9096127,9096127.json,1363454,baseline,2161
4953151,4953151.json,1364578,baseline,2161
3350372,3350372.json,1365060,baseline,2161
486956,486956.json,1369149,baseline,2160
2290230,2290230.json,1373064,baseline,2160
6416944,6416944.json,1377347,baseline,2160
919089,919089.json,1389505,baseline,2159
661402,661402.json,1393113,baseline,2159
5207975,5207975.json,1395469,baseline,2158
1224285,1224285.json,1398669,baseline,2158
485754,485754.json,1401005,baseline,2158
8289909,8289909.json,1402766,baseline,2158
4452129,4452129.json,1402766,baseline,2158
6783309,6783309.json,1404100,baseline,2158
1362100,1362100.json,1404613,baseline,2158
1036129,1036129.json,1405802,baseline,2158
1906719,1906719.json,1417001,baseline,2157
3938792,3938792.json,1417621,baseline,2157
2136530,2136530.json,1441484,baseline,2155
5243692,5243692.json,1443212,baseline,2155
987738,987738.json,1443905,baseline,2155
5733318,5733318.json,1449260,baseline,2154
1103071,1103071.json,1458542,baseline,2154
4924116,4924116.json,1468714,baseline,2153
4608260,4608260.json,1487139,baseline,2152
349915,349915.json,1488569,baseline,2152
1626230,1626230.json,1493680,baseline,2151
1414809,1414809.json,1493680,baseline,2151
102439,102439.json,1497843,baseline,2151
4538043,4538043.json,1499737,band_1_5m,2151
9880692,9880692.json,1499737,band_1_5m,2151
8221046,8221046.json,1499737,band_1_5m,2151
3904712,3904712.json,1499737,band_1_5m,2151
4562406,4562406.json,1499737,band_1_5m,2151
7062398,7062398.json,1499737,band_1_5m,2151
6408637,6408637.json,1499737,band_1_5m,2151
4919217,4919217.json,1499737,band_1_5m,2151
3519209,3519209.json,1499737,band_1_5m,2151
6552824,6552824.json,1499737,band_1_5m,2151
5035332,5035332.json,1499737,band_1_5m,2151
6132511,6132511.json,1499737,band_1_5m,2151
9842831,9842831.json,1499737,band_1_5m,2151
4302224,4302224.json,1499737,band_1_5m,2151
5873266,5873266.json,1499737,band_1_5m,2151
6343793,6343793.json,1499737,band_1_5m,2151
3460520,3460520.json,1499737,band_1_5m,2151
4724774,4724774.json,1499737,band_1_5m,2151
4704506,4704506.json,1499737,band_1_5m,2151
8984866,8984866.json,1499737,band_1_5m,2151
8987586,8987586.json,1499737,band_1_5m,2151
3807840,3807840.json,1499737,band_1_5m,2151
4608734,4608734.json,1499737,band_1_5m,2151
3942059,3942059.json,1499737,band_1_5m,2151
5208047,5208047.json,1499737,band_1_5m,2151
4075221,4075221.json,1499737,band_1_5m,2151
6793151,6793151.json,1499737,band_1_5m,2151
3984223,3984223.json,1499737,band_1_5m,2151
3725995,3725995.json,1499737,band_1_5m,2151
7823575,7823575.json,1499737,band_1_5m,2151
6988016,6988016.json,1499737,band_1_5m,2151
4846737,4846737.json,1499737,band_1_5m,2151
6490275,6490275.json,1499737,band_1_5m,2151
3939976,3939976.json,1499737,band_1_5m,2151
5213914,5213914.json,1499737,band_1_5m,2151
8757816,8757816.json,1499737,band_1_5m,2151
6058094,6058094.json,1499737,band_1_5m,2151
5332267,5332267.json,1499737,band_1_5m,2151
7955583,7955583.json,1499737,band_1_5m,2151
7944956,7944956.json,1499737,band_1_5m,2151
4130998,4130998.json,1499737,band_1_5m,2151
3603376,3603376.json,1499737,band_1_5m,2151
6619812,6619812.json,1499737,band_1_5m,2151
4125264,4125264.json,1499737,band_1_5m,2151
6228332,6228332.json,1499737,band_1_5m,2151
9246176,9246176.json,1499737,band_1_5m,2151
8117603,8117603.json,1499737,band_1_5m,2151
4034911,4034911.json,1499737,band_1_5m,2151
5879682,5879682.json,1499737,band_1_5m,2151
6335333,6335333.json,1499737,band_1_5m,2151
9270264,9270264.json,1499737,band_1_5m,2151
4133502,4133502.json,1499737,band_1_5m,2151
5547608,5547608.json,1499737,band_1_5m,2151
7104522,7104522.json,1499737,band_1_5m,2151
5265321,5265321.json,1499737,band_1_5m,2151
6506416,6506416.json,1499737,band_1_5m,2151
6510538,6510538.json,1499737,band_1_5m,2151
3470094,3470094.json,1499737,band_1_5m,2151
4051841,4051841.json,1499737,band_1_5m,2151
7333167,7333167.json,1499737,band_1_5m,2151
4722271,4722271.json,1499737,band_1_5m,2151
5851665,5851665.json,1499737,band_1_5m,2151
8114069,8114069.json,1499737,band_1_5m,2151
10381251,10381251.json,1499737,band_1_5m,2151
6351229,6351229.json,1499737,band_1_5m,2151
6352300,6352300.json,1499737,band_1_5m,2151
4498332,4498332.json,1499737,band_1_5m,2151
5840172,5840172.json,1499737,band_1_5m,2151
11316159,11316159.json,1499737,band_1_5m,2151
6843648,6843648.json,1499737,band_1_5m,2151
3682763,3682763.json,1499737,band_1_5m,2151
5533978,5533978.json,1499737,band_1_5m,2151
3873026,3873026.json,1499737,band_1_5m,2151
6838965,6838965.json,1499737,band_1_5m,2151
4497535,4497535.json,1499737,band_1_5m,2151
7455655,7455655.json,1499737,band_1_5m,2151
4597544,4597544.json,1499737,band_1_5m,2151
3741690,3741690.json,1499737,band_1_5m,2151
3735132,3735132.json,1499737,band_1_5m,2151
7675965,7675965.json,1499737,band_1_5m,2151
9275041,9275041.json,1499737,band_1_5m,2151
9276093,9276093.json,1499737,band_1_5m,2151
5351122,5351122.json,1499737,band_1_5m,2151
5892216,5892216.json,1499737,band_1_5m,2151
6966739,6966739.json,1499737,band_1_5m,2151
5885222,5885222.json,1499737,band_1_5m,2151
4611398,4611398.json,1499737,band_1_5m,2151
7460269,7460269.json,1499737,band_1_5m,2151
4961338,4961338.json,1499737,band_1_5m,2151
5356471,5356471.json,1499737,band_1_5m,2151
5522888,5522888.json,1499737,band_1_5m,2151
4590768,4590768.json,1499737,band_1_5m,2151
7555367,7555367.json,1499737,band_1_5m,2151
5339128,5339128.json,1499737,band_1_5m,2151
5117640,5117640.json,1499737,band_1_5m,2151
8070179,8070179.json,1499737,band_1_5m,2151
4024567,4024567.json,1499737,band_1_5m,2151
5350336,5350336.json,1499737,band_1_5m,2151
9221398,9221398.json,1499737,band_1_5m,2151
6599866,6599866.json,1499737,band_1_5m,2151
6826143,6826143.json,1499737,band_1_5m,2151
7931834,7931834.json,1499737,band_1_5m,2151
6027225,6027225.json,1499737,band_1_5m,2151
6317457,6317457.json,1499737,band_1_5m,2151
6321749,6321749.json,1499737,band_1_5m,2151
5898771,5898771.json,1499737,band_1_5m,2151
3815114,3815114.json,1499737,band_1_5m,2151
8526902,8526902.json,1499737,band_1_5m,2151
5718035,5718035.json,1499737,band_1_5m,2151
4276297,4276297.json,1499737,band_1_5m,2151
10453557,10453557.json,1499737,band_1_5m,2151
4831056,4831056.json,1499737,band_1_5m,2151
4366634,4366634.json,1499737,band_1_5m,2151
9198243,9198243.json,1499737,band_1_5m,2151
3956524,3956524.json,1499737,band_1_5m,2151
5203424,5203424.json,1499737,band_1_5m,2151
6899167,6899167.json,1499737,band_1_5m,2151
7908332,7908332.json,1499737,band_1_5m,2151
5564966,5564966.json,1499737,band_1_5m,2151
6956354,6956354.json,1499737,band_1_5m,2151
6707718,6707718.json,1499737,band_1_5m,2151
6103329,6103329.json,1499737,band_1_5m,2151
5006791,5006791.json,1499737,band_1_5m,2151
4116404,4116404.json,1499737,band_1_5m,2151
3625578,3625578.json,1499737,band_1_5m,2151
6632783,6632783.json,1499737,band_1_5m,2151
6633288,6633288.json,1499737,band_1_5m,2151
8740184,8740184.json,1499737,band_1_5m,2151
3621862,3621862.json,1499737,band_1_5m,2151
3617573,3617573.json,1499737,band_1_5m,2151
4997959,4997959.json,1499737,band_1_5m,2151
6874280,6874280.json,1499737,band_1_5m,2151
8200902,8200902.json,1499737,band_1_5m,2151
7548415,7548415.json,1499737,band_1_5m,2151
8013632,8013632.json,1499737,band_1_5m,2151
8014757,8014757.json,1499737,band_1_5m,2151
3551763,3551763.json,1499737,band_1_5m,2151
3552199,3552199.json,1499737,band_1_5m,2151
9533351,9533351.json,1499737,band_1_5m,2151
7422718,7422718.json,1499737,band_1_5m,2151
6298520,6298520.json,1499737,band_1_5m,2151
4695141,4695141.json,1499737,band_1_5m,2151
7653722,7653722.json,1499737,band_1_5m,2151
9787724,9787724.json,1499737,band_1_5m,2151
4508999,4508999.json,1499737,band_1_5m,2151
3917032,3917032.json,1499737,band_1_5m,2151
3892329,3892329.json,1499737,band_1_5m,2151
6674224,6674224.json,1499737,band_1_5m,2151
6205132,6205132.json,1499737,band_1_5m,2151
4587564,4587564.json,1499737,band_1_5m,2151
7481380,7481380.json,1499737,band_1_5m,2151
5502776,5502776.json,1499737,band_1_5m,2151
3639225,3639225.json,1499737,band_1_5m,2151
3678945,3678945.json,1499737,band_1_5m,2151
6671848,6671848.json,1499737,band_1_5m,2151
6117711,6117711.json,1499737,band_1_5m,2151
6101101,6101101.json,1499737,band_1_5m,2151
8086243,8086243.json,1499737,band_1_5m,2151
6382584,6382584.json,1499737,band_1_5m,2151
3366848,3366848.json,1499737,band_1_5m,2151
4412757,4412757.json,1499737,band_1_5m,2151
5911346,5911346.json,1499737,band_1_5m,2151
4640923,4640923.json,1499737,band_1_5m,2151
7606292,7606292.json,1499737,band_1_5m,2151
3533642,3533642.json,1499737,band_1_5m,2151
3505015,3505015.json,1499737,band_1_5m,2151
8035902,8035902.json,1499737,band_1_5m,2151
3713295,3713295.json,1499737,band_1_5m,2151
8388478,8388478.json,1499737,band_1_5m,2151
5173211,5173211.json,1499737,band_1_5m,2151
4166792,4166792.json,1499737,band_1_5m,2151
4448952,4448952.json,1499737,band_1_5m,2151
6562750,6562750.json,1499737,band_1_5m,2151
4444729,4444729.json,1499737,band_1_5m,2151
3839861,3839861.json,1499737,band_1_5m,2151
5788967,5788967.json,1499737,band_1_5m,2151
9146073,9146073.json,1499737,band_1_5m,2151
7292372,7292372.json,1499737,band_1_5m,2151
3788565,3788565.json,1499737,band_1_5m,2151
4010680,4010680.json,1499737,band_1_5m,2151
4737159,4737159.json,1499737,band_1_5m,2151
4812564,4812564.json,1499737,band_1_5m,2151
4347564,4347564.json,1499737,band_1_5m,2151
4420059,4420059.json,1499737,band_1_5m,2151
4897248,4897248.json,1499737,band_1_5m,2151
4684768,4684768.json,1499737,band_1_5m,2151
4423316,4423316.json,1499737,band_1_5m,2151
7871022,7871022.json,1499737,band_1_5m,2151
7257665,7257665.json,1499737,band_1_5m,2151
7742858,7742858.json,1499737,band_1_5m,2151
3895654,3895654.json,1499737,band_1_5m,2151
4088753,4088753.json,1499737,band_1_5m,2151
4089821,4089821.json,1499737,band_1_5m,2151
4583255,4583255.json,1499737,band_1_5m,2151
4196757,4196757.json,1499737,band_1_5m,2151
6812277,6812277.json,1499737,band_1_5m,2151
3533179,3533179.json,1499737,band_1_5m,2151
4182152,4182152.json,1499737,band_1_5m,2151
3827627,3827627.json,1499737,band_1_5m,2151
6553731,6553731.json,1499737,band_1_5m,2151
4191524,4191524.json,1499737,band_1_5m,2151
4186127,4186127.json,1499737,band_1_5m,2151
3416178,3416178.json,1499737,band_1_5m,2151
3407904,3407904.json,1499737,band_1_5m,2151
4788468,4788468.json,1499737,band_1_5m,2151
3763335,3763335.json,1499737,band_1_5m,2151
6403645,6403645.json,1499737,band_1_5m,2151
7288964,7288964.json,1499737,band_1_5m,2151
4299632,4299632.json,1499737,band_1_5m,2151
7393644,7393644.json,1499737,band_1_5m,2151
7407013,7407013.json,1499737,band_1_5m,2151
4173803,4173803.json,1499737,band_1_5m,2151
3832494,3832494.json,1499737,band_1_5m,2151
7396496,7396496.json,1499737,band_1_5m,2151
7635714,7635714.json,1499737,band_1_5m,2151
7006564,7006564.json,1499737,band_1_5m,2151
5076585,5076585.json,1499737,band_1_5m,2151
3403369,3403369.json,1499737,band_1_5m,2151
5246838,5246838.json,1499737,band_1_5m,2151
8090383,8090383.json,1499737,band_1_5m,2151
7518986,7518986.json,1499737,band_1_5m,2151
4095995,4095995.json,1499737,band_1_5m,2151
9933791,9933791.json,1500173,band_1_5m,2151
3102934,3102934.json,1500173,band_1_5m,2151
503327,503327.json,1500173,band_1_5m,2151
1489194,1489194.json,1500173,band_1_5m,2151
5246674,5246674.json,1500173,band_1_5m,2151
5246789,5246789.json,1500173,band_1_5m,2151
737836,737836.json,1500173,band_1_5m,2151
230532,230532.json,1500173,band_1_5m,2151
2311549,2311549.json,1500173,band_1_5m,2151
3496482,3496482.json,1500173,band_1_5m,2151
3498290,3498290.json,1500173,band_1_5m,2151
2002265,2002265.json,1500173,band_1_5m,2151
3000559,3000559.json,1500173,band_1_5m,2151
7159316,7159316.json,1500173,band_1_5m,2151
166717,166717.json,1500173,band_1_5m,2151
5933922,5933922.json,1500173,band_1_5m,2151
4525709,4525709.json,1500173,band_1_5m,2151
4528932,4528932.json,1500173,band_1_5m,2151
452926,452926.json,1500173,band_1_5m,2151
1724464,1724464.json,1500173,band_1_5m,2151
2666060,2666060.json,1500173,band_1_5m,2151
2374793,2374793.json,1500173,band_1_5m,2151
236044,236044.json,1500173,band_1_5m,2151
1730743,1730743.json,1500173,band_1_5m,2151
3395960,3395960.json,1500173,band_1_5m,2151
4788986,4788986.json,1500173,band_1_5m,2151
161369,161369.json,1500173,band_1_5m,2151
1614175,1614175.json,1500173,band_1_5m,2151
4015891,4015891.json,1500173,band_1_5m,2151
2126900,2126900.json,1500173,band_1_5m,2151
3101655,3101655.json,1500173,band_1_5m,2151
6157612,6157612.json,1500173,band_1_5m,2151
173571,173571.json,1500173,band_1_5m,2151
2384733,2384733.json,1500173,band_1_5m,2151
2068464,2068464.json,1500173,band_1_5m,2151
6404963,6404963.json,1500173,band_1_5m,2151
1241826,1241826.json,1500173,band_1_5m,2151
1604133,1604133.json,1500173,band_1_5m,2151
9089590,9089590.json,1500173,band_1_5m,2151
5770287,5770287.json,1500173,band_1_5m,2151
2922777,2922777.json,1500173,band_1_5m,2151
4310623,4310623.json,1500173,band_1_5m,2151
1859406,1859406.json,1500173,band_1_5m,2151
513522,513522.json,1500173,band_1_5m,2151
1132308,1132308.json,1500173,band_1_5m,2151
4087138,4087138.json,1500173,band_1_5m,2151
7072704,7072704.json,1500173,band_1_5m,2151
3649260,3649260.json,1500173,band_1_5m,2151
1303043,1303043.json,1500173,band_1_5m,2151
609697,609697.json,1500173,band_1_5m,2151
9771111,9771111.json,1500173,band_1_5m,2151
2459572,2459572.json,1500173,band_1_5m,2151
4318552,4318552.json,1500173,band_1_5m,2151
3379371,3379371.json,1500173,band_1_5m,2151
104889,104889.json,1500173,band_1_5m,2151
6394634,6394634.json,1500173,band_1_5m,2151
4319121,4319121.json,1500173,band_1_5m,2151
3776314,3776314.json,1500173,band_1_5m,2151
9115416,9115416.json,1500173,band_1_5m,2151
4571318,4571318.json,1500173,band_1_5m,2151
4522168,4522168.json,1500173,band_1_5m,2151
4523706,4523706.json,1500173,band_1_5m,2151
1187332,1187332.json,1500173,band_1_5m,2151
1552190,1552190.json,1500173,band_1_5m,2151
5519538,5519538.json,1500173,band_1_5m,2151
7086233,7086233.json,1500173,band_1_5m,2151
7087559,7087559.json,1500173,band_1_5m,2151
7088001,7088001.json,1500173,band_1_5m,2151
4995668,4995668.json,1500173,band_1_5m,2151
4984407,4984407.json,1500173,band_1_5m,2151
8439750,8439750.json,1500173,band_1_5m,2151
5367426,5367426.json,1500173,band_1_5m,2151
1046435,1046435.json,1500173,band_1_5m,2151
2454712,2454712.json,1500173,band_1_5m,2151
730588,730588.json,1500173,band_1_5m,2151
202154,202154.json,1500173,band_1_5m,2151
3766705,3766705.json,1500173,band_1_5m,2151
2252273,2252273.json,1500173,band_1_5m,2151
550580,550580.json,1500173,band_1_5m,2151
5506729,5506729.json,1500173,band_1_5m,2151
5255041,5255041.json,1500173,band_1_5m,2151
4505655,4505655.json,1500173,band_1_5m,2151
6088739,6088739.json,1500173,band_1_5m,2151
6090940,6090940.json,1500173,band_1_5m,2151
4985866,4985866.json,1500173,band_1_5m,2151
7041323,7041323.json,1500173,band_1_5m,2151
5046301,5046301.json,1500173,band_1_5m,2151
3422867,3422867.json,1500173,band_1_5m,2151
8072636,8072636.json,1500173,band_1_5m,2151
6969615,6969615.json,1500173,band_1_5m,2151
2275292,2275292.json,1500173,band_1_5m,2151
916103,916103.json,1500173,band_1_5m,2151
2943532,2943532.json,1500173,band_1_5m,2151
2169579,2169579.json,1500173,band_1_5m,2151
8704215,8704215.json,1500173,band_1_5m,2151
1552223,1552223.json,1500173,band_1_5m,2151
6223808,6223808.json,1500173,band_1_5m,2151
1698958,1698958.json,1500173,band_1_5m,2151
1417059,1417059.json,1500173,band_1_5m,2151
2173942,2173942.json,1500173,band_1_5m,2151
3606875,3606875.json,1500173,band_1_5m,2151
3609577,3609577.json,1500173,band_1_5m,2151
3610408,3610408.json,1500173,band_1_5m,2151
1888352,1888352.json,1500173,band_1_5m,2151
917466,917466.json,1500173,band_1_5m,2151
3366746,3366746.json,1500173,band_1_5m,2151
2277531,2277531.json,1500173,band_1_5m,2151
2279671,2279671.json,1500173,band_1_5m,2151
7240348,7240348.json,1500173,band_1_5m,2151
481847,481847.json,1500173,band_1_5m,2151
3422030,3422030.json,1500173,band_1_5m,2151
5253686,5253686.json,1500173,band_1_5m,2151
153250,153250.json,1500173,band_1_5m,2151
2448364,2448364.json,1500173,band_1_5m,2151
4732346,4732346.json,1500173,band_1_5m,2151
4734891,4734891.json,1500173,band_1_5m,2151
769024,769024.json,1500173,band_1_5m,2151
2607015,2607015.json,1500173,band_1_5m,2151
552605,552605.json,1500173,band_1_5m,2151
5530464,5530464.json,1500173,band_1_5m,2151
74587,74587.json,1500173,band_1_5m,2151
6209285,6209285.json,1500173,band_1_5m,2151
2568492,2568492.json,1500173,band_1_5m,2151
661601,661601.json,1500173,band_1_5m,2151
4128086,4128086.json,1500173,band_1_5m,2151
1193968,1193968.json,1500173,band_1_5m,2151
7090940,7090940.json,1500173,band_1_5m,2151
6076587,6076587.json,1500173,band_1_5m,2151
7448130,7448130.json,1500173,band_1_5m,2151
4607809,4607809.json,1500173,band_1_5m,2151
10149147,10149147.json,1500173,band_1_5m,2151
1043301,1043301.json,1500173,band_1_5m,2151
10443270,10443270.json,1500173,band_1_5m,2151
7327221,7327221.json,1500173,band_1_5m,2151
3428890,3428890.json,1500173,band_1_5m,2151
160249,160249.json,1500173,band_1_5m,2151
1516242,1516242.json,1500173,band_1_5m,2151
3751567,3751567.json,1500173,band_1_5m,2151
6226743,6226743.json,1500173,band_1_5m,2151
8794239,8794239.json,1500173,band_1_5m,2151
5539058,5539058.json,1500173,band_1_5m,2151
8779049,8779049.json,1500173,band_1_5m,2151
1413094,1413094.json,1500173,band_1_5m,2151
3696381,3696381.json,1500173,band_1_5m,2151
1996057,1996057.json,1500173,band_1_5m,2151
2178796,2178796.json,1500173,band_1_5m,2151
5542951,5542951.json,1500173,band_1_5m,2151
3584778,3584778.json,1500173,band_1_5m,2151
5546188,5546188.json,1500173,band_1_5m,2151
7099144,7099144.json,1500173,band_1_5m,2151
5272530,5272530.json,1500173,band_1_5m,2151
2242846,2242846.json,1500173,band_1_5m,2151
4268749,4268749.json,1500173,band_1_5m,2151
3428791,3428791.json,1500173,band_1_5m,2151
5821776,5821776.json,1500173,band_1_5m,2151
5822879,5822879.json,1500173,band_1_5m,2151
2081704,2081704.json,1500173,band_1_5m,2151
756293,756293.json,1500173,band_1_5m,2151
6064357,6064357.json,1500173,band_1_5m,2151
1756542,1756542.json,1500173,band_1_5m,2151
7027545,7027545.json,1500173,band_1_5m,2151
5057491,5057491.json,1500173,band_1_5m,2151
7930765,7930765.json,1500173,band_1_5m,2151
2058317,2058317.json,1500173,band_1_5m,2151
96400,96400.json,1500173,band_1_5m,2151
7566807,7566807.json,1500173,band_1_5m,2151
1414249,1414249.json,1500173,band_1_5m,2151
3571543,3571543.json,1500173,band_1_5m,2151
3573438,3573438.json,1500173,band_1_5m,2151
8573622,8573622.json,1500173,band_1_5m,2151
436588,436588.json,1500173,band_1_5m,2151
4366758,4366758.json,1500173,band_1_5m,2151
9197940,9197940.json,1500173,band_1_5m,2151
2954501,2954501.json,1500173,band_1_5m,2151
8121887,8121887.json,1500173,band_1_5m,2151
163057,163057.json,1500173,band_1_5m,2151
6239014,6239014.json,1500173,band_1_5m,2151
203513,203513.json,1500173,band_1_5m,2151
9230953,9230953.json,1500173,band_1_5m,2151
5841835,5841835.json,1500173,band_1_5m,2151
5842044,5842044.json,1500173,band_1_5m,2151
1632904,1632904.json,1500173,band_1_5m,2151
84917,84917.json,1500173,band_1_5m,2151
5398979,5398979.json,1500173,band_1_5m,2151
5400458,5400458.json,1500173,band_1_5m,2151
5721074,5721074.json,1500173,band_1_5m,2151
3439671,3439671.json,1500173,band_1_5m,2151
7222440,7222440.json,1500173,band_1_5m,2151
5202747,5202747.json,1500173,band_1_5m,2151
8293830,8293830.json,1500173,band_1_5m,2151
6827131,6827131.json,1500173,band_1_5m,2151
2775515,2775515.json,1500173,band_1_5m,2151
208731,208731.json,1500173,band_1_5m,2151
2398639,2398639.json,1500173,band_1_5m,2151
3192122,3192122.json,1500173,band_1_5m,2151
6029903,6029903.json,1500173,band_1_5m,2151
2287141,2287141.json,1500173,band_1_5m,2151
585181,585181.json,1500173,band_1_5m,2151
1820370,1820370.json,1500173,band_1_5m,2151
1105069,1105069.json,1500173,band_1_5m,2151
8394034,8394034.json,1500173,band_1_5m,2151
7783438,7783438.json,1500173,band_1_5m,2151
5104094,5104094.json,1500173,band_1_5m,2151
4026812,4026812.json,1500173,band_1_5m,2151
4143569,4143569.json,1500173,band_1_5m,2151
3053351,3053351.json,1500173,band_1_5m,2151
4477791,4477791.json,1500173,band_1_5m,2151
4478742,4478742.json,1500173,band_1_5m,2151
2688926,2688926.json,1500173,band_1_5m,2151
6007598,6007598.json,1500173,band_1_5m,2151
1276229,1276229.json,1500173,band_1_5m,2151
7905385,7905385.json,1500173,band_1_5m,2151
4152936,4152936.json,1500173,band_1_5m,2151
3702772,3702772.json,1500173,band_1_5m,2151
8569267,8569267.json,1500173,band_1_5m,2151
8857411,8857411.json,1500173,band_1_5m,2151
4238714,4238714.json,1500173,band_1_5m,2151
374268,374268.json,1500173,band_1_5m,2151
5702556,5702556.json,1500173,band_1_5m,2151
3442439,3442439.json,1500173,band_1_5m,2151
3948487,3948487.json,1500173,band_1_5m,2151
603723,603723.json,1500173,band_1_5m,2151
6026990,6026990.json,1500173,band_1_5m,2151
1687034,1687034.json,1500173,band_1_5m,2151
4162495,4162495.json,1500173,band_1_5m,2151
1938872,1938872.json,1500173,band_1_5m,2151
888752,888752.json,1500173,band_1_5m,2151
6953390,6953390.json,1500173,band_1_5m,2151
2013645,2013645.json,1500173,band_1_5m,2151
1899121,1899121.json,1500173,band_1_5m,2151
4233938,4233938.json,1500173,band_1_5m,2151
6951919,6951919.json,1500173,band_1_5m,2151
3341935,3341935.json,1500173,band_1_5m,2151
5704287,5704287.json,1500173,band_1_5m,2151
2849558,2849558.json,1500173,band_1_5m,2151
658129,658129.json,1500173,band_1_5m,2151
951346,951346.json,1500173,band_1_5m,2151
6258886,6258886.json,1500173,band_1_5m,2151
2404120,2404120.json,1500173,band_1_5m,2151
3956088,3956088.json,1500173,band_1_5m,2151
2861955,2861955.json,1500173,band_1_5m,2151
5062087,5062087.json,1500173,band_1_5m,2151
802329,802329.json,1500173,band_1_5m,2151
27681,27681.json,1500173,band_1_5m,2151
6822929,6822929.json,1500173,band_1_5m,2151
2696396,2696396.json,1500173,band_1_5m,2151
2698052,2698052.json,1500173,band_1_5m,2151
2965707,2965707.json,1500173,band_1_5m,2151
7190974,7190974.json,1500173,band_1_5m,2151
2899729,2899729.json,1500173,band_1_5m,2151
1906114,1906114.json,1500173,band_1_5m,2151
2602474,2602474.json,1500173,band_1_5m,2151
2290420,2290420.json,1500173,band_1_5m,2151
354647,354647.json,1500173,band_1_5m,2151
7904324,7904324.json,1500173,band_1_5m,2151
2540033,2540033.json,1500173,band_1_5m,2151
633775,633775.json,1500173,band_1_5m,2151
1060554,1060554.json,1500173,band_1_5m,2151
6496686,6496686.json,1500173,band_1_5m,2151
2506147,2506147.json,1500173,band_1_5m,2151
1376211,1376211.json,1500173,band_1_5m,2151
15081,15081.json,1500173,band_1_5m,2151
5336501,5336501.json,1500173,band_1_5m,2151
3965762,3965762.json,1500173,band_1_5m,2151
114739,114739.json,1500173,band_1_5m,2151
3959149,3959149.json,1500173,band_1_5m,2151
3841184,3841184.json,1500173,band_1_5m,2151
8335274,8335274.json,1500173,band_1_5m,2151
8016356,8016356.json,1500173,band_1_5m,2151
2592476,2592476.json,1500173,band_1_5m,2151
4062457,4062457.json,1500173,band_1_5m,2151
6562598,6562598.json,1500173,band_1_5m,2151
4439834,4439834.json,1500173,band_1_5m,2151
3230560,3230560.json,1500173,band_1_5m,2151
6270514,6270514.json,1500173,band_1_5m,2151
1021509,1021509.json,1500173,band_1_5m,2151
2049763,2049763.json,1500173,band_1_5m,2151
2052152,2052152.json,1500173,band_1_5m,2151
9452682,9452682.json,1500173,band_1_5m,2151
3305320,3305320.json,1500173,band_1_5m,2151
3805158,3805158.json,1500173,band_1_5m,2151
3805463,3805463.json,1500173,band_1_5m,2151
2629017,2629017.json,1500173,band_1_5m,2151
487340,487340.json,1500173,band_1_5m,2151
486719,486719.json,1500173,band_1_5m,2151
1592137,1592137.json,1500173,band_1_5m,2151
10369277,10369277.json,1500173,band_1_5m,2151
2438227,2438227.json,1500173,band_1_5m,2151
4442891,4442891.json,1500173,band_1_5m,2151
6275529,6275529.json,1500173,band_1_5m,2151
7127934,7127934.json,1500173,band_1_5m,2151
6568192,6568192.json,1500173,band_1_5m,2151
4446512,4446512.json,1500173,band_1_5m,2151
4168876,4168876.json,1500173,band_1_5m,2151
7887572,7887572.json,1500173,band_1_5m,2151
655911,655911.json,1500173,band_1_5m,2151
1933036,1933036.json,1500173,band_1_5m,2151
531087,531087.json,1500173,band_1_5m,2151
2111924,2111924.json,1500173,band_1_5m,2151
1651353,1651353.json,1500173,band_1_5m,2151
766661,766661.json,1500173,band_1_5m,2151
2294272,2294272.json,1500173,band_1_5m,2151
3732265,3732265.json,1500173,band_1_5m,2151
4654318,4654318.json,1500173,band_1_5m,2151
9417474,9417474.json,1500173,band_1_5m,2151
1114737,1114737.json,1500173,band_1_5m,2151
1115605,1115605.json,1500173,band_1_5m,2151
3826138,3826138.json,1500173,band_1_5m,2151
1501839,1501839.json,1500173,band_1_5m,2151
73989,73989.json,1500173,band_1_5m,2151
6284743,6284743.json,1500173,band_1_5m,2151
762218,762218.json,1500173,band_1_5m,2151
2889926,2889926.json,1500173,band_1_5m,2151
1212005,1212005.json,1500173,band_1_5m,2151
4880634,4880634.json,1500173,band_1_5m,2151
4881894,4881894.json,1500173,band_1_5m,2151
1912405,1912405.json,1500173,band_1_5m,2151
6945953,6945953.json,1500173,band_1_5m,2151
8141137,8141137.json,1500173,band_1_5m,2151
2644421,2644421.json,1500173,band_1_5m,2151
326482,326482.json,1500173,band_1_5m,2151
5943749,5943749.json,1500173,band_1_5m,2151
3714733,3714733.json,1500173,band_1_5m,2151
7008774,7008774.json,1500173,band_1_5m,2151
7012162,7012162.json,1500173,band_1_5m,2151
7879817,7879817.json,1500173,band_1_5m,2151
1928431,1928431.json,1500173,band_1_5m,2151
4915014,4915014.json,1500173,band_1_5m,2151
5610744,5610744.json,1500173,band_1_5m,2151
5612087,5612087.json,1500173,band_1_5m,2151
10641004,10641004.json,1500173,band_1_5m,2151
1166459,1166459.json,1500173,band_1_5m,2151
1912441,1912441.json,1500173,band_1_5m,2151
8963942,8963942.json,1500173,band_1_5m,2151
3486298,3486298.json,1500173,band_1_5m,2151
7356248,7356248.json,1500173,band_1_5m,2151
2208897,2208897.json,1500173,band_1_5m,2151
4676615,4676615.json,1500173,band_1_5m,2151
3001857,3001857.json,1500173,band_1_5m,2151
3002126,3002126.json,1500173,band_1_5m,2151
3718240,3718240.json,1500173,band_1_5m,2151
1152583,1152583.json,1500173,band_1_5m,2151
3283440,3283440.json,1500173,band_1_5m,2151
2990724,2990724.json,1500173,band_1_5m,2151
6317471,6317471.json,1500173,band_1_5m,2151
5895163,5895163.json,1500173,band_1_5m,2151
3979690,3979690.json,1500173,band_1_5m,2151
594454,594454.json,1500173,band_1_5m,2151
1792920,1792920.json,1500173,band_1_5m,2151
3256111,3256111.json,1500173,band_1_5m,2151
7400800,7400800.json,1500173,band_1_5m,2151
4431065,4431065.json,1500173,band_1_5m,2151
2520942,2520942.json,1500173,band_1_5m,2151
158125,158125.json,1500173,band_1_5m,2151
1386645,1386645.json,1500173,band_1_5m,2151
2423710,2423710.json,1500173,band_1_5m,2151
2303733,2303733.json,1500173,band_1_5m,2151
4411169,4411169.json,1500173,band_1_5m,2151
9312729,9312729.json,1500173,band_1_5m,2151
2517607,2517607.json,1500173,band_1_5m,2151
488517,488517.json,1500173,band_1_5m,2151
4887665,4887665.json,1500173,band_1_5m,2151
349062,349062.json,1500173,band_1_5m,2151
5647381,5647381.json,1500173,band_1_5m,2151
1029590,1029590.json,1500173,band_1_5m,2151
4909666,4909666.json,1500173,band_1_5m,2151
1390462,1390462.json,1500173,band_1_5m,2151
562795,562795.json,1500173,band_1_5m,2151
5495132,5495132.json,1500173,band_1_5m,2151
5222159,5222159.json,1500173,band_1_5m,2151
5484866,5484866.json,1500173,band_1_5m,2151
7993298,7993298.json,1500173,band_1_5m,2151
6185040,6185040.json,1500173,band_1_5m,2151
981473,981473.json,1500173,band_1_5m,2151
982122,982122.json,1500173,band_1_5m,2151
5126171,5126171.json,1500173,band_1_5m,2151
1865285,1865285.json,1500173,band_1_5m,2151
4796108,4796108.json,1500173,band_1_5m,2151
7736357,7736357.json,1500173,band_1_5m,2151
4298183,4298183.json,1500173,band_1_5m,2151
1099573,1099573.json,1500173,band_1_5m,2151
7275901,7275901.json,1500173,band_1_5m,2151
3662678,3662678.json,1500173,band_1_5m,2151
9843724,9843724.json,1500173,band_1_5m,2151
17129,17129.json,1500173,band_1_5m,2151
8631512,8631512.json,1500173,band_1_5m,2151
1981573,1981573.json,1500173,band_1_5m,2151
503343,503343.json,1500173,band_1_5m,2151
2668783,2668783.json,1500173,band_1_5m,2151
3113327,3113327.json,1500173,band_1_5m,2151
988898,988898.json,1500173,band_1_5m,2151
1002134,1002134.json,1500173,band_1_5m,2151
9965499,9965499.json,1500173,band_1_5m,2151
3109807,3109807.json,1500173,band_1_5m,2151
3112691,3112691.json,1500173,band_1_5m,2151
3113165,3113165.json,1500173,band_1_5m,2151
1712597,1712597.json,1500173,band_1_5m,2151
2999721,2999721.json,1500570,band_1_5m,2151
9326718,9326718.json,1500570,band_1_5m,2151
10322222,10322222.json,1500570,band_1_5m,2151
1327234,1327234.json,1500570,band_1_5m,2151
7382,7382.json,1500570,band_1_5m,2151
1239940,1239940.json,1500570,band_1_5m,2151
3763430,3763430.json,1500570,band_1_5m,2151
6128467,6128467.json,1500570,band_1_5m,2151
6145315,6145315.json,1500570,band_1_5m,2151
10049709,10049709.json,1500570,band_1_5m,2151
4562036,4562036.json,1500570,band_1_5m,2151
7514720,7514720.json,1500570,band_1_5m,2151
3398437,3398437.json,1500570,band_1_5m,2151
1481582,1481582.json,1500570,band_1_5m,2151
2388690,2388690.json,1500570,band_1_5m,2151
2350217,2350217.json,1500570,band_1_5m,2151
173344,173344.json,1500570,band_1_5m,2151
1733992,1733992.json,1500570,band_1_5m,2151
5135634,5135634.json,1500570,band_1_5m,2151
2302813,2302813.json,1500570,band_1_5m,2151
5121735,5121735.json,1500570,band_1_5m,2151
2785536,2785536.json,1500570,band_1_5m,2151
5030556,5030556.json,1500570,band_1_5m,2151
6150671,6150671.json,1500570,band_1_5m,2151
6168133,6168133.json,1500570,band_1_5m,2151
311802,311802.json,1500570,band_1_5m,2151
1002234,1002234.json,1500570,band_1_5m,2151
618619,618619.json,1500570,band_1_5m,2151
6872903,6872903.json,1500570,band_1_5m,2151
5781802,5781802.json,1500570,band_1_5m,2151
9100950,9100950.json,1500570,band_1_5m,2151
2705433,2705433.json,1500570,band_1_5m,2151
813689,813689.json,1500570,band_1_5m,2151
3969945,3969945.json,1500570,band_1_5m,2151
7652271,7652271.json,1500570,band_1_5m,2151
3280500,3280500.json,1500570,band_1_5m,2151
6941646,6941646.json,1500570,band_1_5m,2151
2602384,2602384.json,1500570,band_1_5m,2151
10291351,10291351.json,1500570,band_1_5m,2151
103081,103081.json,1500570,band_1_5m,2151
2206368,2206368.json,1500570,band_1_5m,2151
2207232,2207232.json,1500570,band_1_5m,2151
4902838,4902838.json,1500570,band_1_5m,2151
7871586,7871586.json,1500570,band_1_5m,2151
6708316,6708316.json,1500570,band_1_5m,2151
8955202,8955202.json,1500570,band_1_5m,2151
7857617,7857617.json,1500570,band_1_5m,2151
6295084,6295084.json,1500570,band_1_5m,2151
9399149,9399149.json,1500570,band_1_5m,2151
5955744,5955744.json,1500570,band_1_5m,2151
7400888,7400888.json,1500570,band_1_5m,2151
7393677,7393677.json,1500570,band_1_5m,2151
5373749,5373749.json,1500570,band_1_5m,2151
726348,726348.json,1500570,band_1_5m,2151
3420107,3420107.json,1500570,band_1_5m,2151
9079818,9079818.json,1500570,band_1_5m,2151
4287849,4287849.json,1500570,band_1_5m,2151
6412317,6412317.json,1500570,band_1_5m,2151
3391550,3391550.json,1500570,band_1_5m,2151
8237756,8237756.json,1500570,band_1_5m,2151
5025302,5025302.json,1500570,band_1_5m,2151
2575724,2575724.json,1500570,band_1_5m,2151
279622,279622.json,1500570,band_1_5m,2151
6644872,6644872.json,1500570,band_1_5m,2151
5433821,5433821.json,1500570,band_1_5m,2151
8031736,8031736.json,1500570,band_1_5m,2151
4180760,4180760.json,1500570,band_1_5m,2151
1928176,1928176.json,1500570,band_1_5m,2151
4425671,4425671.json,1500570,band_1_5m,2151
3815356,3815356.json,1500570,band_1_5m,2151
6993070,6993070.json,1500570,band_1_5m,2151
6993649,6993649.json,1500570,band_1_5m,2151
3476334,3476334.json,1500570,band_1_5m,2151
1915574,1915574.json,1500570,band_1_5m,2151
5652165,5652165.json,1500570,band_1_5m,2151
1583897,1583897.json,1500570,band_1_5m,2151
5419264,5419264.json,1500570,band_1_5m,2151
1504010,1504010.json,1500570,band_1_5m,2151
1800423,1800423.json,1500570,band_1_5m,2151
4697908,4697908.json,1500570,band_1_5m,2151
1297839,1297839.json,1500570,band_1_5m,2151
2798795,2798795.json,1500570,band_1_5m,2151
8694725,8694725.json,1500570,band_1_5m,2151
891978,891978.json,1500570,band_1_5m,2151
2301269,2301269.json,1500570,band_1_5m,2151
4396659,4396659.json,1500570,band_1_5m,2151
440133,440133.json,1500570,band_1_5m,2151
6704951,6704951.json,1500570,band_1_5m,2151
1502131,1502131.json,1500570,band_1_5m,2151
6283479,6283479.json,1500570,band_1_5m,2151
9380646,9380646.json,1500570,band_1_5m,2151
939403,939403.json,1500570,band_1_5m,2151
6325798,6325798.json,1500570,band_1_5m,2151
1033220,1033220.json,1500570,band_1_5m,2151
2641389,2641389.json,1500570,band_1_5m,2151
5959865,5959865.json,1500570,band_1_5m,2151
4443722,4443722.json,1500570,band_1_5m,2151
2095505,2095505.json,1500570,band_1_5m,2151
2202410,2202410.json,1500570,band_1_5m,2151
4174329,4174329.json,1500570,band_1_5m,2151
1930958,1930958.json,1500570,band_1_5m,2151
1542980,1542980.json,1500570,band_1_5m,2151
5012164,5012164.json,1500570,band_1_5m,2151
2660352,2660352.json,1500570,band_1_5m,2151
4800797,4800797.json,1500570,band_1_5m,2151
4805949,4805949.json,1500570,band_1_5m,2151
248252,248252.json,1500570,band_1_5m,2151
1352252,1352252.json,1500570,band_1_5m,2151
7293786,7293786.json,1500570,band_1_5m,2151
846868,846868.json,1500570,band_1_5m,2151
3389593,3389593.json,1500570,band_1_5m,2151
4575804,4575804.json,1500570,band_1_5m,2151
3723685,3723685.json,1500570,band_1_5m,2151
302281,302281.json,1500570,band_1_5m,2151
5978980,5978980.json,1500570,band_1_5m,2151
5980329,5980329.json,1500570,band_1_5m,2151
2864509,2864509.json,1500570,band_1_5m,2151
7122427,7122427.json,1500570,band_1_5m,2151
253594,253594.json,1500570,band_1_5m,2151
8894774,8894774.json,1500570,band_1_5m,2151
7126317,7126317.json,1500570,band_1_5m,2151
2110302,2110302.json,1500570,band_1_5m,2151
1811901,1811901.json,1500570,band_1_5m,2151
2428188,2428188.json,1500570,band_1_5m,2151
4872353,4872353.json,1500570,band_1_5m,2151
2514469,2514469.json,1500570,band_1_5m,2151
2515366,2515366.json,1500570,band_1_5m,2151
3238519,3238519.json,1500570,band_1_5m,2151
465215,465215.json,1500570,band_1_5m,2151
2327028,2327028.json,1500570,band_1_5m,2151
323041,323041.json,1500570,band_1_5m,2151
302425,302425.json,1500570,band_1_5m,2151
9449419,9449419.json,1500570,band_1_5m,2151
8345665,8345665.json,1500570,band_1_5m,2151
868364,868364.json,1500570,band_1_5m,2151
868494,868494.json,1500570,band_1_5m,2151
1342264,1342264.json,1500570,band_1_5m,2151
5390242,5390242.json,1500570,band_1_5m,2151
6752731,6752731.json,1500570,band_1_5m,2151
4800310,4800310.json,1500570,band_1_5m,2151
6852174,6852174.json,1500570,band_1_5m,2151
38961,38961.json,1500570,band_1_5m,2151
1992324,1992324.json,1500570,band_1_5m,2151
551358,551358.json,1500570,band_1_5m,2151
3459607,3459607.json,1500570,band_1_5m,2151
1904811,1904811.json,1500570,band_1_5m,2151
1442661,1442661.json,1500570,band_1_5m,2151
243793,243793.json,1500570,band_1_5m,2151
3317373,3317373.json,1500570,band_1_5m,2151
1261340,1261340.json,1500570,band_1_5m,2151
486232,486232.json,1500570,band_1_5m,2151
2503195,2503195.json,1500570,band_1_5m,2151
5680452,5680452.json,1500570,band_1_5m,2151
4872757,4872757.json,1500570,band_1_5m,2151
438194,438194.json,1500570,band_1_5m,2151
1148641,1148641.json,1500570,band_1_5m,2151
6700279,6700279.json,1500570,band_1_5m,2151
1166970,1166970.json,1500570,band_1_5m,2151
1167209,1167209.json,1500570,band_1_5m,2151
761677,761677.json,1500570,band_1_5m,2151
5992458,5992458.json,1500570,band_1_5m,2151
2325899,2325899.json,1500570,band_1_5m,2151
6915743,6915743.json,1500570,band_1_5m,2151
5863824,5863824.json,1500570,band_1_5m,2151
7473979,7473979.json,1500570,band_1_5m,2151
6104069,6104069.json,1500570,band_1_5m,2151
2122157,2122157.json,1500570,band_1_5m,2151
227501,227501.json,1500570,band_1_5m,2151
2945000,2945000.json,1500570,band_1_5m,2151
2728413,2728413.json,1500570,band_1_5m,2151
8455767,8455767.json,1500570,band_1_5m,2151
5510395,5510395.json,1500570,band_1_5m,2151
8695172,8695172.json,1500570,band_1_5m,2151
6626433,6626433.json,1500570,band_1_5m,2151
6626674,6626674.json,1500570,band_1_5m,2151
7087388,7087388.json,1500570,band_1_5m,2151
805978,805978.json,1500570,band_1_5m,2151
6353857,6353857.json,1500570,band_1_5m,2151
4716586,4716586.json,1500570,band_1_5m,2151
4718084,4718084.json,1500570,band_1_5m,2151
9479979,9479979.json,1500570,band_1_5m,2151
2187884,2187884.json,1500570,band_1_5m,2151
8867293,8867293.json,1500570,band_1_5m,2151
6570153,6570153.json,1500570,band_1_5m,2151
4950396,4950396.json,1500570,band_1_5m,2151
7900925,7900925.json,1500570,band_1_5m,2151
2540112,2540112.json,1500570,band_1_5m,2151
7895931,7895931.json,1500570,band_1_5m,2151
1569342,1569342.json,1500570,band_1_5m,2151
4064413,4064413.json,1500570,band_1_5m,2151
4648077,4648077.json,1500570,band_1_5m,2151
742143,742143.json,1500570,band_1_5m,2151
4086573,4086573.json,1500570,band_1_5m,2151
2129867,2129867.json,1500570,band_1_5m,2151
1519758,1519758.json,1500570,band_1_5m,2151
672500,672500.json,1500570,band_1_5m,2151
3331396,3331396.json,1500570,band_1_5m,2151
812736,812736.json,1500570,band_1_5m,2151
2014576,2014576.json,1500570,band_1_5m,2151
403287,403287.json,1500570,band_1_5m,2151
8069126,8069126.json,1500570,band_1_5m,2151
3456021,3456021.json,1500570,band_1_5m,2151
3990604,3990604.json,1500570,band_1_5m,2151
6486,6486.json,1500570,band_1_5m,2151
759365,759365.json,1500570,band_1_5m,2151
6008714,6008714.json,1500570,band_1_5m,2151
1680364,1680364.json,1500570,band_1_5m,2151
1162836,1162836.json,1500570,band_1_5m,2151
5563250,5563250.json,1500570,band_1_5m,2151
8008259,8008259.json,1500570,band_1_5m,2151
6688318,6688318.json,1500570,band_1_5m,2151
199711,199711.json,1500570,band_1_5m,2151
2549600,2549600.json,1500570,band_1_5m,2151
4155964,4155964.json,1500570,band_1_5m,2151
2904929,2904929.json,1500570,band_1_5m,2151
1847669,1847669.json,1500570,band_1_5m,2151
638470,638470.json,1500570,band_1_5m,2151
2482955,2482955.json,1500570,band_1_5m,2151
2483805,2483805.json,1500570,band_1_5m,2151
10537627,10537627.json,1500570,band_1_5m,2151
906757,906757.json,1500570,band_1_5m,2151
1489898,1489898.json,1500570,band_1_5m,2151
5252884,5252884.json,1500570,band_1_5m,2151
6622592,6622592.json,1500570,band_1_5m,2151
6238728,6238728.json,1500570,band_1_5m,2151
5408210,5408210.json,1500570,band_1_5m,2151
6984798,6984798.json,1500570,band_1_5m,2151
4244197,4244197.json,1500570,band_1_5m,2151
7214244,7214244.json,1500570,band_1_5m,2151
4247418,4247418.json,1500570,band_1_5m,2151
249316,249316.json,1500570,band_1_5m,2151
2495683,2495683.json,1500570,band_1_5m,2151
8311844,8311844.json,1500570,band_1_5m,2151
689105,689105.json,1500570,band_1_5m,2151
7596809,7596809.json,1500570,band_1_5m,2151
6255946,6255946.json,1500570,band_1_5m,2151
6899273,6899273.json,1500570,band_1_5m,2151
6473578,6473578.json,1500570,band_1_5m,2151
7430916,7430916.json,1500570,band_1_5m,2151
882692,882692.json,1500570,band_1_5m,2151
10173476,10173476.json,1500570,band_1_5m,2151
9563237,9563237.json,1500570,band_1_5m,2151
3051137,3051137.json,1500570,band_1_5m,2151
46287,46287.json,1500570,band_1_5m,2151
5360633,5360633.json,1500570,band_1_5m,2151
2561720,2561720.json,1500570,band_1_5m,2151
1305740,1305740.json,1500570,band_1_5m,2151
3150941,3150941.json,1500570,band_1_5m,2151
3870736,3870736.json,1500570,band_1_5m,2151
6841631,6841631.json,1500570,band_1_5m,2151
2779073,2779073.json,1500570,band_1_5m,2151
859234,859234.json,1500570,band_1_5m,2151
2820546,2820546.json,1500570,band_1_5m,2151
4745294,4745294.json,1500570,band_1_5m,2151
4478865,4478865.json,1500570,band_1_5m,2151
4481622,4481622.json,1500570,band_1_5m,2151
962113,962113.json,1500570,band_1_5m,2151
4482067,4482067.json,1500570,band_1_5m,2151
461505,461505.json,1500570,band_1_5m,2151
2086006,2086006.json,1500570,band_1_5m,2151
5201613,5201613.json,1500570,band_1_5m,2151
6700947,6700947.json,1500570,band_1_5m,2151
5056579,5056579.json,1500570,band_1_5m,2151
7927773,7927773.json,1500570,band_1_5m,2151
4376534,4376534.json,1500570,band_1_5m,2151
6775239,6775239.json,1500570,band_1_5m,2151
2232603,2232603.json,1500570,band_1_5m,2151
2235543,2235543.json,1500570,band_1_5m,2151
7791730,7791730.json,1500570,band_1_5m,2151
810921,810921.json,1500570,band_1_5m,2151
4149495,4149495.json,1500570,band_1_5m,2151
1279996,1279996.json,1500570,band_1_5m,2151
7460236,7460236.json,1500570,band_1_5m,2151
7460417,7460417.json,1500570,band_1_5m,2151
1562902,1562902.json,1500570,band_1_5m,2151
1950720,1950720.json,1500570,band_1_5m,2151
4833855,4833855.json,1500570,band_1_5m,2151
4257314,4257314.json,1500570,band_1_5m,2151
2445576,2445576.json,1500570,band_1_5m,2151
1255230,1255230.json,1500570,band_1_5m,2151
7687991,7687991.json,1500570,band_1_5m,2151
6977277,6977277.json,1500570,band_1_5m,2151
5281372,5281372.json,1500570,band_1_5m,2151
2720536,2720536.json,1500570,band_1_5m,2151
1822001,1822001.json,1500570,band_1_5m,2151
3339713,3339713.json,1500570,band_1_5m,2151
5844345,5844345.json,1500570,band_1_5m,2151
5452126,5452126.json,1500570,band_1_5m,2151
6445427,6445427.json,1500570,band_1_5m,2151
6429974,6429974.json,1500570,band_1_5m,2151
3059816,3059816.json,1500570,band_1_5m,2151
1828444,1828444.json,1500570,band_1_5m,2151
1632133,1632133.json,1500570,band_1_5m,2151
5830481,5830481.json,1500570,band_1_5m,2151
8583054,8583054.json,1500570,band_1_5m,2151
407746,407746.json,1500570,band_1_5m,2151
7937347,7937347.json,1500570,band_1_5m,2151
660501,660501.json,1500570,band_1_5m,2151
6829312,6829312.json,1500570,band_1_5m,2151
9189537,9189537.json,1500570,band_1_5m,2151
9190580,9190580.json,1500570,band_1_5m,2151
1364502,1364502.json,1500570,band_1_5m,2151
4257968,4257968.json,1500570,band_1_5m,2151
3056678,3056678.json,1500570,band_1_5m,2151
571883,571883.json,1500570,band_1_5m,2151
6467336,6467336.json,1500570,band_1_5m,2151
77739,77739.json,1500570,band_1_5m,2151
1125938,1125938.json,1500570,band_1_5m,2151
14906,14906.json,1500570,band_1_5m,2151
3153503,3153503.json,1500570,band_1_5m,2151
4608895,4608895.json,1500570,band_1_5m,2151
73381,73381.json,1500570,band_1_5m,2151
5808447,5808447.json,1500570,band_1_5m,2151
3365509,3365509.json,1500570,band_1_5m,2151
8593224,8593224.json,1500570,band_1_5m,2151
1254623,1254623.json,1500570,band_1_5m,2151
582546,582546.json,1500570,band_1_5m,2151
5825544,5825544.json,1500570,band_1_5m,2151
539784,539784.json,1500570,band_1_5m,2151
644104,644104.json,1500570,band_1_5m,2151
8104320,8104320.json,1500570,band_1_5m,2151
8105530,8105530.json,1500570,band_1_5m,2151
6457603,6457603.json,1500570,band_1_5m,2151
1888474,1888474.json,1500570,band_1_5m,2151
1516239,1516239.json,1500570,band_1_5m,2151
27438,27438.json,1500570,band_1_5m,2151
2747869,2747869.json,1500570,band_1_5m,2151
3751032,3751032.json,1500570,band_1_5m,2151
4602746,4602746.json,1500570,band_1_5m,2151
818694,818694.json,1500570,band_1_5m,2151
8788917,8788917.json,1500570,band_1_5m,2151
8773076,8773076.json,1500570,band_1_5m,2151
5539085,5539085.json,1500570,band_1_5m,2151
2178481,2178481.json,1500570,band_1_5m,2151
4258832,4258832.json,1500570,band_1_5m,2151
2912995,2912995.json,1500570,band_1_5m,2151
3971887,3971887.json,1500570,band_1_5m,2151
8363618,8363618.json,1500570,band_1_5m,2151
3510872,3510872.json,1500570,band_1_5m,2151
2880051,2880051.json,1500570,band_1_5m,2151
2521600,2521600.json,1500570,band_1_5m,2151
699869,699869.json,1500570,band_1_5m,2151
144212,144212.json,1500570,band_1_5m,2151
143937,143937.json,1500570,band_1_5m,2151
3095528,3095528.json,1500570,band_1_5m,2151
3656923,3656923.json,1500570,band_1_5m,2151
7973315,7973315.json,1500570,band_1_5m,2151
4098901,4098901.json,1500570,band_1_5m,2151
4101390,4101390.json,1500570,band_1_5m,2151
2789030,2789030.json,1500570,band_1_5m,2151
5475464,5475464.json,1500570,band_1_5m,2151
4570433,4570433.json,1500570,band_1_5m,2151
5426006,5426006.json,1500570,band_1_5m,2151
4053773,4053773.json,1500570,band_1_5m,2151
4196257,4196257.json,1500570,band_1_5m,2151
1210273,1210273.json,1500570,band_1_5m,2151
7395138,7395138.json,1500570,band_1_5m,2151
8228958,8228958.json,1500570,band_1_5m,2151
7512714,7512714.json,1500570,band_1_5m,2151
2926525,2926525.json,1500570,band_1_5m,2151
56288,56288.json,1500930,band_1_5m,2151
201699,201699.json,1500930,band_1_5m,2151
283732,283732.json,1500930,band_1_5m,2151
17750,17750.json,1500930,band_1_5m,2151
202830,202830.json,1500930,band_1_5m,2151
265809,265809.json,1500930,band_1_5m,2151
2857,2857.json,1500930,band_1_5m,2151
38687,38687.json,1500930,band_1_5m,2151
128851,128851.json,1500930,band_1_5m,2151
151356,151356.json,1500930,band_1_5m,2151
121149,121149.json,1500930,band_1_5m,2151
40447,40447.json,1500930,band_1_5m,2151
289153,289153.json,1500930,band_1_5m,2151
280374,280374.json,1500930,band_1_5m,2151
158655,158655.json,1500930,band_1_5m,2151
276140,276140.json,1500930,band_1_5m,2151
106285,106285.json,1500930,band_1_5m,2151
165285,165285.json,1500930,band_1_5m,2151
242912,242912.json,1500930,band_1_5m,2151
151186,151186.json,1500930,band_1_5m,2151
171771,171771.json,1500930,band_1_5m,2151
4261033,4261033.json,1501681,baseline,2151
1164687,1164687.json,1513956,baseline,2150
1811299,1811299.json,1514356,baseline,2150
7159522,7159522.json,1520621,baseline,2149
2141240,2141240.json,1524740,baseline,2149
3744855,3744855.json,1528293,baseline,2149
8431779,8431779.json,1531370,baseline,2148
1564690,1564690.json,1533554,baseline,2148
6640185,6640185.json,1562496,baseline,2146
2253032,2253032.json,1563335,baseline,2146
5825113,5825113.json,1568173,baseline,2146
1324176,1324176.json,1568799,baseline,2146
5052145,5052145.json,1568799,baseline,2146
5541408,5541408.json,1577551,baseline,2145
4896625,4896625.json,1579866,baseline,2145
4191057,4191057.json,1587377,baseline,2144
8385743,8385743.json,1592884,baseline,2144
532423,532423.json,1592884,baseline,2144
2475837,2475837.json,1592884,baseline,2144
2905519,2905519.json,1604826,baseline,2143
6322071,6322071.json,1612296,baseline,2143
6189303,6189303.json,1632181,baseline,2141
156288,156288.json,1636767,baseline,2141
1993319,1993319.json,1637750,baseline,2141
602287,602287.json,1638600,baseline,2141
1014185,1014185.json,1639297,baseline,2141
3630332,3630332.json,1640858,baseline,2141
1010497,1010497.json,1641944,baseline,2141
9110544,9110544.json,1646387,baseline,2140
1429099,1429099.json,1646755,baseline,2140
522622,522622.json,1647236,baseline,2140
1968240,1968240.json,1658486,baseline,2139
4703879,4703879.json,1658779,baseline,2139
8158273,8158273.json,1660084,baseline,2139
3717363,3717363.json,1662871,baseline,2139
8273247,8273247.json,1666202,baseline,2139
781181,781181.json,1670540,baseline,2139
1677408,1677408.json,1681769,baseline,2138
9281541,9281541.json,1686423,baseline,2138
10664787,10664787.json,1688986,baseline,2137
5481438,5481438.json,1699476,baseline,2137
7963716,7963716.json,1699476,baseline,2137
6858013,6858013.json,1705903,baseline,2136
909394,909394.json,1713122,baseline,2136
3979652,3979652.json,1721381,baseline,2135
7425150,7425150.json,1722523,baseline,2135
669325,669325.json,1732575,baseline,2134
36162,36162.json,1733723,baseline,2134
1264749,1264749.json,1737169,baseline,2134
419844,419844.json,1740949,baseline,2134
5595356,5595356.json,1753102,baseline,2133
5802560,5802560.json,1760337,baseline,2133
8095000,8095000.json,1761328,baseline,2132
4428915,4428915.json,1763594,baseline,2132
415847,415847.json,1768874,baseline,2132
10698832,10698832.json,1769715,baseline,2132
2448381,2448381.json,1770441,baseline,2132
8996208,8996208.json,1774513,baseline,2132
4474831,4474831.json,1776922,baseline,2131
7999184,7999184.json,1778617,baseline,2131
8639933,8639933.json,1782850,baseline,2131
2994291,2994291.json,1783839,baseline,2131
7822385,7822385.json,1785365,baseline,2131
485655,485655.json,1805944,baseline,2129
5137285,5137285.json,1810569,baseline,2129
5102364,5102364.json,1811814,baseline,2129
4055689,4055689.json,1817839,baseline,2129
621087,621087.json,1823233,baseline,2128
7857297,7857297.json,1824792,baseline,2128
8488614,8488614.json,1825710,baseline,2128
5663389,5663389.json,1830599,baseline,2128
1233659,1233659.json,1836682,baseline,2127
2587399,2587399.json,1838889,baseline,2127
7883824,7883824.json,1841021,baseline,2127
2030967,2030967.json,1841021,baseline,2127
3165062,3165062.json,1844379,baseline,2127
6655573,6655573.json,1856422,baseline,2126
4855125,4855125.json,1863216,baseline,2126
1785278,1785278.json,1866379,baseline,2125
1921543,1921543.json,1868045,baseline,2125
6145972,6145972.json,1872649,baseline,2125
88101,88101.json,1872649,baseline,2125
5625239,5625239.json,1874712,baseline,2125
642621,642621.json,1875555,baseline,2125
7427626,7427626.json,1875555,baseline,2125
10262250,10262250.json,1885878,baseline,2124
703066,703066.json,1895136,baseline,2124
4408073,4408073.json,1897194,baseline,2123
5181913,5181913.json,1900459,baseline,2123
3058118,3058118.json,1902010,baseline,2123
1585547,1585547.json,1906039,baseline,2123
317717,317717.json,1906725,baseline,2123
3293400,3293400.json,1909130,baseline,2123
9416130,9416130.json,1910611,baseline,2123
2073475,2073475.json,1911506,baseline,2123
759837,759837.json,1914802,baseline,2122
3477545,3477545.json,1918518,baseline,2122
7688756,7688756.json,1919638,baseline,2122
3609525,3609525.json,1923321,baseline,2122
440973,440973.json,1940483,baseline,2121
10318129,10318129.json,1943991,baseline,2120
946974,946974.json,1945977,baseline,2120
688247,688247.json,1946469,baseline,2120
5623526,5623526.json,1950258,baseline,2120
2195774,2195774.json,1954867,baseline,2120
1663939,1663939.json,1955249,baseline,2120
9362912,9362912.json,1960759,baseline,2119
440602,440602.json,1974125,baseline,2118
9695864,9695864.json,1974675,baseline,2118
1776089,1776089.json,1980503,baseline,2118
3533780,3533780.json,1983555,baseline,2118
6261269,6261269.json,1983555,baseline,2118
675366,675366.json,1984940,baseline,2118
4587857,4587857.json,1985479,baseline,2118
3963934,3963934.json,1991224,baseline,2117
8468773,8468773.json,1993120,baseline,2117
5455707,5455707.json,1995263,baseline,2117
4449325,4449325.json,1998525,baseline,2117
9956873,9956873.json,1999333,band_2m,2117
9973817,9973817.json,1999333,band_2m,2117
9071226,9071226.json,1999333,band_2m,2117
9081947,9081947.json,1999333,band_2m,2117
10265867,10265867.json,1999333,band_2m,2117
9367456,9367456.json,1999333,band_2m,2117
8457528,8457528.json,1999333,band_2m,2117
10026819,10026819.json,1999333,band_2m,2117
9339162,9339162.json,1999333,band_2m,2117
8423104,8423104.json,1999333,band_2m,2117
8415702,8415702.json,1999333,band_2m,2117
8501976,8501976.json,1999333,band_2m,2117
9383662,9383662.json,1999333,band_2m,2117
9388654,9388654.json,1999333,band_2m,2117
10331774,10331774.json,1999333,band_2m,2117
8520185,8520185.json,1999333,band_2m,2117
8542426,8542426.json,1999333,band_2m,2117
8545037,8545037.json,1999333,band_2m,2117
9020099,9020099.json,1999333,band_2m,2117
9020542,9020542.json,1999333,band_2m,2117
9896783,9896783.json,1999333,band_2m,2117
7874452,7874452.json,1999333,band_2m,2117
8590001,8590001.json,1999333,band_2m,2117
8575555,8575555.json,1999333,band_2m,2117
8603205,8603205.json,1999333,band_2m,2117
8629702,8629702.json,1999333,band_2m,2117
11260369,11260369.json,1999333,band_2m,2117
9282353,9282353.json,1999333,band_2m,2117
10856537,10856537.json,1999333,band_2m,2117
8227853,8227853.json,1999333,band_2m,2117
8232787,8232787.json,1999333,band_2m,2117
8225341,8225341.json,1999333,band_2m,2117
9273317,9273317.json,1999333,band_2m,2117
9275982,9275982.json,1999333,band_2m,2117
7944035,7944035.json,1999333,band_2m,2117
8687057,8687057.json,1999333,band_2m,2117
9255695,9255695.json,1999333,band_2m,2117
8703207,8703207.json,1999333,band_2m,2117
8183237,8183237.json,1999333,band_2m,2117
10212104,10212104.json,1999333,band_2m,2117
10198504,10198504.json,1999333,band_2m,2117
8750767,8750767.json,1999333,band_2m,2117
8740787,8740787.json,1999333,band_2m,2117
7580519,7580519.json,1999333,band_2m,2117
10753403,10753403.json,1999333,band_2m,2117
7590057,7590057.json,1999333,band_2m,2117
7621902,7621902.json,1999333,band_2m,2117
7651133,7651133.json,1999333,band_2m,2117
7652779,7652779.json,1999333,band_2m,2117
8785297,8785297.json,1999333,band_2m,2117
8789463,8789463.json,1999333,band_2m,2117
10749514,10749514.json,1999333,band_2m,2117
10146265,10146265.json,1999333,band_2m,2117
9003908,9003908.json,1999333,band_2m,2117
7803270,7803270.json,1999333,band_2m,2117
7658777,7658777.json,1999333,band_2m,2117
9185996,9185996.json,1999333,band_2m,2117
8066963,8066963.json,1999333,band_2m,2117
8833509,8833509.json,1999333,band_2m,2117
9158047,9158047.json,1999333,band_2m,2117
10134829,10134829.json,1999333,band_2m,2117
8084462,8084462.json,1999333,band_2m,2117
10112003,10112003.json,1999333,band_2m,2117
8055775,8055775.json,1999333,band_2m,2117
8060077,8060077.json,1999333,band_2m,2117
9728078,9728078.json,1999333,band_2m,2117
9002365,9002365.json,1999333,band_2m,2117
9756486,9756486.json,1999333,band_2m,2117
8042595,8042595.json,1999333,band_2m,2117
7703842,7703842.json,1999333,band_2m,2117
10672101,10672101.json,1999333,band_2m,2117
8884639,8884639.json,1999333,band_2m,2117
10492020,10492020.json,1999333,band_2m,2117
8937178,8937178.json,1999333,band_2m,2117
7999458,7999458.json,1999333,band_2m,2117
8002773,8002773.json,1999333,band_2m,2117
7768151,7768151.json,1999333,band_2m,2117
9138190,9138190.json,1999333,band_2m,2117
9106589,9106589.json,1999333,band_2m,2117
9109238,9109238.json,1999333,band_2m,2117
7772379,7772379.json,1999333,band_2m,2117
8007215,8007215.json,1999333,band_2m,2117
7997095,7997095.json,1999333,band_2m,2117
7967704,7967704.json,1999333,band_2m,2117
7968653,7968653.json,1999333,band_2m,2117
7969788,7969788.json,1999333,band_2m,2117
7787030,7787030.json,1999333,band_2m,2117
7791573,7791573.json,1999333,band_2m,2117
7779194,7779194.json,1999333,band_2m,2117
9997767,9997767.json,1999333,band_2m,2117
7905780,7905780.json,1999333,band_2m,2117
7879449,7879449.json,1999333,band_2m,2117
7880775,7880775.json,1999333,band_2m,2117
614864,614864.json,2000044,band_2m,2117
9071244,9071244.json,2000044,band_2m,2117
907903,907903.json,2000044,band_2m,2117
6700211,6700211.json,2000044,band_2m,2117
9078092,9078092.json,2000044,band_2m,2117
341963,341963.json,2000044,band_2m,2117
614711,614711.json,2000044,band_2m,2117
6145548,6145548.json,2000044,band_2m,2117
4154764,4154764.json,2000044,band_2m,2117
2537864,2537864.json,2000044,band_2m,2117
2537126,2537126.json,2000044,band_2m,2117
4167304,4167304.json,2000044,band_2m,2117
2546320,2546320.json,2000044,band_2m,2117
7900871,7900871.json,2000044,band_2m,2117
4165314,4165314.json,2000044,band_2m,2117
9946209,9946209.json,2000044,band_2m,2117
7922469,7922469.json,2000044,band_2m,2117
7921211,7921211.json,2000044,band_2m,2117
7879092,7879092.json,2000044,band_2m,2117
787068,787068.json,2000044,band_2m,2117
4179431,4179431.json,2000044,band_2m,2117
7880931,7880931.json,2000044,band_2m,2117
2551214,2551214.json,2000044,band_2m,2117
6177737,6177737.json,2000044,band_2m,2117
6170051,6170051.json,2000044,band_2m,2117
616752,616752.json,2000044,band_2m,2117
7923880,7923880.json,2000044,band_2m,2117
1001287,1001287.json,2000044,band_2m,2117
10082120,10082120.json,2000044,band_2m,2117
4089242,4089242.json,2000044,band_2m,2117
424943,424943.json,2000044,band_2m,2117
982131,982131.json,2000044,band_2m,2117
981753,981753.json,2000044,band_2m,2117
9826825,9826825.json,2000044,band_2m,2117
3090469,3090469.json,2000044,band_2m,2117
8969531,8969531.json,2000044,band_2m,2117
2897548,2897548.json,2000044,band_2m,2117
5324499,5324499.json,2000044,band_2m,2117
1501278,1501278.json,2000044,band_2m,2117
3471562,3471562.json,2000044,band_2m,2117
6807903,6807903.json,2000044,band_2m,2117
1061671,1061671.json,2000044,band_2m,2117
549231,549231.json,2000044,band_2m,2117
6648038,6648038.json,2000044,band_2m,2117
424663,424663.json,2000044,band_2m,2117
7974973,7974973.json,2000044,band_2m,2117
3130652,3130652.json,2000044,band_2m,2117
312970,312970.json,2000044,band_2m,2117
31260,31260.json,2000044,band_2m,2117
3097654,3097654.json,2000044,band_2m,2117
607174,607174.json,2000044,band_2m,2117
2575120,2575120.json,2000044,band_2m,2117
781521,781521.json,2000044,band_2m,2117
4241579,4241579.json,2000044,band_2m,2117
3396602,3396602.json,2000044,band_2m,2117
3479315,3479315.json,2000044,band_2m,2117
2888703,2888703.json,2000044,band_2m,2117
5307216,5307216.json,2000044,band_2m,2117
6828027,6828027.json,2000044,band_2m,2117
5278862,5278862.json,2000044,band_2m,2117
5288642,5288642.json,2000044,band_2m,2117
529638,529638.json,2000044,band_2m,2117
9111518,9111518.json,2000044,band_2m,2117
910988,910988.json,2000044,band_2m,2117
3083468,3083468.json,2000044,band_2m,2117
9121646,9121646.json,2000044,band_2m,2117
62427,62427.json,2000044,band_2m,2117
7750179,7750179.json,2000044,band_2m,2117
1239232,1239232.json,2000044,band_2m,2117
1235482,1235482.json,2000044,band_2m,2117
979009,979009.json,2000044,band_2m,2117
3142534,3142534.json,2000044,band_2m,2117
6049785,6049785.json,2000044,band_2m,2117
6232198,6232198.json,2000044,band_2m,2117
8005812,8005812.json,2000044,band_2m,2117
8005274,8005274.json,2000044,band_2m,2117
426617,426617.json,2000044,band_2m,2117
1242227,1242227.json,2000044,band_2m,2117
247732,247732.json,2000044,band_2m,2117
973563,973563.json,2000044,band_2m,2117
6039756,6039756.json,2000044,band_2m,2117
8937397,8937397.json,2000044,band_2m,2117
8919642,8919642.json,2000044,band_2m,2117
1487522,1487522.json,2000044,band_2m,2117
352732,352732.json,2000044,band_2m,2117
10492292,10492292.json,2000044,band_2m,2117
1547811,1547811.json,2000044,band_2m,2117
3505562,3505562.json,2000044,band_2m,2117
206533,206533.json,2000044,band_2m,2117
5263706,5263706.json,2000044,band_2m,2117
3512282,3512282.json,2000044,band_2m,2117
1767983,1767983.json,2000044,band_2m,2117
2857494,2857494.json,2000044,band_2m,2117
891131,891131.json,2000044,band_2m,2117
1484692,1484692.json,2000044,band_2m,2117
5233207,5233207.json,2000044,band_2m,2117
886865,886865.json,2000044,band_2m,2117
353564,353564.json,2000044,band_2m,2117
9154104,9154104.json,2000044,band_2m,2117
5518549,5518549.json,2000044,band_2m,2117
6030927,6030927.json,2000044,band_2m,2117
1764275,1764275.json,2000044,band_2m,2117
4062481,4062481.json,2000044,band_2m,2117
2592309,2592309.json,2000044,band_2m,2117
4298340,4298340.json,2000044,band_2m,2117
2447217,2447217.json,2000044,band_2m,2117
7687627,7687627.json,2000044,band_2m,2117
7707615,7707615.json,2000044,band_2m,2117
4331854,4331854.json,2000044,band_2m,2117
3079958,3079958.json,2000044,band_2m,2117
3157123,3157123.json,2000044,band_2m,2117
2458510,2458510.json,2000044,band_2m,2117
771390,771390.json,2000044,band_2m,2117
124373,124373.json,2000044,band_2m,2117
2462154,2462154.json,2000044,band_2m,2117
7737124,7737124.json,2000044,band_2m,2117
4308982,4308982.json,2000044,band_2m,2117
803549,803549.json,2000044,band_2m,2117
1225653,1225653.json,2000044,band_2m,2117
60848,60848.json,2000044,band_2m,2117
1695896,1695896.json,2000044,band_2m,2117
6080055,6080055.json,2000044,band_2m,2117
2931258,2931258.json,2000044,band_2m,2117
9103026,9103026.json,2000044,band_2m,2117
9000723,9000723.json,2000044,band_2m,2117
9000719,9000719.json,2000044,band_2m,2117
1510382,1510382.json,2000044,band_2m,2117
8988848,8988848.json,2000044,band_2m,2117
535504,535504.json,2000044,band_2m,2117
6767589,6767589.json,2000044,band_2m,2117
6776303,6776303.json,2000044,band_2m,2117
1982152,1982152.json,2000044,band_2m,2117
6661710,6661710.json,2000044,band_2m,2117
6013594,6013594.json,2000044,band_2m,2117
6013382,6013382.json,2000044,band_2m,2117
976066,976066.json,2000044,band_2m,2117
806665,806665.json,2000044,band_2m,2117
6883515,6883515.json,2000044,band_2m,2117
2078911,2078911.json,2000044,band_2m,2117
2076581,2076581.json,2000044,band_2m,2117
521954,521954.json,2000044,band_2m,2117
8896305,8896305.json,2000044,band_2m,2117
2856409,2856409.json,2000044,band_2m,2117
2082078,2082078.json,2000044,band_2m,2117
5206707,5206707.json,2000044,band_2m,2117
6894094,6894094.json,2000044,band_2m,2117
2849712,2849712.json,2000044,band_2m,2117
80482,80482.json,2000044,band_2m,2117
24396,24396.json,2000044,band_2m,2117
4393043,4393043.json,2000044,band_2m,2117
3166511,3166511.json,2000044,band_2m,2117
5991931,5991931.json,2000044,band_2m,2117
5522587,5522587.json,2000044,band_2m,2117
6901268,6901268.json,2000044,band_2m,2117
1476316,1476316.json,2000044,band_2m,2117
6913182,6913182.json,2000044,band_2m,2117
5529884,5529884.json,2000044,band_2m,2117
5527725,5527725.json,2000044,band_2m,2117
2443706,2443706.json,2000044,band_2m,2117
2440504,2440504.json,2000044,band_2m,2117
7679352,7679352.json,2000044,band_2m,2117
4406785,4406785.json,2000044,band_2m,2117
243192,243192.json,2000044,band_2m,2117
966699,966699.json,2000044,band_2m,2117
598862,598862.json,2000044,band_2m,2117
3559307,3559307.json,2000044,band_2m,2117
2092725,2092725.json,2000044,band_2m,2117
5186332,5186332.json,2000044,band_2m,2117
6926222,6926222.json,2000044,band_2m,2117
3369155,3369155.json,2000044,band_2m,2117
5537583,5537583.json,2000044,band_2m,2117
2603344,2603344.json,2000044,band_2m,2117
2603207,2603207.json,2000044,band_2m,2117
3060340,3060340.json,2000044,band_2m,2117
3176605,3176605.json,2000044,band_2m,2117
1786786,1786786.json,2000044,band_2m,2117
597498,597498.json,2000044,band_2m,2117
597218,597218.json,2000044,band_2m,2117
1784578,1784578.json,2000044,band_2m,2117
1467885,1467885.json,2000044,band_2m,2117
6933381,6933381.json,2000044,band_2m,2117
5171227,5171227.json,2000044,band_2m,2117
2837348,2837348.json,2000044,band_2m,2117
2831121,2831121.json,2000044,band_2m,2117
3580965,3580965.json,2000044,band_2m,2117
8801073,8801073.json,2000044,band_2m,2117
6956065,6956065.json,2000044,band_2m,2117
4408787,4408787.json,2000044,band_2m,2117
442184,442184.json,2000044,band_2m,2117
7650945,7650945.json,2000044,band_2m,2117
764652,764652.json,2000044,band_2m,2117
764541,764541.json,2000044,band_2m,2117
2422964,2422964.json,2000044,band_2m,2117
5169831,5169831.json,2000044,band_2m,2117
2946164,2946164.json,2000044,band_2m,2117
2942871,2942871.json,2000044,band_2m,2117
5157875,5157875.json,2000044,band_2m,2117
335970,335970.json,2000044,band_2m,2117
1949691,1949691.json,2000044,band_2m,2117
6958958,6958958.json,2000044,band_2m,2117
1453027,1453027.json,2000044,band_2m,2117
8086636,8086636.json,2000044,band_2m,2117
7959541,7959541.json,2000044,band_2m,2117
1218162,1218162.json,2000044,band_2m,2117
4230763,4230763.json,2000044,band_2m,2117
6202309,6202309.json,2000044,band_2m,2117
9890571,9890571.json,2000044,band_2m,2117
547183,547183.json,2000044,band_2m,2117
5389930,5389930.json,2000044,band_2m,2117
5388073,5388073.json,2000044,band_2m,2117
2024126,2024126.json,2000044,band_2m,2117
2023960,2023960.json,2000044,band_2m,2117
3447034,3447034.json,2000044,band_2m,2117
2028581,2028581.json,2000044,band_2m,2117
5469611,5469611.json,2000044,band_2m,2117
2570148,2570148.json,2000044,band_2m,2117
2415435,2415435.json,2000044,band_2m,2117
515258,515258.json,2000044,band_2m,2117
6953781,6953781.json,2000044,band_2m,2117
8785906,8785906.json,2000044,band_2m,2117
2952243,2952243.json,2000044,band_2m,2117
3589369,3589369.json,2000044,band_2m,2117
2827282,2827282.json,2000044,band_2m,2117
5949448,5949448.json,2000044,band_2m,2117
4017417,4017417.json,2000044,band_2m,2117
4015670,4015670.json,2000044,band_2m,2117
2627103,2627103.json,2000044,band_2m,2117
2626165,2626165.json,2000044,band_2m,2117
4443970,4443970.json,2000044,band_2m,2117
7610806,7610806.json,2000044,band_2m,2117
127417,127417.json,2000044,band_2m,2117
2411113,2411113.json,2000044,band_2m,2117
961111,961111.json,2000044,band_2m,2117
9568023,9568023.json,2000044,band_2m,2117
6292395,6292395.json,2000044,band_2m,2117
5941849,5941849.json,2000044,band_2m,2117
1794791,1794791.json,2000044,band_2m,2117
262003,262003.json,2000044,band_2m,2117
7619794,7619794.json,2000044,band_2m,2117
8090939,8090939.json,2000044,band_2m,2117
126888,126888.json,2000044,band_2m,2117
398683,398683.json,2000044,band_2m,2117
3997880,3997880.json,2000044,band_2m,2117
8113072,8113072.json,2000044,band_2m,2117
2407609,2407609.json,2000044,band_2m,2117
3195102,3195102.json,2000044,band_2m,2117
319877,319877.json,2000044,band_2m,2117
1795578,1795578.json,2000044,band_2m,2117
6971097,6971097.json,2000044,band_2m,2117
1452255,1452255.json,2000044,band_2m,2117
1074377,1074377.json,2000044,band_2m,2117
3590896,3590896.json,2000044,band_2m,2117
8769629,8769629.json,2000044,band_2m,2117
2129790,2129790.json,2000044,band_2m,2117
5563328,5563328.json,2000044,band_2m,2117
8119862,8119862.json,2000044,band_2m,2117
446728,446728.json,2000044,band_2m,2117
5930129,5930129.json,2000044,band_2m,2117
5930080,5930080.json,2000044,band_2m,2117
2825502,2825502.json,2000044,band_2m,2117
2824945,2824945.json,2000044,band_2m,2117
2135861,2135861.json,2000044,band_2m,2117
510022,510022.json,2000044,band_2m,2117
5099643,5099643.json,2000044,band_2m,2117
1442444,1442444.json,2000044,band_2m,2117
70039,70039.json,2000044,band_2m,2117
699709,699709.json,2000044,band_2m,2117
5096058,5096058.json,2000044,band_2m,2117
6301240,6301240.json,2000044,band_2m,2117
4461183,4461183.json,2000044,band_2m,2117
4459872,4459872.json,2000044,band_2m,2117
4481929,4481929.json,2000044,band_2m,2117
115008,115008.json,2000044,band_2m,2117
8143486,8143486.json,2000044,band_2m,2117
9220197,9220197.json,2000044,band_2m,2117
5080741,5080741.json,2000044,band_2m,2117
508251,508251.json,2000044,band_2m,2117
2814712,2814712.json,2000044,band_2m,2117
7012277,7012277.json,2000044,band_2m,2117
1945296,1945296.json,2000044,band_2m,2117
1018284,1018284.json,2000044,band_2m,2117
9495421,9495421.json,2000044,band_2m,2117
165999,165999.json,2000044,band_2m,2117
2627774,2627774.json,2000044,band_2m,2117
8151244,8151244.json,2000044,band_2m,2117
8148292,8148292.json,2000044,band_2m,2117
7555013,7555013.json,2000044,band_2m,2117
1147142,1147142.json,2000044,band_2m,2117
2390327,2390327.json,2000044,band_2m,2117
2388727,2388727.json,2000044,band_2m,2117
557604,557604.json,2000044,band_2m,2117
701880,701880.json,2000044,band_2m,2117
7017880,7017880.json,2000044,band_2m,2117
295888,295888.json,2000044,band_2m,2117
557965,557965.json,2000044,band_2m,2117
5587513,5587513.json,2000044,band_2m,2117
94803,94803.json,2000044,band_2m,2117
8143796,8143796.json,2000044,band_2m,2117
2639476,2639476.json,2000044,band_2m,2117
2637746,2637746.json,2000044,band_2m,2117
2648844,2648844.json,2000044,band_2m,2117
8157860,8157860.json,2000044,band_2m,2117
2375354,2375354.json,2000044,band_2m,2117
7533112,7533112.json,2000044,band_2m,2117
4507435,4507435.json,2000044,band_2m,2117
1286850,1286850.json,2000044,band_2m,2117
1803583,1803583.json,2000044,band_2m,2117
2810554,2810554.json,2000044,band_2m,2117
2810285,2810285.json,2000044,band_2m,2117
1571341,1571341.json,2000044,band_2m,2117
2964703,2964703.json,2000044,band_2m,2117
10383479,10383479.json,2000044,band_2m,2117
7031677,7031677.json,2000044,band_2m,2117
5056741,5056741.json,2000044,band_2m,2117
9476694,9476694.json,2000044,band_2m,2117
10210718,10210718.json,2000044,band_2m,2117
3223724,3223724.json,2000044,band_2m,2117
4544638,4544638.json,2000044,band_2m,2117
8171,8171.json,2000044,band_2m,2117
4536654,4536654.json,2000044,band_2m,2117
3215656,3215656.json,2000044,band_2m,2117
3033422,3033422.json,2000044,band_2m,2117
2145644,2145644.json,2000044,band_2m,2117
8731815,8731815.json,2000044,band_2m,2117
8702773,8702773.json,2000044,band_2m,2117
5053365,5053365.json,2000044,band_2m,2117
1811307,1811307.json,2000044,band_2m,2117
2657357,2657357.json,2000044,band_2m,2117
4556453,4556453.json,2000044,band_2m,2117
820401,820401.json,2000044,band_2m,2117
819150,819150.json,2000044,band_2m,2117
7516769,7516769.json,2000044,band_2m,2117
7510294,7510294.json,2000044,band_2m,2117
1927266,1927266.json,2000044,band_2m,2117
2802786,2802786.json,2000044,band_2m,2117
3636293,3636293.json,2000044,band_2m,2117
5033555,5033555.json,2000044,band_2m,2117
5032953,5032953.json,2000044,band_2m,2117
2800016,2800016.json,2000044,band_2m,2117
8668228,8668228.json,2000044,band_2m,2117
1579381,1579381.json,2000044,band_2m,2117
6548791,6548791.json,2000044,band_2m,2117
1036027,1036027.json,2000044,band_2m,2117
3917707,3917707.json,2000044,band_2m,2117
4573686,4573686.json,2000044,band_2m,2117
5863537,5863537.json,2000044,band_2m,2117
192304,192304.json,2000044,band_2m,2117
5621461,5621461.json,2000044,band_2m,2117
363794,363794.json,2000044,band_2m,2117
7078153,7078153.json,2000044,band_2m,2117
8661987,8661987.json,2000044,band_2m,2117
1421140,1421140.json,2000044,band_2m,2117
5632805,5632805.json,2000044,band_2m,2117
5871136,5871136.json,2000044,band_2m,2117
1814132,1814132.json,2000044,band_2m,2117
457124,457124.json,2000044,band_2m,2117
7509356,7509356.json,2000044,band_2m,2117
2658140,2658140.json,2000044,band_2m,2117
2568035,2568035.json,2000044,band_2m,2117
7952819,7952819.json,2000044,band_2m,2117
7824618,7824618.json,2000044,band_2m,2117
7822774,7822774.json,2000044,band_2m,2117
7833686,7833686.json,2000044,band_2m,2117
3117301,3117301.json,2000044,band_2m,2117
6100496,6100496.json,2000044,band_2m,2117
6115368,6115368.json,2000044,band_2m,2117
6189854,6189854.json,2000044,band_2m,2117
2559612,2559612.json,2000044,band_2m,2117
2514730,2514730.json,2000044,band_2m,2117
422129,422129.json,2000044,band_2m,2117
4217487,4217487.json,2000044,band_2m,2117
4217137,4217137.json,2000044,band_2m,2117
4197110,4197110.json,2000044,band_2m,2117
7084781,7084781.json,2000044,band_2m,2117
2167718,2167718.json,2000044,band_2m,2117
3643258,3643258.json,2000044,band_2m,2117
8653439,8653439.json,2000044,band_2m,2117
9271456,9271456.json,2000044,band_2m,2117
3311483,3311483.json,2000044,band_2m,2117
3310798,3310798.json,2000044,band_2m,2117
5654125,5654125.json,2000044,band_2m,2117
1582676,1582676.json,2000044,band_2m,2117
9282536,9282536.json,2000044,band_2m,2117
748924,748924.json,2000044,band_2m,2117
391043,391043.json,2000044,band_2m,2117
4568124,4568124.json,2000044,band_2m,2117
584678,584678.json,2000044,band_2m,2117
2670633,2670633.json,2000044,band_2m,2117
4595644,4595644.json,2000044,band_2m,2117
2351733,2351733.json,2000044,band_2m,2117
2351609,2351609.json,2000044,band_2m,2117
7458062,7458062.json,2000044,band_2m,2117
2668111,2668111.json,2000044,band_2m,2117
2352288,2352288.json,2000044,band_2m,2117
4595285,4595285.json,2000044,band_2m,2117
2357790,2357790.json,2000044,band_2m,2117
7468838,7468838.json,2000044,band_2m,2117
1306241,1306241.json,2000044,band_2m,2117
3903821,3903821.json,2000044,band_2m,2117
5853638,5853638.json,2000044,band_2m,2117
8254139,8254139.json,2000044,band_2m,2117
2673155,2673155.json,2000044,band_2m,2117
866454,866454.json,2000044,band_2m,2117
27923,27923.json,2000044,band_2m,2117
3648731,3648731.json,2000044,band_2m,2117
4982812,4982812.json,2000044,band_2m,2117
1414637,1414637.json,2000044,band_2m,2117
4979427,4979427.json,2000044,band_2m,2117
497892,497892.json,2000044,band_2m,2117
5650366,5650366.json,2000044,band_2m,2117
3894622,3894622.json,2000044,band_2m,2117
9445193,9445193.json,2000044,band_2m,2117
10221467,10221467.json,2000044,band_2m,2117
5847420,5847420.json,2000044,band_2m,2117
1832938,1832938.json,2000044,band_2m,2117
5833875,5833875.json,2000044,band_2m,2117
4642385,4642385.json,2000044,band_2m,2117
4652433,4652433.json,2000044,band_2m,2117
4656227,4656227.json,2000044,band_2m,2117
1826530,1826530.json,2000044,band_2m,2117
1635700,1635700.json,2000044,band_2m,2117
827888,827888.json,2000044,band_2m,2117
8292718,8292718.json,2000044,band_2m,2117
3885550,3885550.json,2000044,band_2m,2117
8271563,8271563.json,2000044,band_2m,2117
8268600,8268600.json,2000044,band_2m,2117
4644106,4644106.json,2000044,band_2m,2117
3883388,3883388.json,2000044,band_2m,2117
8245849,8245849.json,2000044,band_2m,2117
743981,743981.json,2000044,band_2m,2117
6377987,6377987.json,2000044,band_2m,2117
8290491,8290491.json,2000044,band_2m,2117
8285975,8285975.json,2000044,band_2m,2117
1128977,1128977.json,2000044,band_2m,2117
8282073,8282073.json,2000044,band_2m,2117
942481,942481.json,2000044,band_2m,2117
861635,861635.json,2000044,band_2m,2117
49619,49619.json,2000044,band_2m,2117
2186359,2186359.json,2000044,band_2m,2117
4960284,4960284.json,2000044,band_2m,2117
330727,330727.json,2000044,band_2m,2117
297753,297753.json,2000044,band_2m,2117
5655528,5655528.json,2000044,band_2m,2117
1837233,1837233.json,2000044,band_2m,2117
740203,740203.json,2000044,band_2m,2117
7386747,7386747.json,2000044,band_2m,2117
4667303,4667303.json,2000044,band_2m,2117
830433,830433.json,2000044,band_2m,2117
8302030,8302030.json,2000044,band_2m,2117
3241292,3241292.json,2000044,band_2m,2117
5666085,5666085.json,2000044,band_2m,2117
3667015,3667015.json,2000044,band_2m,2117
4956218,4956218.json,2000044,band_2m,2117
4953453,4953453.json,2000044,band_2m,2117
4945033,4945033.json,2000044,band_2m,2117
7126549,7126549.json,2000044,band_2m,2117
1402647,1402647.json,2000044,band_2m,2117
861539,861539.json,2000044,band_2m,2117
581320,581320.json,2000044,band_2m,2117
3853564,3853564.json,2000044,band_2m,2117
3852724,3852724.json,2000044,band_2m,2117
2695086,2695086.json,2000044,band_2m,2117
3849597,3849597.json,2000044,band_2m,2117
3846090,3846090.json,2000044,band_2m,2117
6502073,6502073.json,2000044,band_2m,2117
108760,108760.json,2000044,band_2m,2117
2780142,2780142.json,2000044,band_2m,2117
2199302,2199302.json,2000044,band_2m,2117
930417,930417.json,2000044,band_2m,2117
567520,567520.json,2000044,band_2m,2117
5685724,5685724.json,2000044,band_2m,2117
385799,385799.json,2000044,band_2m,2117
7393946,7393946.json,2000044,band_2m,2117
4684216,4684216.json,2000044,band_2m,2117
739108,739108.json,2000044,band_2m,2117
1336384,1336384.json,2000044,band_2m,2117
2287729,2287729.json,2000044,band_2m,2117
6384401,6384401.json,2000044,band_2m,2117
4909367,4909367.json,2000044,band_2m,2117
7146926,7146926.json,2000044,band_2m,2117
8568523,8568523.json,2000044,band_2m,2117
1392272,1392272.json,2000044,band_2m,2117
3700859,3700859.json,2000044,band_2m,2117
1592787,1592787.json,2000044,band_2m,2117
9415508,9415508.json,2000044,band_2m,2117
10241090,10241090.json,2000044,band_2m,2117
3840038,3840038.json,2000044,band_2m,2117
1119706,1119706.json,2000044,band_2m,2117
7351438,7351438.json,2000044,band_2m,2117
185343,185343.json,2000044,band_2m,2117
473527,473527.json,2000044,band_2m,2117
3824902,3824902.json,2000044,band_2m,2117
2989391,2989391.json,2000044,band_2m,2117
3290397,3290397.json,2000044,band_2m,2117
488593,488593.json,2000044,band_2m,2117
3702636,3702636.json,2000044,band_2m,2117
487137,487137.json,2000044,band_2m,2117
2222100,2222100.json,2000044,band_2m,2117
2214739,2214739.json,2000044,band_2m,2117
6493687,6493687.json,2000044,band_2m,2117
5697033,5697033.json,2000044,band_2m,2117
3829934,3829934.json,2000044,band_2m,2117
4738244,4738244.json,2000044,band_2m,2117
2700098,2700098.json,2000044,band_2m,2117
3831568,3831568.json,2000044,band_2m,2117
10042143,10042143.json,2000044,band_2m,2117
6120865,6120865.json,2000044,band_2m,2117
5456810,5456810.json,2000044,band_2m,2117
2925099,2925099.json,2000044,band_2m,2117
2913018,2913018.json,2000044,band_2m,2117
3437589,3437589.json,2000044,band_2m,2117
5400199,5400199.json,2000044,band_2m,2117
5408525,5408525.json,2000044,band_2m,2117
6727804,6727804.json,2000044,band_2m,2117
6183236,6183236.json,2000044,band_2m,2117
4142674,4142674.json,2000044,band_2m,2117
4187656,4187656.json,2000044,band_2m,2117
932364,932364.json,2000044,band_2m,2117
3705613,3705613.json,2000044,band_2m,2117
2767728,2767728.json,2000044,band_2m,2117
487591,487591.json,2000044,band_2m,2117
1376419,1376419.json,2000044,band_2m,2117
1375871,1375871.json,2000044,band_2m,2117
2224170,2224170.json,2000044,band_2m,2117
1858930,1858930.json,2000044,band_2m,2117
2704579,2704579.json,2000044,band_2m,2117
2714866,2714866.json,2000044,band_2m,2117
7321232,7321232.json,2000044,band_2m,2117
3246013,3246013.json,2000044,band_2m,2117
38045,38045.json,2000044,band_2m,2117
8396897,8396897.json,2000044,band_2m,2117
1108535,1108535.json,2000044,band_2m,2117
7303867,7303867.json,2000044,band_2m,2117
940016,940016.json,2000044,band_2m,2117
9384975,9384975.json,2000044,band_2m,2117
271612,271612.json,2000044,band_2m,2117
2715474,2715474.json,2000044,band_2m,2117
7310974,7310974.json,2000044,band_2m,2117
4765088,4765088.json,2000044,band_2m,2117
4763436,4763436.json,2000044,band_2m,2117
7315029,7315029.json,2000044,band_2m,2117
4757974,4757974.json,2000044,band_2m,2117
2269340,2269340.json,2000044,band_2m,2117
6482542,6482542.json,2000044,band_2m,2117
3797374,3797374.json,2000044,band_2m,2117
3809530,3809530.json,2000044,band_2m,2117
2261383,2261383.json,2000044,band_2m,2117
2259524,2259524.json,2000044,band_2m,2117
938258,938258.json,2000044,band_2m,2117
325451,325451.json,2000044,band_2m,2117
27600,27600.json,2000044,band_2m,2117
3733899,3733899.json,2000044,band_2m,2117
850493,850493.json,2000044,band_2m,2117
6474836,6474836.json,2000044,band_2m,2117
1031308,1031308.json,2000044,band_2m,2117
3744589,3744589.json,2000044,band_2m,2117
2261693,2261693.json,2000044,band_2m,2117
4786145,4786145.json,2000044,band_2m,2117
3257562,3257562.json,2000044,band_2m,2117
5757717,5757717.json,2000044,band_2m,2117
1105569,1105569.json,2000044,band_2m,2117
3744427,3744427.json,2000044,band_2m,2117
3756233,3756233.json,2000044,band_2m,2117
8499251,8499251.json,2000044,band_2m,2117
4845505,4845505.json,2000044,band_2m,2117
7221322,7221322.json,2000044,band_2m,2117
7220760,7220760.json,2000044,band_2m,2117
6470427,6470427.json,2000044,band_2m,2117
5718878,5718878.json,2000044,band_2m,2117
135487,135487.json,2000044,band_2m,2117
2257873,2257873.json,2000044,band_2m,2117
4789399,4789399.json,2000044,band_2m,2117
3789261,3789261.json,2000044,band_2m,2117
479613,479613.json,2000044,band_2m,2117
4809409,4809409.json,2000044,band_2m,2117
84733,84733.json,2000044,band_2m,2117
846931,846931.json,2000044,band_2m,2117
2741167,2741167.json,2000044,band_2m,2117
4835619,4835619.json,2000044,band_2m,2117
1097911,1097911.json,2000044,band_2m,2117
3267901,3267901.json,2000044,band_2m,2117
2999400,2999400.json,2000044,band_2m,2117
9339601,9339601.json,2000044,band_2m,2117
4805058,4805058.json,2000044,band_2m,2117
7283389,7283389.json,2000044,band_2m,2117
7283280,7283280.json,2000044,band_2m,2117
7261747,7261747.json,2000044,band_2m,2117
9941515,9941515.json,2000044,band_2m,2117
1600527,1600527.json,2000044,band_2m,2117
5739281,5739281.json,2000044,band_2m,2117
3772869,3772869.json,2000044,band_2m,2117
3769789,3769789.json,2000044,band_2m,2117
8460401,8460401.json,2000044,band_2m,2117
1881816,1881816.json,2000044,band_2m,2117
1358388,1358388.json,2000044,band_2m,2117
2251454,2251454.json,2000044,band_2m,2117
5748243,5748243.json,2000044,band_2m,2117
5743994,5743994.json,2000044,band_2m,2117
3789964,3789964.json,2000044,band_2m,2117
310483,310483.json,2000044,band_2m,2117
3115549,3115549.json,2000044,band_2m,2117
3112929,3112929.json,2000044,band_2m,2117
1730577,1730577.json,2000044,band_2m,2117
1727112,1727112.json,2000044,band_2m,2117
1200670,1200670.json,2000044,band_2m,2117
906678,906678.json,2000044,band_2m,2117
1520461,1520461.json,2000044,band_2m,2117
2005816,2005816.json,2000044,band_2m,2117
5406623,5406623.json,2000044,band_2m,2117
1517352,1517352.json,2000044,band_2m,2117
540914,540914.json,2000044,band_2m,2117
1520339,1520339.json,2000044,band_2m,2117
1200646,1200646.json,2000044,band_2m,2117
1715320,1715320.json,2000044,band_2m,2117
9998574,9998574.json,2000044,band_2m,2117
3498710,3498710.json,2000659,band_2m,2117
3265663,3265663.json,2000659,band_2m,2117
1029191,1029191.json,2000659,band_2m,2117
726362,726362.json,2000659,band_2m,2117
612520,612520.json,2000659,band_2m,2117
252109,252109.json,2000659,band_2m,2117
1706495,1706495.json,2000659,band_2m,2117
1707423,1707423.json,2000659,band_2m,2117
3411624,3411624.json,2000659,band_2m,2117
3442777,3442777.json,2000659,band_2m,2117
1056346,1056346.json,2000659,band_2m,2117
2911938,2911938.json,2000659,band_2m,2117
3431700,3431700.json,2000659,band_2m,2117
100345,100345.json,2000659,band_2m,2117
101778,101778.json,2000659,band_2m,2117
1000375,1000375.json,2000659,band_2m,2117
3422638,3422638.json,2000659,band_2m,2117
1958530,1958530.json,2000659,band_2m,2117
373727,373727.json,2000659,band_2m,2117
1713215,1713215.json,2000659,band_2m,2117
1724532,1724532.json,2000659,band_2m,2117
1203781,1203781.json,2000659,band_2m,2117
3434305,3434305.json,2000659,band_2m,2117
3428971,3428971.json,2000659,band_2m,2117
1054932,1054932.json,2000659,band_2m,2117
546357,546357.json,2000659,band_2m,2117
907947,907947.json,2000659,band_2m,2117
612365,612365.json,2000659,band_2m,2117
644712,644712.json,2000659,band_2m,2117
3262357,3262357.json,2000659,band_2m,2117
726561,726561.json,2000659,band_2m,2117
3271613,3271613.json,2000659,band_2m,2117
2027676,2027676.json,2000659,band_2m,2117
2028700,2028700.json,2000659,band_2m,2117
730191,730191.json,2000659,band_2m,2117
2265894,2265894.json,2000659,band_2m,2117
552614,552614.json,2000659,band_2m,2117
1554748,1554748.json,2000659,band_2m,2117
106909,106909.json,2000659,band_2m,2117
2090465,2090465.json,2000659,band_2m,2117
69025,69025.json,2000659,band_2m,2117
662615,662615.json,2000659,band_2m,2117
2446556,2446556.json,2000659,band_2m,2117
1776275,1776275.json,2000659,band_2m,2117
3159542,3159542.json,2000659,band_2m,2117
3161419,3161419.json,2000659,band_2m,2117
972406,972406.json,2000659,band_2m,2117
2605147,2605147.json,2000659,band_2m,2117
3249465,3249465.json,2000659,band_2m,2117
381053,381053.json,2000659,band_2m,2117
370920,370920.json,2000659,band_2m,2117
641577,641577.json,2000659,band_2m,2117
161786,161786.json,2000659,band_2m,2117
185977,185977.json,2000659,band_2m,2117
2272839,2272839.json,2000659,band_2m,2117
2273172,2273172.json,2000659,band_2m,2117
1110596,1110596.json,2000659,band_2m,2117
2716642,2716642.json,2000659,band_2m,2117
1024839,1024839.json,2000659,band_2m,2117
173815,173815.json,2000659,band_2m,2117
1738664,1738664.json,2000659,band_2m,2117
3117112,3117112.json,2000659,band_2m,2117
3118428,3118428.json,2000659,band_2m,2117
2027404,2027404.json,2000659,band_2m,2117
36926,36926.json,2000659,band_2m,2117
491275,491275.json,2000659,band_2m,2117
2205548,2205548.json,2000659,band_2m,2117
1621236,1621236.json,2000659,band_2m,2117
2289101,2289101.json,2000659,band_2m,2117
473544,473544.json,2000659,band_2m,2117
2280733,2280733.json,2000659,band_2m,2117
836036,836036.json,2000659,band_2m,2117
2701816,2701816.json,2000659,band_2m,2117
648673,648673.json,2000659,band_2m,2117
189939,189939.json,2000659,band_2m,2117
2220311,2220311.json,2000659,band_2m,2117
1902228,1902228.json,2000659,band_2m,2117
1854334,1854334.json,2000659,band_2m,2117
3245461,3245461.json,2000659,band_2m,2117
3245846,3245846.json,2000659,band_2m,2117
966134,966134.json,2000659,band_2m,2117
2433311,2433311.json,2000659,band_2m,2117
2780471,2780471.json,2000659,band_2m,2117
1401430,1401430.json,2000659,band_2m,2117
1907851,1907851.json,2000659,band_2m,2117
2506240,2506240.json,2000659,band_2m,2117
1221624,1221624.json,2000659,band_2m,2117
121765,121765.json,2000659,band_2m,2117
345912,345912.json,2000659,band_2m,2117
1989721,1989721.json,2000659,band_2m,2117
2928835,2928835.json,2000659,band_2m,2117
3127812,3127812.json,2000659,band_2m,2117
3121049,3121049.json,2000659,band_2m,2117
1119105,1119105.json,2000659,band_2m,2117
3288744,3288744.json,2000659,band_2m,2117
369875,369875.json,2000659,band_2m,2117
73923,73923.json,2000659,band_2m,2117
231338,231338.json,2000659,band_2m,2117
2981479,2981479.json,2000659,band_2m,2117
139520,139520.json,2000659,band_2m,2117
1398247,1398247.json,2000659,band_2m,2117
915228,915228.json,2000659,band_2m,2117
3368683,3368683.json,2000659,band_2m,2117
692361,692361.json,2000659,band_2m,2117
693253,693253.json,2000659,band_2m,2117
3558864,3558864.json,2000659,band_2m,2117
3562148,3562148.json,2000659,band_2m,2117
1783621,1783621.json,2000659,band_2m,2117
1250341,1250341.json,2000659,band_2m,2117
769067,769067.json,2000659,band_2m,2117
3372830,3372830.json,2000659,band_2m,2117
1774290,1774290.json,2000659,band_2m,2117
1225719,1225719.json,2000659,band_2m,2117
122574,122574.json,2000659,band_2m,2117
1180210,1180210.json,2000659,band_2m,2117
1180352,1180352.json,2000659,band_2m,2117
3089897,3089897.json,2000659,band_2m,2117
1503001,1503001.json,2000659,band_2m,2117
970384,970384.json,2000659,band_2m,2117
1505049,1505049.json,2000659,band_2m,2117
53252,53252.json,2000659,band_2m,2117
1626575,1626575.json,2000659,band_2m,2117
231958,231958.json,2000659,band_2m,2117
741011,741011.json,2000659,band_2m,2117
2678460,2678460.json,2000659,band_2m,2117
1405891,1405891.json,2000659,band_2m,2117
1087002,1087002.json,2000659,band_2m,2117
3237527,3237527.json,2000659,band_2m,2117
2676481,2676481.json,2000659,band_2m,2117
1630937,1630937.json,2000659,band_2m,2117
929951,929951.json,2000659,band_2m,2117
218183,218183.json,2000659,band_2m,2117
218573,218573.json,2000659,band_2m,2117
191634,191634.json,2000659,band_2m,2117
1263775,1263775.json,2000659,band_2m,2117
3588187,3588187.json,2000659,band_2m,2117
3571579,3571579.json,2000659,band_2m,2117
1458600,1458600.json,2000659,band_2m,2117
1465840,1465840.json,2000659,band_2m,2117
1556197,1556197.json,2000659,band_2m,2117
306042,306042.json,2000659,band_2m,2117
917583,917583.json,2000659,band_2m,2117
1458206,1458206.json,2000659,band_2m,2117
3093820,3093820.json,2000659,band_2m,2117
1917623,1917623.json,2000659,band_2m,2117
562956,562956.json,2000659,band_2m,2117
1308503,1308503.json,2000659,band_2m,2117
1822338,1822338.json,2000659,band_2m,2117
3235718,3235718.json,2000659,band_2m,2117
1823910,1823910.json,2000659,band_2m,2117
2671737,2671737.json,2000659,band_2m,2117
584174,584174.json,2000659,band_2m,2117
3233255,3233255.json,2000659,band_2m,2117
3234067,3234067.json,2000659,band_2m,2117
21763,21763.json,2000659,band_2m,2117
497700,497700.json,2000659,band_2m,2117
2172898,2172898.json,2000659,band_2m,2117
1084414,1084414.json,2000659,band_2m,2117
2335434,2335434.json,2000659,band_2m,2117
1314400,1314400.json,2000659,band_2m,2117
1504315,1504315.json,2000659,band_2m,2117
3086258,3086258.json,2000659,band_2m,2117
981843,981843.json,2000659,band_2m,2117
2495527,2495527.json,2000659,band_2m,2117
2581986,2581986.json,2000659,band_2m,2117
976791,976791.json,2000659,band_2m,2117
3405658,3405658.json,2000659,band_2m,2117
2883485,2883485.json,2000659,band_2m,2117
895823,895823.json,2000659,band_2m,2117
3399696,3399696.json,2000659,band_2m,2117
3084249,3084249.json,2000659,band_2m,2117
3084521,3084521.json,2000659,band_2m,2117
2663275,2663275.json,2000659,band_2m,2117
1819510,1819510.json,2000659,band_2m,2117
1639797,1639797.json,2000659,band_2m,2117
2165177,2165177.json,2000659,band_2m,2117
455847,455847.json,2000659,band_2m,2117
2361133,2361133.json,2000659,band_2m,2117
1419618,1419618.json,2000659,band_2m,2117
216240,216240.json,2000659,band_2m,2117
2164609,2164609.json,2000659,band_2m,2117
3363691,3363691.json,2000659,band_2m,2117
2418404,2418404.json,2000659,band_2m,2117
2477714,2477714.json,2000659,band_2m,2117
2591102,2591102.json,2000659,band_2m,2117
662752,662752.json,2000659,band_2m,2117
687534,687534.json,2000659,band_2m,2117
3534329,3534329.json,2000659,band_2m,2117
912338,912338.json,2000659,band_2m,2117
168857,168857.json,2000659,band_2m,2117
1166420,1166420.json,2000659,band_2m,2117
3029731,3029731.json,2000659,band_2m,2117
2968688,2968688.json,2000659,band_2m,2117
3312863,3312863.json,2000659,band_2m,2117
2149609,2149609.json,2000659,band_2m,2117
703965,703965.json,2000659,band_2m,2117
50480,50480.json,2000659,band_2m,2117
2373559,2373559.json,2000659,band_2m,2117
817306,817306.json,2000659,band_2m,2117
2365710,2365710.json,2000659,band_2m,2117
453990,453990.json,2000659,band_2m,2117
2370098,2370098.json,2000659,band_2m,2117
2155579,2155579.json,2000659,band_2m,2117
2157349,2157349.json,2000659,band_2m,2117
2158010,2158010.json,2000659,band_2m,2117
280593,280593.json,2000659,band_2m,2117
629411,629411.json,2000659,band_2m,2117
2624993,2624993.json,2000659,band_2m,2117
3344986,3344986.json,2000659,band_2m,2117
2485593,2485593.json,2000659,band_2m,2117
1758008,1758008.json,2000659,band_2m,2117
1760415,1760415.json,2000659,band_2m,2117
976184,976184.json,2000659,band_2m,2117
775836,775836.json,2000659,band_2m,2117
2483481,2483481.json,2000659,band_2m,2117
623843,623843.json,2000659,band_2m,2117
1062966,1062966.json,2000659,band_2m,2117
2809752,2809752.json,2000659,band_2m,2117
1804162,1804162.json,2000659,band_2m,2117
1286842,1286842.json,2000659,band_2m,2117
3379959,3379959.json,2000659,band_2m,2117
1808058,1808058.json,2000659,band_2m,2117
319539,319539.json,2000659,band_2m,2117
103732,103732.json,2000659,band_2m,2117
2390822,2390822.json,2000659,band_2m,2117
1145371,1145371.json,2000659,band_2m,2117
2147684,2147684.json,2000659,band_2m,2117
2149186,2149186.json,2000659,band_2m,2117
2144320,2144320.json,2000659,band_2m,2117
808043,808043.json,2000659,band_2m,2117
808092,808092.json,2000659,band_2m,2117
1789503,1789503.json,2000659,band_2m,2117
1790579,1790579.json,2000659,band_2m,2117
318697,318697.json,2000659,band_2m,2117
960595,960595.json,2000659,band_2m,2117
2413699,2413699.json,2000659,band_2m,2117
1794128,1794128.json,2000659,band_2m,2117
950644,950644.json,2000659,band_2m,2117
1282735,1282735.json,2000659,band_2m,2117
3338396,3338396.json,2000659,band_2m,2117
2962162,2962162.json,2000659,band_2m,2117
513936,513936.json,2000659,band_2m,2117
512724,512724.json,2000659,band_2m,2117
2119269,2119269.json,2000659,band_2m,2117
2119368,2119368.json,2000659,band_2m,2117
2121883,2121883.json,2000659,band_2m,2117
1015802,1015802.json,2000659,band_2m,2117
2405684,2405684.json,2000659,band_2m,2117
240150,240150.json,2000659,band_2m,2117
3595191,3595191.json,2000659,band_2m,2117
282622,282622.json,2000659,band_2m,2117
876522,876522.json,2000659,band_2m,2117
1947458,1947458.json,2000659,band_2m,2117
3509794,3509794.json,2000659,band_2m,2117
549375,549375.json,2000659,band_2m,2117
1977495,1977495.json,2000659,band_2m,2117
2445356,2445356.json,2000659,band_2m,2117
3524885,3524885.json,2000659,band_2m,2117
3512549,3512549.json,2000659,band_2m,2117
1550053,1550053.json,2000659,band_2m,2117
1973904,1973904.json,2000659,band_2m,2117
3385772,3385772.json,2000659,band_2m,2117
10092,10092.json,2000659,band_2m,2117
1242011,1242011.json,2000659,band_2m,2117
447570,447570.json,2000659,band_2m,2117
2398743,2398743.json,2000659,band_2m,2117
701355,701355.json,2000659,band_2m,2117
3614006,3614006.json,2000659,band_2m,2117
1439113,1439113.json,2000659,band_2m,2117
1879576,1879576.json,2000659,band_2m,2117
1892113,1892113.json,2000659,band_2m,2117
3274249,3274249.json,2000659,band_2m,2117
2997614,2997614.json,2000659,band_2m,2117
2225112,2225112.json,2000659,band_2m,2117
1374757,1374757.json,2000659,band_2m,2117
839997,839997.json,2000659,band_2m,2117
380083,380083.json,2000659,band_2m,2117
571862,571862.json,2000659,band_2m,2117
1598686,1598686.json,2000659,band_2m,2117
99739,99739.json,2000659,band_2m,2117
1709810,1709810.json,2000659,band_2m,2117
724194,724194.json,2000659,band_2m,2117
1202121,1202121.json,2000659,band_2m,2117
3412707,3412707.json,2000659,band_2m,2117
1348624,1348624.json,2000659,band_2m,2117
2749034,2749034.json,2000659,band_2m,2117
376088,376088.json,2000659,band_2m,2117
1601060,1601060.json,2000659,band_2m,2117
1360815,1360815.json,2000659,band_2m,2117
1710911,1710911.json,2000659,band_2m,2117
1358702,1358702.json,2000659,band_2m,2117
615374,615374.json,2000659,band_2m,2117
7023964,7023964.json,2002473,baseline,2117
7545280,7545280.json,2006265,baseline,2116
1789345,1789345.json,2007634,baseline,2116
1503555,1503555.json,2010854,baseline,2116
5897980,5897980.json,2014036,baseline,2116
8667567,8667567.json,2014883,baseline,2116
4072544,4072544.json,2019590,baseline,2116
6138071,6138071.json,2027805,baseline,2115
5080689,5080689.json,2034413,baseline,2115
6850945,6850945.json,2039512,baseline,2114
1948179,1948179.json,2040866,baseline,2114
3585315,3585315.json,2051553,baseline,2114
8712958,8712958.json,2054787,baseline,2113
1244283,1244283.json,2062336,baseline,2113
5472442,5472442.json,2070843,baseline,2112
5534222,5534222.json,2070843,baseline,2112
4234551,4234551.json,2073231,baseline,2112
5056978,5056978.json,2077347,baseline,2112
7755440,7755440.json,2079486,baseline,2112
6194417,6194417.json,2091120,baseline,2111
6279730,6279730.json,2095880,baseline,2111
3623063,3623063.json,2102879,baseline,2110
1436364,1436364.json,2105902,baseline,2110
5873939,5873939.json,2116705,baseline,2109
7612221,7612221.json,2127478,baseline,2109
7248239,7248239.json,2130024,baseline,2109
440467,440467.json,2138884,baseline,2108
5071209,5071209.json,2142422,baseline,2108
9425723,9425723.json,2148609,baseline,2107
58273,58273.json,2153866,baseline,2107
9960064,9960064.json,2165963,baseline,2106
2508523,2508523.json,2166645,baseline,2106
2213659,2213659.json,2166962,baseline,2106
4366938,4366938.json,2170300,baseline,2106
6289991,6289991.json,2180604,baseline,2105
10216825,10216825.json,2186369,baseline,2105
4374923,4374923.json,2187504,baseline,2105
1089497,1089497.json,2190325,baseline,2105
2972019,2972019.json,2190994,baseline,2105
7789117,7789117.json,2192243,baseline,2105
2777287,2777287.json,2196294,baseline,2105
8508104,8508104.json,2196868,baseline,2104
6372654,6372654.json,2197228,baseline,2104
6705491,6705491.json,2197936,baseline,2104
1161194,1161194.json,2204940,baseline,2104
3205395,3205395.json,2208513,baseline,2104
5910598,5910598.json,2210334,baseline,2104
8359509,8359509.json,2210570,baseline,2104
9468927,9468927.json,2212690,baseline,2103
5672135,5672135.json,2213801,baseline,2103
863122,863122.json,2214271,baseline,2103
7294151,7294151.json,2214445,baseline,2103
4105958,4105958.json,2215489,baseline,2103
1624231,1624231.json,2216284,baseline,2103
5020320,5020320.json,2216779,baseline,2103
2556552,2556552.json,2218075,baseline,2103
861959,861959.json,2222225,baseline,2103
8924366,8924366.json,2224333,baseline,2103
1683839,1683839.json,2225348,baseline,2103
728978,728978.json,2232259,baseline,2102
6897152,6897152.json,2233171,baseline,2102
4159167,4159167.json,2235202,baseline,2102
790482,790482.json,2235202,baseline,2102
7356054,7356054.json,2238326,baseline,2102
1548512,1548512.json,2240945,baseline,2102
7490039,7490039.json,2241829,baseline,2102
5388300,5388300.json,2242215,baseline,2102
8551584,8551584.json,2250667,baseline,2101
6324857,6324857.json,2257296,baseline,2101
5914964,5914964.json,2258121,baseline,2101
1692766,1692766.json,2260678,baseline,2101
2386329,2386329.json,2261402,baseline,2101
5960454,5960454.json,2263398,baseline,2100
3769796,3769796.json,2267967,baseline,2100
8484791,8484791.json,2271893,baseline,2100
5171870,5171870.json,2276523,baseline,2100
1910721,1910721.json,2277661,baseline,2100
7793854,7793854.json,2281098,baseline,2099
7935170,7935170.json,2282943,baseline,2099
9423484,9423484.json,2289835,baseline,2099
1166942,1166942.json,2298042,baseline,2098
3961313,3961313.json,2302206,baseline,2098
3162178,3162178.json,2303271,baseline,2098
8002393,8002393.json,2305685,baseline,2098
2262451,2262451.json,2310923,baseline,2098
5160870,5160870.json,2311971,baseline,2097
272500,272500.json,2314927,baseline,2097
10178093,10178093.json,2320631,baseline,2097
1600297,1600297.json,2324166,baseline,2097
131250,131250.json,2328602,baseline,2096
4067205,4067205.json,2334045,baseline,2096
5919271,5919271.json,2335155,baseline,2096
3593557,3593557.json,2339148,baseline,2096
6864257,6864257.json,2339684,baseline,2096
8480666,8480666.json,2341565,baseline,2096
1525207,1525207.json,2344462,baseline,2095
120643,120643.json,2351729,baseline,2095
8849307,8849307.json,2353677,baseline,2095
759042,759042.json,2358694,baseline,2095
4629872,4629872.json,2363509,baseline,2094
7201434,7201434.json,2363509,baseline,2094
4816583,4816583.json,2366400,baseline,2094
6948851,6948851.json,2368381,baseline,2094
4582980,4582980.json,2370375,baseline,2094
7710314,7710314.json,2377611,baseline,2093
3391628,3391628.json,2379733,baseline,2093
9255100,9255100.json,2380424,baseline,2093
5262887,5262887.json,2382402,baseline,2093
6319631,6319631.json,2397202,baseline,2092
7279796,7279796.json,2398049,baseline,2092
5075396,5075396.json,2401762,baseline,2092
3262082,3262082.json,2409461,baseline,2092
7741811,7741811.json,2411137,baseline,2091
87162,87162.json,2412644,baseline,2091
7078674,7078674.json,2413136,baseline,2091
2117789,2117789.json,2419398,baseline,2091
954457,954457.json,2424412,baseline,2091
5865065,5865065.json,2433021,baseline,2090
9340544,9340544.json,2433918,baseline,2090
7118723,7118723.json,2435017,baseline,2090
2448177,2448177.json,2439127,baseline,2090
4952505,4952505.json,2447026,baseline,2089
6264957,6264957.json,2448225,baseline,2089
5714199,5714199.json,2449939,baseline,2089
4857260,4857260.json,2450754,baseline,2089
5908536,5908536.json,2453034,baseline,2089
1721136,1721136.json,2463159,baseline,2088
6444965,6444965.json,2463740,baseline,2088
9293262,9293262.json,2464109,baseline,2088
7258131,7258131.json,2474075,baseline,2088
1077582,1077582.json,2476173,baseline,2088
2760598,2760598.json,2478358,baseline,2087
4833598,4833598.json,2482724,baseline,2087
6961579,6961579.json,2482724,baseline,2087
5937697,5937697.json,2484306,baseline,2087
620486,620486.json,2487274,baseline,2087
2005796,2005796.json,2492708,baseline,2087
6017549,6017549.json,2496506,baseline,2086
3221314,3221314.json,2498835,baseline,2086
5837818,5837818.json,2498835,baseline,2086
8052810,8052810.json,2499428,band_2_5m,2086
7704892,7704892.json,2499428,band_2_5m,2086
8851468,8851468.json,2499428,band_2_5m,2086
8858199,8858199.json,2499428,band_2_5m,2086
9687355,9687355.json,2499428,band_2_5m,2086
8048368,8048368.json,2499428,band_2_5m,2086
7670615,7670615.json,2499428,band_2_5m,2086
6944114,6944114.json,2499428,band_2_5m,2086
6936406,6936406.json,2499428,band_2_5m,2086
7685838,7685838.json,2499428,band_2_5m,2086
8077491,8077491.json,2499428,band_2_5m,2086
11606502,11606502.json,2499428,band_2_5m,2086
10150973,10150973.json,2499428,band_2_5m,2086
11612101,11612101.json,2499428,band_2_5m,2086
8828626,8828626.json,2499428,band_2_5m,2086
9752193,9752193.json,2499428,band_2_5m,2086
9368230,9368230.json,2499428,band_2_5m,2086
9059660,9059660.json,2499428,band_2_5m,2086
8772997,8772997.json,2499428,band_2_5m,2086
7718382,7718382.json,2499428,band_2_5m,2086
10106310,10106310.json,2499428,band_2_5m,2086
8814128,8814128.json,2499428,band_2_5m,2086
6954486,6954486.json,2499428,band_2_5m,2086
9592007,9592007.json,2499428,band_2_5m,2086
7618977,7618977.json,2499428,band_2_5m,2086
10739367,10739367.json,2499428,band_2_5m,2086
7629505,7629505.json,2499428,band_2_5m,2086
8112008,8112008.json,2499428,band_2_5m,2086
6978395,6978395.json,2499428,band_2_5m,2086
8127439,8127439.json,2499428,band_2_5m,2086
6967213,6967213.json,2499428,band_2_5m,2086
7001393,7001393.json,2499428,band_2_5m,2086
6990137,6990137.json,2499428,band_2_5m,2086
8910671,8910671.json,2499428,band_2_5m,2086
8120227,8120227.json,2499428,band_2_5m,2086
10779643,10779643.json,2499428,band_2_5m,2086
7007550,7007550.json,2499428,band_2_5m,2086
9216001,9216001.json,2499428,band_2_5m,2086
10403854,10403854.json,2499428,band_2_5m,2086
9506614,9506614.json,2499428,band_2_5m,2086
7583479,7583479.json,2499428,band_2_5m,2086
7572821,7572821.json,2499428,band_2_5m,2086
10783248,10783248.json,2499428,band_2_5m,2086
7021580,7021580.json,2499428,band_2_5m,2086
10402473,10402473.json,2499428,band_2_5m,2086
9247818,9247818.json,2499428,band_2_5m,2086
8066349,8066349.json,2499428,band_2_5m,2086
7886606,7886606.json,2499428,band_2_5m,2086
9161693,9161693.json,2499428,band_2_5m,2086
7916007,7916007.json,2499428,band_2_5m,2086
8705662,8705662.json,2499428,band_2_5m,2086
7021727,7021727.json,2499428,band_2_5m,2086
9486588,9486588.json,2499428,band_2_5m,2086
8138826,8138826.json,2499428,band_2_5m,2086
7531291,7531291.json,2499428,band_2_5m,2086
7534220,7534220.json,2499428,band_2_5m,2086
8932464,8932464.json,2499428,band_2_5m,2086
10631899,10631899.json,2499428,band_2_5m,2086
8692390,8692390.json,2499428,band_2_5m,2086
8205909,8205909.json,2499428,band_2_5m,2086
7499209,7499209.json,2499428,band_2_5m,2086
8694649,8694649.json,2499428,band_2_5m,2086
7063859,7063859.json,2499428,band_2_5m,2086
7080439,7080439.json,2499428,band_2_5m,2086
7027967,7027967.json,2499428,band_2_5m,2086
10634519,10634519.json,2499428,band_2_5m,2086
9776793,9776793.json,2499428,band_2_5m,2086
7782310,7782310.json,2499428,band_2_5m,2086
8658354,8658354.json,2499428,band_2_5m,2086
7770101,7770101.json,2499428,band_2_5m,2086
7465202,7465202.json,2499428,band_2_5m,2086
8228868,8228868.json,2499428,band_2_5m,2086
9444081,9444081.json,2499428,band_2_5m,2086
7481226,7481226.json,2499428,baseline,2086
7435658,7435658.json,2499428,band_2_5m,2086
11291240,11291240.json,2499428,band_2_5m,2086
8278218,8278218.json,2499428,band_2_5m,2086
9440382,9440382.json,2499428,band_2_5m,2086
7418287,7418287.json,2499428,band_2_5m,2086
9285230,9285230.json,2499428,band_2_5m,2086
8643316,8643316.json,2499428,band_2_5m,2086
8175911,8175911.json,2499428,band_2_5m,2086
7100664,7100664.json,2499428,band_2_5m,2086
7977396,7977396.json,2499428,band_2_5m,2086
7414728,7414728.json,2499428,band_2_5m,2086
10624514,10624514.json,2499428,band_2_5m,2086
8612804,8612804.json,2499428,band_2_5m,2086
7106908,7106908.json,2499428,band_2_5m,2086
8307820,8307820.json,2499428,band_2_5m,2086
8286987,8286987.json,2499428,band_2_5m,2086
7396183,7396183.json,2499428,band_2_5m,2086
10233878,10233878.json,2499428,band_2_5m,2086
7359435,7359435.json,2499428,band_2_5m,2086
10876073,10876073.json,2499428,band_2_5m,2086
7360788,7360788.json,2499428,band_2_5m,2086
9882196,9882196.json,2499428,band_2_5m,2086
7814146,7814146.json,2499428,band_2_5m,2086
7960822,7960822.json,2499428,band_2_5m,2086
10593486,10593486.json,2499428,band_2_5m,2086
9833410,9833410.json,2499428,band_2_5m,2086
8336495,8336495.json,2499428,band_2_5m,2086
7152227,7152227.json,2499428,band_2_5m,2086
7342375,7342375.json,2499428,band_2_5m,2086
11142008,11142008.json,2499428,band_2_5m,2086
7181872,7181872.json,2499428,band_2_5m,2086
7165994,7165994.json,2499428,band_2_5m,2086
9407750,9407750.json,2499428,band_2_5m,2086
11126324,11126324.json,2499428,band_2_5m,2086
11139513,11139513.json,2499428,band_2_5m,2086
9342261,9342261.json,2499428,band_2_5m,2086
7747129,7747129.json,2499428,band_2_5m,2086
9150523,9150523.json,2499428,band_2_5m,2086
6907988,6907988.json,2499428,band_2_5m,2086
8839882,8839882.json,2499428,band_2_5m,2086
7839133,7839133.json,2499428,band_2_5m,2086
7848191,7848191.json,2499428,band_2_5m,2086
7192031,7192031.json,2499428,band_2_5m,2086
9331745,9331745.json,2499428,band_2_5m,2086
9893473,9893473.json,2499428,band_2_5m,2086
8397215,8397215.json,2499428,band_2_5m,2086
9019208,9019208.json,2499428,band_2_5m,2086
7830117,7830117.json,2499428,band_2_5m,2086
7278993,7278993.json,2499428,band_2_5m,2086
8506739,8506739.json,2499428,band_2_5m,2086
7217591,7217591.json,2499428,band_2_5m,2086
8406916,8406916.json,2499428,band_2_5m,2086
7942212,7942212.json,2499428,band_2_5m,2086
7932019,7932019.json,2499428,band_2_5m,2086
9378171,9378171.json,2499428,band_2_5m,2086
9013316,9013316.json,2499428,band_2_5m,2086
9036952,9036952.json,2499428,band_2_5m,2086
9085206,9085206.json,2499428,band_2_5m,2086
8501131,8501131.json,2499428,band_2_5m,2086
7252567,7252567.json,2499428,band_2_5m,2086
8434211,8434211.json,2499428,band_2_5m,2086
8442086,8442086.json,2499428,band_2_5m,2086
9090541,9090541.json,2499428,band_2_5m,2086
2540060,2540060.json,2500088,band_2_5m,2086
80396,80396.json,2500088,band_2_5m,2086
497607,497607.json,2500088,band_2_5m,2086
2174603,2174603.json,2500088,band_2_5m,2086
8665054,8665054.json,2500088,band_2_5m,2086
2538383,2538383.json,2500088,band_2_5m,2086
2916284,2916284.json,2500088,band_2_5m,2086
3423530,3423530.json,2500088,band_2_5m,2086
3422646,3422646.json,2500088,band_2_5m,2086
545454,545454.json,2500088,band_2_5m,2086
669396,669396.json,2500088,band_2_5m,2086
5437851,5437851.json,2500088,band_2_5m,2086
5434257,5434257.json,2500088,band_2_5m,2086
3221858,3221858.json,2500088,band_2_5m,2086
302783,302783.json,2500088,band_2_5m,2086
9976390,9976390.json,2500088,band_2_5m,2086
999643,999643.json,2500088,band_2_5m,2086
617075,617075.json,2500088,band_2_5m,2086
6172340,6172340.json,2500088,band_2_5m,2086
9947744,9947744.json,2500088,band_2_5m,2086
4159853,4159853.json,2500088,band_2_5m,2086
7906676,7906676.json,2500088,band_2_5m,2086
4166817,4166817.json,2500088,band_2_5m,2086
2001260,2001260.json,2500088,band_2_5m,2086
1998700,1998700.json,2500088,band_2_5m,2086
9076343,9076343.json,2500088,band_2_5m,2086
7497700,7497700.json,2500088,band_2_5m,2086
2362950,2362950.json,2500088,band_2_5m,2086
2359183,2359183.json,2500088,band_2_5m,2086
4569488,4569488.json,2500088,band_2_5m,2086
1138338,1138338.json,2500088,band_2_5m,2086
1138138,1138138.json,2500088,band_2_5m,2086
9446208,9446208.json,2500088,band_2_5m,2086
5874876,5874876.json,2500088,band_2_5m,2086
5873979,5873979.json,2500088,band_2_5m,2086
9277060,9277060.json,2500088,band_2_5m,2086
6343590,6343590.json,2500088,band_2_5m,2086
417209,417209.json,2500088,band_2_5m,2086
7879747,7879747.json,2500088,band_2_5m,2086
6137224,6137224.json,2500088,band_2_5m,2086
6140801,6140801.json,2500088,band_2_5m,2086
3428306,3428306.json,2500088,band_2_5m,2086
5418145,5418145.json,2500088,band_2_5m,2086
5417339,5417339.json,2500088,band_2_5m,2086
5414869,5414869.json,2500088,band_2_5m,2086
1136075,1136075.json,2500088,band_2_5m,2086
1648948,1648948.json,2500088,band_2_5m,2086
3938445,3938445.json,2500088,band_2_5m,2086
3937554,3937554.json,2500088,band_2_5m,2086
817999,817999.json,2500088,band_2_5m,2086
453536,453536.json,2500088,band_2_5m,2086
4534872,4534872.json,2500088,band_2_5m,2086
2367038,2367038.json,2500088,band_2_5m,2086
2652756,2652756.json,2500088,band_2_5m,2086
8618850,8618850.json,2500088,band_2_5m,2086
5414484,5414484.json,2500088,band_2_5m,2086
5424644,5424644.json,2500088,band_2_5m,2086
5410498,5410498.json,2500088,band_2_5m,2086
3430602,3430602.json,2500088,band_2_5m,2086
3429752,3429752.json,2500088,band_2_5m,2086
151641,151641.json,2500088,band_2_5m,2086
2179196,2179196.json,2500088,band_2_5m,2086
6685721,6685721.json,2500088,band_2_5m,2086
5860708,5860708.json,2500088,band_2_5m,2086
1640064,1640064.json,2500088,band_2_5m,2086
5858135,5858135.json,2500088,band_2_5m,2086
5855787,5855787.json,2500088,band_2_5m,2086
1817832,1817832.json,2500088,band_2_5m,2086
1645741,1645741.json,2500088,band_2_5m,2086
6349295,6349295.json,2500088,band_2_5m,2086
8217250,8217250.json,2500088,band_2_5m,2086
4577662,4577662.json,2500088,band_2_5m,2086
9094663,9094663.json,2500088,band_2_5m,2086
9027004,9027004.json,2500088,band_2_5m,2086
9039047,9039047.json,2500088,band_2_5m,2086
4960962,4960962.json,2500088,band_2_5m,2086
2907692,2907692.json,2500088,band_2_5m,2086
1291452,1291452.json,2500088,band_2_5m,2086
7523064,7523064.json,2500088,band_2_5m,2086
3029478,3029478.json,2500088,band_2_5m,2086
3028202,3028202.json,2500088,band_2_5m,2086
235474,235474.json,2500088,band_2_5m,2086
8239333,8239333.json,2500088,band_2_5m,2086
3909881,3909881.json,2500088,band_2_5m,2086
5855197,5855197.json,2500088,band_2_5m,2086
3118637,3118637.json,2500088,band_2_5m,2086
9922368,9922368.json,2500088,band_2_5m,2086
3309380,3309380.json,2500088,band_2_5m,2086
2526864,2526864.json,2500088,band_2_5m,2086
7884869,7884869.json,2500088,band_2_5m,2086
5397595,5397595.json,2500088,band_2_5m,2086
6733728,6733728.json,2500088,band_2_5m,2086
1313165,1313165.json,2500088,band_2_5m,2086
2666094,2666094.json,2500088,band_2_5m,2086
4591550,4591550.json,2500088,band_2_5m,2086
4597854,4597854.json,2500088,band_2_5m,2086
7477243,7477243.json,2500088,band_2_5m,2086
7476892,7476892.json,2500088,band_2_5m,2086
1301,1301.json,2500088,band_2_5m,2086
2358961,2358961.json,2500088,band_2_5m,2086
3648349,3648349.json,2500088,band_2_5m,2086
3407145,3407145.json,2500088,band_2_5m,2086
9085706,9085706.json,2500088,band_2_5m,2086
5470685,5470685.json,2500088,band_2_5m,2086
4993530,4993530.json,2500088,band_2_5m,2086
10577815,10577815.json,2500088,band_2_5m,2086
9018366,9018366.json,2500088,band_2_5m,2086
6741414,6741414.json,2500088,band_2_5m,2086
673878,673878.json,2500088,band_2_5m,2086
6738576,6738576.json,2500088,band_2_5m,2086
4614371,4614371.json,2500088,band_2_5m,2086
7459012,7459012.json,2500088,band_2_5m,2086
9444853,9444853.json,2500088,band_2_5m,2086
4992060,4992060.json,2500088,band_2_5m,2086
5850042,5850042.json,2500088,band_2_5m,2086
2668364,2668364.json,2500088,band_2_5m,2086
2553996,2553996.json,2500088,band_2_5m,2086
2552419,2552419.json,2500088,band_2_5m,2086
4188841,4188841.json,2500088,band_2_5m,2086
2448910,2448910.json,2500088,band_2_5m,2086
4196798,4196798.json,2500088,band_2_5m,2086
3110342,3110342.json,2500088,band_2_5m,2086
3452261,3452261.json,2500088,band_2_5m,2086
5840784,5840784.json,2500088,band_2_5m,2086
6357361,6357361.json,2500088,band_2_5m,2086
5881859,5881859.json,2500088,band_2_5m,2086
3946517,3946517.json,2500088,band_2_5m,2086
3945806,3945806.json,2500088,band_2_5m,2086
8159278,8159278.json,2500088,band_2_5m,2086
451052,451052.json,2500088,band_2_5m,2086
1310978,1310978.json,2500088,band_2_5m,2086
2022607,2022607.json,2500088,band_2_5m,2086
9028498,9028498.json,2500088,band_2_5m,2086
3448690,3448690.json,2500088,band_2_5m,2086
6754586,6754586.json,2500088,band_2_5m,2086
6770845,6770845.json,2500088,band_2_5m,2086
5373006,5373006.json,2500088,band_2_5m,2086
2448221,2448221.json,2500088,band_2_5m,2086
5387509,5387509.json,2500088,band_2_5m,2086
9016098,9016098.json,2500088,band_2_5m,2086
547054,547054.json,2500088,band_2_5m,2086
6673267,6673267.json,2500088,band_2_5m,2086
7698544,7698544.json,2500088,band_2_5m,2086
4615070,4615070.json,2500088,band_2_5m,2086
131380,131380.json,2500088,band_2_5m,2086
8055625,8055625.json,2500088,band_2_5m,2086
7444643,7444643.json,2500088,band_2_5m,2086
3022480,3022480.json,2500088,band_2_5m,2086
3021411,3021411.json,2500088,band_2_5m,2086
943303,943303.json,2500088,band_2_5m,2086
6364772,6364772.json,2500088,band_2_5m,2086
2925895,2925895.json,2500088,band_2_5m,2086
4137747,4137747.json,2500088,band_2_5m,2086
1704295,1704295.json,2500088,band_2_5m,2086
1708370,1708370.json,2500088,band_2_5m,2086
6765570,6765570.json,2500088,band_2_5m,2086
900263,900263.json,2500088,band_2_5m,2086
1509214,1509214.json,2500088,band_2_5m,2086
7434753,7434753.json,2500088,band_2_5m,2086
3889579,3889579.json,2500088,band_2_5m,2086
7453359,7453359.json,2500088,band_2_5m,2086
7452446,7452446.json,2500088,band_2_5m,2086
2337564,2337564.json,2500088,band_2_5m,2086
2338947,2338947.json,2500088,band_2_5m,2086
5359621,5359621.json,2500088,band_2_5m,2086
4198779,4198779.json,2500088,band_2_5m,2086
4208023,4208023.json,2500088,band_2_5m,2086
7845038,7845038.json,2500088,band_2_5m,2086
7844227,7844227.json,2500088,band_2_5m,2086
805514,805514.json,2500088,band_2_5m,2086
4194325,4194325.json,2500088,band_2_5m,2086
5836056,5836056.json,2500088,band_2_5m,2086
1635019,1635019.json,2500088,band_2_5m,2086
6365879,6365879.json,2500088,band_2_5m,2086
9439060,9439060.json,2500088,band_2_5m,2086
2333081,2333081.json,2500088,band_2_5m,2086
387710,387710.json,2500088,band_2_5m,2086
3876896,3876896.json,2500088,band_2_5m,2086
2674207,2674207.json,2500088,band_2_5m,2086
2035540,2035540.json,2500088,band_2_5m,2086
5356351,5356351.json,2500088,band_2_5m,2086
6785080,6785080.json,2500088,band_2_5m,2086
1294930,1294930.json,2500088,band_2_5m,2086
6778550,6778550.json,2500088,band_2_5m,2086
9000209,9000209.json,2500088,band_2_5m,2086
5479284,5479284.json,2500088,band_2_5m,2086
4556747,4556747.json,2500088,band_2_5m,2086
6374867,6374867.json,2500088,band_2_5m,2086
4554029,4554029.json,2500088,band_2_5m,2086
7541155,7541155.json,2500088,band_2_5m,2086
8165753,8165753.json,2500088,band_2_5m,2086
4559481,4559481.json,2500088,band_2_5m,2086
3954345,3954345.json,2500088,band_2_5m,2086
4507770,4507770.json,2500088,band_2_5m,2086
3965627,3965627.json,2500088,band_2_5m,2086
1833621,1833621.json,2500088,band_2_5m,2086
463948,463948.json,2500088,band_2_5m,2086
2323387,2323387.json,2500088,band_2_5m,2086
2320166,2320166.json,2500088,band_2_5m,2086
8301433,8301433.json,2500088,band_2_5m,2086
3871046,3871046.json,2500088,band_2_5m,2086
1542156,1542156.json,2500088,band_2_5m,2086
3417519,3417519.json,2500088,band_2_5m,2086
1982375,1982375.json,2500088,band_2_5m,2086
8973090,8973090.json,2500088,band_2_5m,2086
10614609,10614609.json,2500088,band_2_5m,2086
6099902,6099902.json,2500088,band_2_5m,2086
8284807,8284807.json,2500088,band_2_5m,2086
7424151,7424151.json,2500088,band_2_5m,2086
2319487,2319487.json,2500088,band_2_5m,2086
2318852,2318852.json,2500088,band_2_5m,2086
4663024,4663024.json,2500088,band_2_5m,2086
1322161,1322161.json,2500088,band_2_5m,2086
6334495,6334495.json,2500088,band_2_5m,2086
7936898,7936898.json,2500088,band_2_5m,2086
2514273,2514273.json,2500088,band_2_5m,2086
4213663,4213663.json,2500088,band_2_5m,2086
5321015,5321015.json,2500088,band_2_5m,2086
5320328,5320328.json,2500088,band_2_5m,2086
5326330,5326330.json,2500088,band_2_5m,2086
2312298,2312298.json,2500088,band_2_5m,2086
301551,301551.json,2500088,band_2_5m,2086
5804322,5804322.json,2500088,band_2_5m,2086
5816217,5816217.json,2500088,band_2_5m,2086
5826405,5826405.json,2500088,band_2_5m,2086
6378203,6378203.json,2500088,band_2_5m,2086
7412957,7412957.json,2500088,band_2_5m,2086
5325557,5325557.json,2500088,band_2_5m,2086
2894621,2894621.json,2500088,band_2_5m,2086
6806444,6806444.json,2500088,band_2_5m,2086
6803953,6803953.json,2500088,band_2_5m,2086
8966323,8966323.json,2500088,band_2_5m,2086
1502035,1502035.json,2500088,band_2_5m,2086
5490816,5490816.json,2500088,band_2_5m,2086
1981134,1981134.json,2500088,band_2_5m,2086
6651629,6651629.json,2500088,band_2_5m,2086
2931460,2931460.json,2500088,band_2_5m,2086
8316532,8316532.json,2500088,band_2_5m,2086
8315508,8315508.json,2500088,band_2_5m,2086
1128198,1128198.json,2500088,band_2_5m,2086
1127695,1127695.json,2500088,band_2_5m,2086
7388288,7388288.json,2500088,band_2_5m,2086
8310684,8310684.json,2500088,band_2_5m,2086
2314771,2314771.json,2500088,band_2_5m,2086
7397210,7397210.json,2500088,band_2_5m,2086
4221738,4221738.json,2500088,band_2_5m,2086
8973565,8973565.json,2500088,band_2_5m,2086
2888844,2888844.json,2500088,band_2_5m,2086
8954237,8954237.json,2500088,band_2_5m,2086
8951591,8951591.json,2500088,band_2_5m,2086
8949419,8949419.json,2500088,band_2_5m,2086
941934,941934.json,2500088,band_2_5m,2086
4502869,4502869.json,2500088,band_2_5m,2086
8152154,8152154.json,2500088,band_2_5m,2086
8164622,8164622.json,2500088,band_2_5m,2086
5897874,5897874.json,2500088,band_2_5m,2086
3041836,3041836.json,2500088,band_2_5m,2086
320431,320431.json,2500088,band_2_5m,2086
10206731,10206731.json,2500088,band_2_5m,2086
6324057,6324057.json,2500088,band_2_5m,2086
3238394,3238394.json,2500088,band_2_5m,2086
6816469,6816469.json,2500088,band_2_5m,2086
5310026,5310026.json,2500088,band_2_5m,2086
1702632,1702632.json,2500088,band_2_5m,2086
6194785,6194785.json,2500088,band_2_5m,2086
4121176,4121176.json,2500088,band_2_5m,2086
7828813,7828813.json,2500088,band_2_5m,2086
7820936,7820936.json,2500088,band_2_5m,2086
3491366,3491366.json,2500088,band_2_5m,2086
2886018,2886018.json,2500088,band_2_5m,2086
7384172,7384172.json,2500088,band_2_5m,2086
2307967,2307967.json,2500088,band_2_5m,2086
4684035,4684035.json,2500088,band_2_5m,2086
1326189,1326189.json,2500088,band_2_5m,2086
10236262,10236262.json,2500088,band_2_5m,2086
5798507,5798507.json,2500088,band_2_5m,2086
5797655,5797655.json,2500088,band_2_5m,2086
2917006,2917006.json,2500088,band_2_5m,2086
2920185,2920185.json,2500088,band_2_5m,2086
5303539,5303539.json,2500088,band_2_5m,2086
1500115,1500115.json,2500088,band_2_5m,2086
1499942,1499942.json,2500088,band_2_5m,2086
1494596,1494596.json,2500088,band_2_5m,2086
5281234,5281234.json,2500088,band_2_5m,2086
2056133,2056133.json,2500088,band_2_5m,2086
5296315,5296315.json,2500088,band_2_5m,2086
9107635,9107635.json,2500088,band_2_5m,2086
549629,549629.json,2500088,band_2_5m,2086
4694759,4694759.json,2500088,band_2_5m,2086
4691388,4691388.json,2500088,band_2_5m,2086
4689553,4689553.json,2500088,band_2_5m,2086
4689317,4689317.json,2500088,band_2_5m,2086
468726,468726.json,2500088,band_2_5m,2086
7373213,7373213.json,2500088,band_2_5m,2086
7371129,7371129.json,2500088,band_2_5m,2086
3855750,3855750.json,2500088,band_2_5m,2086
5493786,5493786.json,2500088,band_2_5m,2086
664529,664529.json,2500088,band_2_5m,2086
1219229,1219229.json,2500088,band_2_5m,2086
6708931,6708931.json,2500088,band_2_5m,2086
4115806,4115806.json,2500088,band_2_5m,2086
3844116,3844116.json,2500088,band_2_5m,2086
3971440,3971440.json,2500088,band_2_5m,2086
3969345,3969345.json,2500088,band_2_5m,2086
4489180,4489180.json,2500088,band_2_5m,2086
4488494,4488494.json,2500088,band_2_5m,2086
1282520,1282520.json,2500088,band_2_5m,2086
3850811,3850811.json,2500088,band_2_5m,2086
1327652,1327652.json,2500088,band_2_5m,2086
6096853,6096853.json,2500088,band_2_5m,2086
3494472,3494472.json,2500088,band_2_5m,2086
2879859,2879859.json,2500088,band_2_5m,2086
10637965,10637965.json,2500088,band_2_5m,2086
5270460,5270460.json,2500088,band_2_5m,2086
2064378,2064378.json,2500088,band_2_5m,2086
6841825,6841825.json,2500088,band_2_5m,2086
2062238,2062238.json,2500088,band_2_5m,2086
1491648,1491648.json,2500088,band_2_5m,2086
7367537,7367537.json,2500088,band_2_5m,2086
7366580,7366580.json,2500088,band_2_5m,2086
7364289,7364289.json,2500088,band_2_5m,2086
2297712,2297712.json,2500088,band_2_5m,2086
7360378,7360378.json,2500088,band_2_5m,2086
2683574,2683574.json,2500088,band_2_5m,2086
8334546,8334546.json,2500088,band_2_5m,2086
10502918,10502918.json,2500088,band_2_5m,2086
10500413,10500413.json,2500088,band_2_5m,2086
1049434,1049434.json,2500088,band_2_5m,2086
1975581,1975581.json,2500088,band_2_5m,2086
6708230,6708230.json,2500088,band_2_5m,2086
3516167,3516167.json,2500088,band_2_5m,2086
5248423,5248423.json,2500088,band_2_5m,2086
6406844,6406844.json,2500088,band_2_5m,2086
5794201,5794201.json,2500088,band_2_5m,2086
1849869,1849869.json,2500088,band_2_5m,2086
3250699,3250699.json,2500088,band_2_5m,2086
2697644,2697644.json,2500088,band_2_5m,2086
2697440,2697440.json,2500088,band_2_5m,2086
6206818,6206818.json,2500088,band_2_5m,2086
4117736,4117736.json,2500088,band_2_5m,2086
4117211,4117211.json,2500088,band_2_5m,2086
4232745,4232745.json,2500088,band_2_5m,2086
4104218,4104218.json,2500088,band_2_5m,2086
7816275,7816275.json,2500088,band_2_5m,2086
783537,783537.json,2500088,band_2_5m,2086
7576331,7576331.json,2500088,band_2_5m,2086
7570040,7570040.json,2500088,band_2_5m,2086
756427,756427.json,2500088,band_2_5m,2086
7595963,7595963.json,2500088,band_2_5m,2086
4479534,4479534.json,2500088,band_2_5m,2086
4478395,4478395.json,2500088,band_2_5m,2086
8348162,8348162.json,2500088,band_2_5m,2086
6706007,6706007.json,2500088,band_2_5m,2086
7347999,7347999.json,2500088,band_2_5m,2086
2872116,2872116.json,2500088,band_2_5m,2086
5245651,5245651.json,2500088,band_2_5m,2086
5250744,5250744.json,2500088,band_2_5m,2086
5232833,5232833.json,2500088,band_2_5m,2086
9066554,9066554.json,2500088,band_2_5m,2086
2868381,2868381.json,2500088,band_2_5m,2086
3829608,3829608.json,2500088,band_2_5m,2086
6715239,6715239.json,2500088,band_2_5m,2086
4739069,4739069.json,2500088,band_2_5m,2086
7342790,7342790.json,2500088,band_2_5m,2086
1330039,1330039.json,2500088,band_2_5m,2086
8348450,8348450.json,2500088,band_2_5m,2086
4476572,4476572.json,2500088,band_2_5m,2086
4476194,4476194.json,2500088,band_2_5m,2086
9531517,9531517.json,2500088,band_2_5m,2086
9501808,9501808.json,2500088,band_2_5m,2086
1655731,1655731.json,2500088,band_2_5m,2086
3013932,3013932.json,2500088,band_2_5m,2086
1621114,1621114.json,2500088,band_2_5m,2086
1619915,1619915.json,2500088,band_2_5m,2086
5789997,5789997.json,2500088,band_2_5m,2086
6873307,6873307.json,2500088,band_2_5m,2086
3381777,3381777.json,2500088,band_2_5m,2086
8886830,8886830.json,2500088,band_2_5m,2086
8882389,8882389.json,2500088,band_2_5m,2086
5224348,5224348.json,2500088,band_2_5m,2086
523385,523385.json,2500088,band_2_5m,2086
4752378,4752378.json,2500088,band_2_5m,2086
4750147,4750147.json,2500088,band_2_5m,2086
732929,732929.json,2500088,band_2_5m,2086
732922,732922.json,2500088,band_2_5m,2086
7322797,7322797.json,2500088,band_2_5m,2086
3820218,3820218.json,2500088,band_2_5m,2086
4109647,4109647.json,2500088,band_2_5m,2086
4240554,4240554.json,2500088,band_2_5m,2086
4237875,4237875.json,2500088,band_2_5m,2086
3915981,3915981.json,2500088,band_2_5m,2086
3098101,3098101.json,2500088,band_2_5m,2086
3122657,3122657.json,2500088,band_2_5m,2086
45733,45733.json,2500088,band_2_5m,2086
4768436,4768436.json,2500088,band_2_5m,2086
3808734,3808734.json,2500088,band_2_5m,2086
5788137,5788137.json,2500088,band_2_5m,2086
2539276,2539276.json,2500088,band_2_5m,2086
5784181,5784181.json,2500088,band_2_5m,2086
5791287,5791287.json,2500088,band_2_5m,2086
640623,640623.json,2500088,band_2_5m,2086
1113587,1113587.json,2500088,band_2_5m,2086
1966352,1966352.json,2500088,band_2_5m,2086
1552562,1552562.json,2500088,band_2_5m,2086
6629926,6629926.json,2500088,band_2_5m,2086
5204671,5204671.json,2500088,band_2_5m,2086
5215941,5215941.json,2500088,band_2_5m,2086
2078449,2078449.json,2500088,band_2_5m,2086
5773000,5773000.json,2500088,band_2_5m,2086
3807727,3807727.json,2500088,band_2_5m,2086
4047412,4047412.json,2500088,band_2_5m,2086
731418,731418.json,2500088,band_2_5m,2086
9448640,9448640.json,2500088,band_2_5m,2086
1002062,1002062.json,2500088,band_2_5m,2086
4770614,4770614.json,2500088,band_2_5m,2086
6426931,6426931.json,2500088,band_2_5m,2086
2628917,2628917.json,2500088,band_2_5m,2086
8119612,8119612.json,2500088,band_2_5m,2086
1276093,1276093.json,2500088,band_2_5m,2086
4467372,4467372.json,2500088,band_2_5m,2086
2395786,2395786.json,2500088,band_2_5m,2086
10179769,10179769.json,2500088,band_2_5m,2086
319595,319595.json,2500088,band_2_5m,2086
3048870,3048870.json,2500088,band_2_5m,2086
7905315,7905315.json,2500088,band_2_5m,2086
2849184,2849184.json,2500088,band_2_5m,2086
2499345,2499345.json,2500088,band_2_5m,2086
4247738,4247738.json,2500088,band_2_5m,2086
3138654,3138654.json,2500088,band_2_5m,2086
3138256,3138256.json,2500088,band_2_5m,2086
9873295,9873295.json,2500088,band_2_5m,2086
983101,983101.json,2500088,band_2_5m,2086
621862,621862.json,2500088,band_2_5m,2086
6086484,6086484.json,2500088,band_2_5m,2086
997206,997206.json,2500088,band_2_5m,2086
3542006,3542006.json,2500088,band_2_5m,2086
5205744,5205744.json,2500088,band_2_5m,2086
8849392,8849392.json,2500088,band_2_5m,2086
5198622,5198622.json,2500088,band_2_5m,2086
3374392,3374392.json,2500088,band_2_5m,2086
6299847,6299847.json,2500088,band_2_5m,2086
7611851,7611851.json,2500088,band_2_5m,2086
8126408,8126408.json,2500088,band_2_5m,2086
8393012,8393012.json,2500088,band_2_5m,2086
939982,939982.json,2500088,band_2_5m,2086
9402596,9402596.json,2500088,band_2_5m,2086
5759331,5759331.json,2500088,band_2_5m,2086
5768591,5768591.json,2500088,band_2_5m,2086
1613915,1613915.json,2500088,band_2_5m,2086
1354334,1354334.json,2500088,band_2_5m,2086
6219821,6219821.json,2500088,band_2_5m,2086
4244272,4244272.json,2500088,band_2_5m,2086
2577565,2577565.json,2500088,band_2_5m,2086
4099731,4099731.json,2500088,band_2_5m,2086
1555263,1555263.json,2500088,band_2_5m,2086
690619,690619.json,2500088,band_2_5m,2086
20887,20887.json,2500088,band_2_5m,2086
5758136,5758136.json,2500088,band_2_5m,2086
6426636,6426636.json,2500088,band_2_5m,2086
2544010,2544010.json,2500088,band_2_5m,2086
1104864,1104864.json,2500088,band_2_5m,2086
8405886,8405886.json,2500088,band_2_5m,2086
135441,135441.json,2500088,band_2_5m,2086
2257442,2257442.json,2500088,band_2_5m,2086
3796103,3796103.json,2500088,band_2_5m,2086
839760,839760.json,2500088,band_2_5m,2086
2261487,2261487.json,2500088,band_2_5m,2086
2259064,2259064.json,2500088,band_2_5m,2086
8844229,8844229.json,2500088,band_2_5m,2086
1070215,1070215.json,2500088,band_2_5m,2086
5196102,5196102.json,2500088,band_2_5m,2086
5195952,5195952.json,2500088,band_2_5m,2086
552936,552936.json,2500088,band_2_5m,2086
3989903,3989903.json,2500088,band_2_5m,2086
3998301,3998301.json,2500088,band_2_5m,2086
39971,39971.json,2500088,band_2_5m,2086
8116990,8116990.json,2500088,band_2_5m,2086
4456593,4456593.json,2500088,band_2_5m,2086
7603381,7603381.json,2500088,band_2_5m,2086
7598649,7598649.json,2500088,band_2_5m,2086
9536318,9536318.json,2500088,band_2_5m,2086
951738,951738.json,2500088,band_2_5m,2086
1028689,1028689.json,2500088,band_2_5m,2086
1874742,1874742.json,2500088,band_2_5m,2086
6068512,6068512.json,2500088,band_2_5m,2086
607787,607787.json,2500088,band_2_5m,2086
1959403,1959403.json,2500088,band_2_5m,2086
9157445,9157445.json,2500088,band_2_5m,2086
356051,356051.json,2500088,band_2_5m,2086
5184805,5184805.json,2500088,band_2_5m,2086
2625290,2625290.json,2500088,band_2_5m,2086
2623598,2623598.json,2500088,band_2_5m,2086
4446381,4446381.json,2500088,band_2_5m,2086
7618953,7618953.json,2500088,band_2_5m,2086
3008763,3008763.json,2500088,band_2_5m,2086
8004815,8004815.json,2500088,band_2_5m,2086
7999302,7999302.json,2500088,band_2_5m,2086
4084324,4084324.json,2500088,band_2_5m,2086
9764847,9764847.json,2500088,band_2_5m,2086
976351,976351.json,2500088,band_2_5m,2086
1470654,1470654.json,2500088,band_2_5m,2086
6927737,6927737.json,2500088,band_2_5m,2086
3787535,3787535.json,2500088,band_2_5m,2086
1028423,1028423.json,2500088,band_2_5m,2086
9354493,9354493.json,2500088,band_2_5m,2086
6439480,6439480.json,2500088,band_2_5m,2086
5750029,5750029.json,2500088,band_2_5m,2086
1103090,1103090.json,2500088,band_2_5m,2086
480516,480516.json,2500088,band_2_5m,2086
72601,72601.json,2500088,band_2_5m,2086
9176831,9176831.json,2500088,band_2_5m,2086
1957522,1957522.json,2500088,band_2_5m,2086
6052591,6052591.json,2500088,band_2_5m,2086
1691511,1691511.json,2500088,band_2_5m,2086
7765442,7765442.json,2500088,band_2_5m,2086
1171423,1171423.json,2500088,band_2_5m,2086
801117,801117.json,2500088,band_2_5m,2086
40790,40790.json,2500088,band_2_5m,2086
7764585,7764585.json,2500088,band_2_5m,2086
4265378,4265378.json,2500088,band_2_5m,2086
4271340,4271340.json,2500088,band_2_5m,2086
4257885,4257885.json,2500088,band_2_5m,2086
4442168,4442168.json,2500088,band_2_5m,2086
7614955,7614955.json,2500088,band_2_5m,2086
7612303,7612303.json,2500088,band_2_5m,2086
810911,810911.json,2500088,band_2_5m,2086
96096,96096.json,2500088,band_2_5m,2086
9566633,9566633.json,2500088,band_2_5m,2086
8439471,8439471.json,2500088,band_2_5m,2086
5538982,5538982.json,2500088,band_2_5m,2086
5538301,5538301.json,2500088,band_2_5m,2086
1559511,1559511.json,2500088,band_2_5m,2086
2839392,2839392.json,2500088,band_2_5m,2086
5174874,5174874.json,2500088,band_2_5m,2086
2107349,2107349.json,2500088,band_2_5m,2086
2107321,2107321.json,2500088,band_2_5m,2086
1073062,1073062.json,2500088,band_2_5m,2086
5172704,5172704.json,2500088,band_2_5m,2086
5172336,5172336.json,2500088,band_2_5m,2086
3779533,3779533.json,2500088,band_2_5m,2086
8459521,8459521.json,2500088,band_2_5m,2086
7245921,7245921.json,2500088,band_2_5m,2086
8463212,8463212.json,2500088,band_2_5m,2086
8463159,8463159.json,2500088,band_2_5m,2086
8463078,8463078.json,2500088,band_2_5m,2086
10287339,10287339.json,2500088,band_2_5m,2086
6946185,6946185.json,2500088,band_2_5m,2086
695683,695683.json,2500088,band_2_5m,2086
155584,155584.json,2500088,band_2_5m,2086
2943,2943.json,2500088,band_2_5m,2086
5546095,5546095.json,2500088,band_2_5m,2086
2621741,2621741.json,2500088,band_2_5m,2086
8096263,8096263.json,2500088,band_2_5m,2086
1157316,1157316.json,2500088,band_2_5m,2086
2615524,2615524.json,2500088,band_2_5m,2086
8451558,8451558.json,2500088,band_2_5m,2086
2738466,2738466.json,2500088,band_2_5m,2086
7758700,7758700.json,2500088,band_2_5m,2086
8024396,8024396.json,2500088,band_2_5m,2086
4064362,4064362.json,2500088,band_2_5m,2086
604449,604449.json,2500088,band_2_5m,2086
1761388,1761388.json,2500088,band_2_5m,2086
3593623,3593623.json,2500088,band_2_5m,2086
848417,848417.json,2500088,band_2_5m,2086
2748547,2748547.json,2500088,band_2_5m,2086
2745385,2745385.json,2500088,band_2_5m,2086
3762436,3762436.json,2500088,band_2_5m,2086
4835153,4835153.json,2500088,band_2_5m,2086
8462798,8462798.json,2500088,band_2_5m,2086
7230826,7230826.json,2500088,band_2_5m,2086
7226809,7226809.json,2500088,band_2_5m,2086
2997781,2997781.json,2500088,band_2_5m,2086
10317092,10317092.json,2500088,band_2_5m,2086
573534,573534.json,2500088,band_2_5m,2086
5157002,5157002.json,2500088,band_2_5m,2086
9175029,9175029.json,2500088,band_2_5m,2086
9190679,9190679.json,2500088,band_2_5m,2086
9178090,9178090.json,2500088,band_2_5m,2086
6606356,6606356.json,2500088,band_2_5m,2086
1454088,1454088.json,2500088,band_2_5m,2086
5156869,5156869.json,2500088,band_2_5m,2086
6950406,6950406.json,2500088,band_2_5m,2086
6950046,6950046.json,2500088,band_2_5m,2086
6963596,6963596.json,2500088,band_2_5m,2086
881285,881285.json,2500088,band_2_5m,2086
7217157,7217157.json,2500088,band_2_5m,2086
7214145,7214145.json,2500088,band_2_5m,2086
8505863,8505863.json,2500088,band_2_5m,2086
5722231,5722231.json,2500088,band_2_5m,2086
9360126,9360126.json,2500088,band_2_5m,2086
8478125,8478125.json,2500088,band_2_5m,2086
4073794,4073794.json,2500088,band_2_5m,2086
2588007,2588007.json,2500088,band_2_5m,2086
2586764,2586764.json,2500088,band_2_5m,2086
2481605,2481605.json,2500088,band_2_5m,2086
7751535,7751535.json,2500088,band_2_5m,2086
77628,77628.json,2500088,band_2_5m,2086
7749864,7749864.json,2500088,band_2_5m,2086
6602168,6602168.json,2500088,band_2_5m,2086
4844792,4844792.json,2500088,band_2_5m,2086
7637113,7637113.json,2500088,band_2_5m,2086
9596237,9596237.json,2500088,band_2_5m,2086
9596076,9596076.json,2500088,band_2_5m,2086
3181000,3181000.json,2500088,band_2_5m,2086
4841023,4841023.json,2500088,band_2_5m,2086
2950573,2950573.json,2500088,band_2_5m,2086
3349576,3349576.json,2500088,band_2_5m,2086
659757,659757.json,2500088,band_2_5m,2086
5560176,5560176.json,2500088,band_2_5m,2086
156722,156722.json,2500088,band_2_5m,2086
6971308,6971308.json,2500088,band_2_5m,2086
1452772,1452772.json,2500088,band_2_5m,2086
159719,159719.json,2500088,band_2_5m,2086
1896563,1896563.json,2500088,band_2_5m,2086
4014571,4014571.json,2500088,band_2_5m,2086
7641093,7641093.json,2500088,band_2_5m,2086
4009004,4009004.json,2500088,band_2_5m,2086
2426329,2426329.json,2500088,band_2_5m,2086
2423762,2423762.json,2500088,band_2_5m,2086
9326485,9326485.json,2500088,band_2_5m,2086
5700652,5700652.json,2500088,band_2_5m,2086
1095739,1095739.json,2500088,band_2_5m,2086
4848816,4848816.json,2500088,band_2_5m,2086
7740047,7740047.json,2500088,band_2_5m,2086
7737379,7737379.json,2500088,band_2_5m,2086
406328,406328.json,2500088,band_2_5m,2086
1009868,1009868.json,2500088,band_2_5m,2086
10084981,10084981.json,2500088,band_2_5m,2086
5122149,5122149.json,2500088,band_2_5m,2086
2127540,2127540.json,2500088,band_2_5m,2086
6978181,6978181.json,2500088,band_2_5m,2086
697776,697776.json,2500088,band_2_5m,2086
2123492,2123492.json,2500088,band_2_5m,2086
5131532,5131532.json,2500088,band_2_5m,2086
697554,697554.json,2500088,band_2_5m,2086
6975000,6975000.json,2500088,band_2_5m,2086
5110295,5110295.json,2500088,band_2_5m,2086
1075212,1075212.json,2500088,band_2_5m,2086
1076399,1076399.json,2500088,band_2_5m,2086
2129138,2129138.json,2500088,band_2_5m,2086
6282504,6282504.json,2500088,band_2_5m,2086
965589,965589.json,2500088,band_2_5m,2086
3173254,3173254.json,2500088,band_2_5m,2086
6282107,6282107.json,2500088,band_2_5m,2086
1670284,1670284.json,2500088,band_2_5m,2086
1669777,1669777.json,2500088,band_2_5m,2086
2996442,2996442.json,2500088,band_2_5m,2086
9210715,9210715.json,2500088,band_2_5m,2086
920390,920390.json,2500088,band_2_5m,2086
2952257,2952257.json,2500088,band_2_5m,2086
1566228,1566228.json,2500088,band_2_5m,2086
5564121,5564121.json,2500088,band_2_5m,2086
8774692,8774692.json,2500088,band_2_5m,2086
8757386,8757386.json,2500088,band_2_5m,2086
1447829,1447829.json,2500088,band_2_5m,2086
1076606,1076606.json,2500088,band_2_5m,2086
4863585,4863585.json,2500088,band_2_5m,2086
4862426,4862426.json,2500088,band_2_5m,2086
8530799,8530799.json,2500088,band_2_5m,2086
1093336,1093336.json,2500088,band_2_5m,2086
8542921,8542921.json,2500088,band_2_5m,2086
8562633,8562633.json,2500088,band_2_5m,2086
85410,85410.json,2500088,band_2_5m,2086
7191386,7191386.json,2500088,band_2_5m,2086
3725803,3725803.json,2500088,band_2_5m,2086
2590504,2590504.json,2500088,band_2_5m,2086
8019806,8019806.json,2500088,band_2_5m,2086
1239834,1239834.json,2500088,band_2_5m,2086
4297395,4297395.json,2500088,band_2_5m,2086
4296404,4296404.json,2500088,band_2_5m,2086
3601855,3601855.json,2500088,band_2_5m,2086
5099964,5099964.json,2500088,band_2_5m,2086
6492775,6492775.json,2500088,band_2_5m,2086
6499166,6499166.json,2500088,band_2_5m,2086
1897159,1897159.json,2500088,band_2_5m,2086
6479396,6479396.json,2500088,band_2_5m,2086
3282825,3282825.json,2500088,band_2_5m,2086
1379596,1379596.json,2500088,band_2_5m,2086
3703916,3703916.json,2500088,band_2_5m,2086
2772418,2772418.json,2500088,band_2_5m,2086
2139100,2139100.json,2500088,band_2_5m,2086
2138540,2138540.json,2500088,band_2_5m,2086
5096773,5096773.json,2500088,band_2_5m,2086
6994172,6994172.json,2500088,band_2_5m,2086
1442967,1442967.json,2500088,band_2_5m,2086
5091382,5091382.json,2500088,band_2_5m,2086
6585623,6585623.json,2500088,band_2_5m,2086
6581727,6581727.json,2500088,band_2_5m,2086
2958120,2958120.json,2500088,band_2_5m,2086
2957541,2957541.json,2500088,band_2_5m,2086
3336001,3336001.json,2500088,band_2_5m,2086
8760628,8760628.json,2500088,band_2_5m,2086
2820344,2820344.json,2500088,band_2_5m,2086
3617359,3617359.json,2500088,band_2_5m,2086
87418,87418.json,2500088,band_2_5m,2086
8739741,8739741.json,2500088,band_2_5m,2086
5082802,5082802.json,2500088,band_2_5m,2086
8737105,8737105.json,2500088,band_2_5m,2086
4311640,4311640.json,2500088,band_2_5m,2086
4886212,4886212.json,2500088,band_2_5m,2086
3702588,3702588.json,2500088,band_2_5m,2086
2216644,2216644.json,2500088,band_2_5m,2086
2216120,2216120.json,2500088,band_2_5m,2086
2214708,2214708.json,2500088,band_2_5m,2086
7172131,7172131.json,2500088,band_2_5m,2086
6251222,6251222.json,2500088,band_2_5m,2086
602564,602564.json,2500088,band_2_5m,2086
8729915,8729915.json,2500088,band_2_5m,2086
8724273,8724273.json,2500088,band_2_5m,2086
701417,701417.json,2500088,band_2_5m,2086
2988918,2988918.json,2500088,band_2_5m,2086
930943,930943.json,2500088,band_2_5m,2086
10124472,10124472.json,2500088,band_2_5m,2086
3170887,3170887.json,2500088,band_2_5m,2086
3170645,3170645.json,2500088,band_2_5m,2086
5691248,5691248.json,2500088,band_2_5m,2086
2211438,2211438.json,2500088,band_2_5m,2086
3695144,3695144.json,2500088,band_2_5m,2086
3690614,3690614.json,2500088,band_2_5m,2086
3702049,3702049.json,2500088,band_2_5m,2086
3707664,3707664.json,2500088,band_2_5m,2086
4887882,4887882.json,2500088,band_2_5m,2086
4895363,4895363.json,2500088,band_2_5m,2086
5683607,5683607.json,2500088,band_2_5m,2086
3287145,3287145.json,2500088,band_2_5m,2086
1943410,1943410.json,2500088,band_2_5m,2086
1568137,1568137.json,2500088,band_2_5m,2086
9237071,9237071.json,2500088,band_2_5m,2086
9236720,9236720.json,2500088,band_2_5m,2086
7021371,7021371.json,2500088,band_2_5m,2086
3618878,3618878.json,2500088,band_2_5m,2086
3618866,3618866.json,2500088,band_2_5m,2086
8736464,8736464.json,2500088,band_2_5m,2086
8734412,8734412.json,2500088,band_2_5m,2086
2959454,2959454.json,2500088,band_2_5m,2086
4313275,4313275.json,2500088,band_2_5m,2086
7743146,7743146.json,2500088,band_2_5m,2086
4304898,4304898.json,2500088,band_2_5m,2086
43014,43014.json,2500088,band_2_5m,2086
1936164,1936164.json,2500088,band_2_5m,2086
5590383,5590383.json,2500088,band_2_5m,2086
3622177,3622177.json,2500088,band_2_5m,2086
491766,491766.json,2500088,band_2_5m,2086
3167721,3167721.json,2500088,band_2_5m,2086
5966252,5966252.json,2500088,band_2_5m,2086
5966135,5966135.json,2500088,band_2_5m,2086
1786086,1786086.json,2500088,band_2_5m,2086
1673198,1673198.json,2500088,band_2_5m,2086
806946,806946.json,2500088,band_2_5m,2086
8067889,8067889.json,2500088,band_2_5m,2086
2430579,2430579.json,2500088,band_2_5m,2086
2426777,2426777.json,2500088,band_2_5m,2086
4404477,4404477.json,2500088,band_2_5m,2086
2811468,2811468.json,2500088,band_2_5m,2086
5064726,5064726.json,2500088,band_2_5m,2086
5073978,5073978.json,2500088,band_2_5m,2086
3326312,3326312.json,2500088,band_2_5m,2086
3321614,3321614.json,2500088,band_2_5m,2086
331897,331897.json,2500088,band_2_5m,2086
10382652,10382652.json,2500088,band_2_5m,2086
5603857,5603857.json,2500088,band_2_5m,2086
5601125,5601125.json,2500088,band_2_5m,2086
6554405,6554405.json,2500088,band_2_5m,2086
2985648,2985648.json,2500088,band_2_5m,2086
2981546,2981546.json,2500088,band_2_5m,2086
3298399,3298399.json,2500088,band_2_5m,2086
651480,651480.json,2500088,band_2_5m,2086
5686209,5686209.json,2500088,band_2_5m,2086
6495825,6495825.json,2500088,band_2_5m,2086
3698384,3698384.json,2500088,band_2_5m,2086
2777011,2777011.json,2500088,band_2_5m,2086
2773336,2773336.json,2500088,band_2_5m,2086
9267250,9267250.json,2500088,band_2_5m,2086
8733285,8733285.json,2500088,band_2_5m,2086
5046062,5046062.json,2500088,band_2_5m,2086
869889,869889.json,2500088,band_2_5m,2086
5050970,5050970.json,2500088,band_2_5m,2086
6019999,6019999.json,2500088,band_2_5m,2086
6019582,6019582.json,2500088,band_2_5m,2086
8050771,8050771.json,2500088,band_2_5m,2086
4054244,4054244.json,2500088,band_2_5m,2086
8708836,8708836.json,2500088,band_2_5m,2086
3629652,3629652.json,2500088,band_2_5m,2086
8593734,8593734.json,2500088,band_2_5m,2086
8082165,8082165.json,2500088,band_2_5m,2086
2605609,2605609.json,2500088,band_2_5m,2086
4028927,4028927.json,2500088,band_2_5m,2086
9652907,9652907.json,2500088,band_2_5m,2086
967071,967071.json,2500088,band_2_5m,2086
8590469,8590469.json,2500088,band_2_5m,2086
3682935,3682935.json,2500088,band_2_5m,2086
2194407,2194407.json,2500088,band_2_5m,2086
4939641,4939641.json,2500088,band_2_5m,2086
4938607,4938607.json,2500088,band_2_5m,2086
1587217,1587217.json,2500088,band_2_5m,2086
10333008,10333008.json,2500088,band_2_5m,2086
8599044,8599044.json,2500088,band_2_5m,2086
1088938,1088938.json,2500088,band_2_5m,2086
1398005,1398005.json,2500088,band_2_5m,2086
8597692,8597692.json,2500088,band_2_5m,2086
2804290,2804290.json,2500088,band_2_5m,2086
5037089,5037089.json,2500088,band_2_5m,2086
3640249,3640249.json,2500088,band_2_5m,2086
7051620,7051620.json,2500088,band_2_5m,2086
5035849,5035849.json,2500088,band_2_5m,2086
1427656,1427656.json,2500088,band_2_5m,2086
7125069,7125069.json,2500088,band_2_5m,2086
1782805,1782805.json,2500088,band_2_5m,2086
1780624,1780624.json,2500088,band_2_5m,2086
8078912,8078912.json,2500088,band_2_5m,2086
4039063,4039063.json,2500088,band_2_5m,2086
403657,403657.json,2500088,band_2_5m,2086
2604849,2604849.json,2500088,band_2_5m,2086
2602501,2602501.json,2500088,band_2_5m,2086
4932333,4932333.json,2500088,band_2_5m,2086
2195199,2195199.json,2500088,band_2_5m,2086
2798740,2798740.json,2500088,band_2_5m,2086
7063294,7063294.json,2500088,band_2_5m,2086
7060938,7060938.json,2500088,band_2_5m,2086
5029574,5029574.json,2500088,band_2_5m,2086
705459,705459.json,2500088,band_2_5m,2086
9256786,9256786.json,2500088,band_2_5m,2086
4325868,4325868.json,2500088,band_2_5m,2086
6256446,6256446.json,2500088,band_2_5m,2086
2788294,2788294.json,2500088,band_2_5m,2086
3666244,3666244.json,2500088,band_2_5m,2086
4954612,4954612.json,2500088,band_2_5m,2086
4942448,4942448.json,2500088,band_2_5m,2086
4941708,4941708.json,2500088,band_2_5m,2086
2191433,2191433.json,2500088,band_2_5m,2086
2190817,2190817.json,2500088,band_2_5m,2086
4950797,4950797.json,2500088,band_2_5m,2086
7113152,7113152.json,2500088,band_2_5m,2086
7126068,7126068.json,2500088,band_2_5m,2086
967898,967898.json,2500088,band_2_5m,2086
967633,967633.json,2500088,band_2_5m,2086
1778694,1778694.json,2500088,band_2_5m,2086
805901,805901.json,2500088,band_2_5m,2086
7680075,7680075.json,2500088,band_2_5m,2086
5021562,5021562.json,2500088,band_2_5m,2086
8663158,8663158.json,2500088,band_2_5m,2086
8678019,8678019.json,2500088,band_2_5m,2086
1420958,1420958.json,2500088,band_2_5m,2086
5025841,5025841.json,2500088,band_2_5m,2086
7071645,7071645.json,2500088,band_2_5m,2086
7067150,7067150.json,2500088,band_2_5m,2086
6538379,6538379.json,2500088,band_2_5m,2086
10111,10111.json,2500088,band_2_5m,2086
1776025,1776025.json,2500088,band_2_5m,2086
600877,600877.json,2500088,band_2_5m,2086
1255024,1255024.json,2500088,band_2_5m,2086
4370736,4370736.json,2500088,band_2_5m,2086
4956702,4956702.json,2500088,band_2_5m,2086
1084859,1084859.json,2500088,band_2_5m,2086
3662165,3662165.json,2500088,band_2_5m,2086
1581335,1581335.json,2500088,band_2_5m,2086
1580727,1580727.json,2500088,band_2_5m,2086
927328,927328.json,2500088,band_2_5m,2086
1419034,1419034.json,2500088,band_2_5m,2086
2796371,2796371.json,2500088,band_2_5m,2086
2794277,2794277.json,2500088,band_2_5m,2086
500595,500595.json,2500088,band_2_5m,2086
2165318,2165318.json,2500088,band_2_5m,2086
709715,709715.json,2500963,baseline,2086
3916202,3916202.json,2503225,baseline,2086
3991830,3991830.json,2503225,baseline,2086
7043621,7043621.json,2506728,baseline,2086
4949686,4949686.json,2507216,baseline,2086
5372623,5372623.json,2509704,baseline,2086
3348277,3348277.json,2511055,baseline,2086
5664317,5664317.json,2512559,baseline,2085
6728340,6728340.json,2513992,baseline,2085
2795836,2795836.json,2516040,baseline,2085
2272120,2272120.json,2518217,baseline,2085
2477825,2477825.json,2519357,baseline,2085
3024310,3024310.json,2520438,baseline,2085
1530794,1530794.json,2521307,baseline,2085
6934047,6934047.json,2535018,baseline,2084
2937177,2937177.json,2535018,baseline,2084
875432,875432.json,2536094,baseline,2084
4616317,4616317.json,2536094,baseline,2084
8692312,8692312.json,2539945,baseline,2084
1566778,1566778.json,2541305,baseline,2084
5614485,5614485.json,2542561,baseline,2084
7447547,7447547.json,2543339,baseline,2084
6139411,6139411.json,2547771,baseline,2083
1387243,1387243.json,2549353,baseline,2083
9839252,9839252.json,2550428,baseline,2083
966770,966770.json,2553121,baseline,2083
4235885,4235885.json,2554128,baseline,2083
8597331,8597331.json,2555006,baseline,2083
2980259,2980259.json,2560199,baseline,2083
7215377,7215377.json,2564344,baseline,2082
7956895,7956895.json,2564897,baseline,2082
849016,849016.json,2573596,baseline,2082
3446066,3446066.json,2574626,baseline,2082
6454082,6454082.json,2581054,baseline,2081
9285736,9285736.json,2582671,baseline,2081
137195,137195.json,2583133,baseline,2081
9055667,9055667.json,2589588,baseline,2081
5784826,5784826.json,2591724,baseline,2081
1630612,1630612.json,2593618,baseline,2081
2011364,2011364.json,2596910,baseline,2080
5243276,5243276.json,2597325,baseline,2080
604452,604452.json,2599815,baseline,2080
7052504,7052504.json,2605942,baseline,2080
4187789,4187789.json,2614917,baseline,2079
4249900,4249900.json,2617366,baseline,2079
7309440,7309440.json,2620084,baseline,2079
499915,499915.json,2626517,baseline,2079
1666894,1666894.json,2631490,baseline,2078
10688989,10688989.json,2632662,baseline,2078
7745705,7745705.json,2632662,baseline,2078
5573680,5573680.json,2641067,baseline,2078
2646553,2646553.json,2643194,baseline,2078
2283790,2283790.json,2643572,baseline,2078
3540416,3540416.json,2645750,baseline,2078
6425185,6425185.json,2645893,baseline,2078
2380262,2380262.json,2658260,baseline,2077
1437027,1437027.json,2662112,baseline,2077
5702161,5702161.json,2663922,baseline,2077
5483563,5483563.json,2664873,baseline,2076
257257,257257.json,2675407,baseline,2076
6387624,6387624.json,2679372,baseline,2076
2036125,2036125.json,2686792,baseline,2075
1582525,1582525.json,2687346,baseline,2075
5871361,5871361.json,2690896,baseline,2075
1935114,1935114.json,2695095,baseline,2075
3337175,3337175.json,2701728,baseline,2074
3827528,3827528.json,2708041,baseline,2074
4970191,4970191.json,2710833,baseline,2074
476029,476029.json,2715023,baseline,2074
1843741,1843741.json,2716064,baseline,2073
6918794,6918794.json,2728887,baseline,2073
6171348,6171348.json,2732795,baseline,2073
1721308,1721308.json,2736078,baseline,2072
5716098,5716098.json,2736413,baseline,2072
8546410,8546410.json,2746116,baseline,2072
514341,514341.json,2747608,baseline,2072
3612366,3612366.json,2747608,baseline,2072
4495825,4495825.json,2749598,baseline,2072
1140313,1140313.json,2754558,baseline,2071
4299056,4299056.json,2756594,baseline,2071
9423305,9423305.json,2757306,baseline,2071
7684679,7684679.json,2776677,baseline,2070
7047417,7047417.json,2776677,baseline,2070
1876933,1876933.json,2777688,baseline,2070
7663606,7663606.json,2781818,baseline,2070
6803000,6803000.json,2782491,baseline,2070
2839808,2839808.json,2784985,baseline,2070
10665016,10665016.json,2785982,baseline,2069
9373826,9373826.json,2787809,baseline,2069
4269084,4269084.json,2788355,baseline,2069
6681091,6681091.json,2795157,baseline,2069
9595,9595.json,2798762,baseline,2069
10111642,10111642.json,2813346,baseline,2068
8978366,8978366.json,2818178,baseline,2068
1319480,1319480.json,2820615,baseline,2067
4635018,4635018.json,2826234,baseline,2067
9559482,9559482.json,2827839,baseline,2067
5891255,5891255.json,2829852,baseline,2067
7106471,7106471.json,2829852,baseline,2067
4614003,4614003.json,2834856,baseline,2067
158548,158548.json,2835731,baseline,2067
5423635,5423635.json,2838006,baseline,2066
3853124,3853124.json,2843844,baseline,2066
900877,900877.json,2845373,baseline,2066
6288790,6288790.json,2845373,baseline,2066
5910965,5910965.json,2846474,baseline,2066
5009889,5009889.json,2846474,baseline,2066
8705661,8705661.json,2847468,baseline,2066
7939994,7939994.json,2847468,baseline,2066
2351869,2351869.json,2847468,baseline,2066
2479265,2479265.json,2847468,baseline,2066
4222821,4222821.json,2850753,baseline,2066
1514924,1514924.json,2851902,baseline,2066
8564489,8564489.json,2852963,baseline,2066
843637,843637.json,2853841,baseline,2066
7885466,7885466.json,2856302,baseline,2065
5547959,5547959.json,2856396,baseline,2065
4479422,4479422.json,2856651,baseline,2065
9387466,9387466.json,2856779,baseline,2065
2408820,2408820.json,2856779,baseline,2065
8089796,8089796.json,2857755,baseline,2065
1061447,1061447.json,2860326,baseline,2065
7633276,7633276.json,2865888,baseline,2065
1969910,1969910.json,2865888,baseline,2065
5068761,5068761.json,2876541,baseline,2064
6067229,6067229.json,2876934,baseline,2064
7663807,7663807.json,2879741,baseline,2064
7167237,7167237.json,2880601,baseline,2064
5101804,5101804.json,2881611,baseline,2064
6033836,6033836.json,2881611,baseline,2064
7799288,7799288.json,2886957,baseline,2064
4002121,4002121.json,2895054,baseline,2063
6327829,6327829.json,2902366,baseline,2063
433941,433941.json,2916915,baseline,2062
2457462,2457462.json,2917856,baseline,2062
4558624,4558624.json,2917856,baseline,2062
2345070,2345070.json,2922632,baseline,2062
1754895,1754895.json,2928581,baseline,2061
3431162,3431162.json,2931024,baseline,2061
1871535,1871535.json,2937352,baseline,2061
2310141,2310141.json,2940741,baseline,2061
4923150,4923150.json,2950655,baseline,2060
1242893,1242893.json,2951503,baseline,2060
8124054,8124054.json,2951503,baseline,2060
2418527,2418527.json,2951503,baseline,2060
5106391,5106391.json,2964110,baseline,2059
4283672,4283672.json,2966068,baseline,2059
1167450,1167450.json,2966604,baseline,2059
6851697,6851697.json,2971375,baseline,2059
8891788,8891788.json,2972189,baseline,2059
614395,614395.json,2972897,baseline,2059
929674,929674.json,2973478,baseline,2059
7377557,7377557.json,2979851,baseline,2058
9595904,9595904.json,2981510,baseline,2058
5176451,5176451.json,2982381,baseline,2058
10235481,10235481.json,2984995,baseline,2058
451578,451578.json,2988079,baseline,2058
5205544,5205544.json,2989011,baseline,2058
5022742,5022742.json,2996515,baseline,2058
8840488,8840488.json,3002680,baseline,2057
4663624,4663624.json,3004748,baseline,2057
9435271,9435271.json,3008198,baseline,2057
5123431,5123431.json,3012120,baseline,2057
7245686,7245686.json,3015369,baseline,2056
3882809,3882809.json,3020998,baseline,2056
3860746,3860746.json,3026613,baseline,2056
7461430,7461430.json,3027634,baseline,2056
2805275,2805275.json,3028804,baseline,2056
3712364,3712364.json,3033479,baseline,2055
8294273,8294273.json,3044964,baseline,2055
4213116,4213116.json,3047293,baseline,2055
2588337,2588337.json,3049186,baseline,2055
6022336,6022336.json,3050445,baseline,2054
6223752,6223752.json,3052427,baseline,2054
2679604,2679604.json,3057998,baseline,2054
8315138,8315138.json,3057998,baseline,2054
3951391,3951391.json,3064731,baseline,2054
2222253,2222253.json,3065891,baseline,2054
8201173,8201173.json,3075855,baseline,2053
6722756,6722756.json,3076834,baseline,2053
4747931,4747931.json,3078600,baseline,2053
2118619,2118619.json,3080386,baseline,2053
8679861,8679861.json,3085998,baseline,2052
2493018,2493018.json,3090596,baseline,2052
10581418,10581418.json,3091122,baseline,2052
1060606,1060606.json,3092305,baseline,2052
8123195,8123195.json,3093861,baseline,2052
8240972,8240972.json,3094852,baseline,2052
3106299,3106299.json,3100451,baseline,2052
7307728,7307728.json,3105023,baseline,2051
6406757,6406757.json,3106715,baseline,2051
9996108,9996108.json,3107403,baseline,2051
1229111,1229111.json,3108632,baseline,2051
2944317,2944317.json,3110990,baseline,2051
5899645,5899645.json,3111792,baseline,2051
352897,352897.json,3111792,baseline,2051
7495188,7495188.json,3115257,baseline,2051
954281,954281.json,3117713,baseline,2051
1970755,1970755.json,3118093,baseline,2051
3771677,3771677.json,3118888,baseline,2051
5811016,5811016.json,3121041,baseline,2051
8796606,8796606.json,3124756,baseline,2050
1325894,1325894.json,3129862,baseline,2050
5261416,5261416.json,3131708,baseline,2050
2100010,2100010.json,3141070,baseline,2049
8031492,8031492.json,3144153,baseline,2049
7944328,7944328.json,3145624,baseline,2049
7321475,7321475.json,3150464,baseline,2049
971824,971824.json,3155231,baseline,2049
2372775,2372775.json,3156416,baseline,2049
5294820,5294820.json,3161199,baseline,2048
4391884,4391884.json,3161561,baseline,2048
6774230,6774230.json,3167372,baseline,2048
3664339,3664339.json,3168835,baseline,2048
3576136,3576136.json,3170384,baseline,2048
1127989,1127989.json,3177261,baseline,2047
5033116,5033116.json,3179440,baseline,2047
5005701,5005701.json,3179440,baseline,2047
6084863,6084863.json,3183532,baseline,2047
1927456,1927456.json,3186208,baseline,2047
1221119,1221119.json,3190746,baseline,2047
1914065,1914065.json,3193846,baseline,2046
5183903,5183903.json,3194934,baseline,2046
4962568,4962568.json,3200869,baseline,2046
4440190,4440190.json,3207564,baseline,2046
419611,419611.json,3209749,baseline,2046
9191767,9191767.json,3212426,baseline,2045
8318185,8318185.json,3214184,baseline,2045
1909541,1909541.json,3214480,baseline,2045
4130809,4130809.json,3226557,baseline,2045
3240181,3240181.json,3230737,baseline,2044
9325627,9325627.json,3230925,baseline,2044
6812811,6812811.json,3233351,baseline,2044
7935225,7935225.json,3238738,baseline,2044
4743228,4743228.json,3238738,baseline,2044
8479357,8479357.json,3244020,baseline,2044
2498810,2498810.json,3246690,baseline,2044
7870362,7870362.json,3249095,baseline,2043
4774153,4774153.json,3252266,baseline,2043
8770257,8770257.json,3252763,baseline,2043
5174468,5174468.json,3258537,baseline,2043
3985096,3985096.json,3264935,baseline,2043
10031394,10031394.json,3265046,baseline,2042
4440026,4440026.json,3265513,baseline,2042
6426266,6426266.json,3268029,baseline,2042
4693261,4693261.json,3273405,baseline,2042
3429651,3429651.json,3276029,baseline,2042
9281553,9281553.json,3278025,baseline,2042
864642,864642.json,3278543,baseline,2042
2722057,2722057.json,3279780,baseline,2042
7202196,7202196.json,3286824,baseline,2041
233517,233517.json,3294223,baseline,2041
9334353,9334353.json,3295003,baseline,2041
4848685,4848685.json,3303666,baseline,2040
2109912,2109912.json,3304613,baseline,2040
454697,454697.json,3309584,baseline,2040
5587965,5587965.json,3317876,baseline,2040
8361354,8361354.json,3321559,baseline,2039
9306993,9306993.json,3325961,baseline,2039
9964730,9964730.json,3326528,baseline,2039
8250139,8250139.json,3337808,baseline,2038
6392548,6392548.json,3339948,baseline,2038
9891627,9891627.json,3345287,baseline,2038
2223099,2223099.json,3363618,baseline,2037
5159231,5159231.json,3369744,baseline,2037
1664864,1664864.json,3370124,baseline,2037
3475537,3475537.json,3373799,baseline,2037
7852575,7852575.json,3374184,baseline,2036
4921895,4921895.json,3375984,baseline,2036
3078419,3078419.json,3377116,baseline,2036
4872987,4872987.json,3378725,baseline,2036
7835374,7835374.json,3381887,baseline,2036
1101966,1101966.json,3387043,baseline,2036
8481740,8481740.json,3388709,baseline,2036
2950889,2950889.json,3390366,baseline,2036
563317,563317.json,3399756,baseline,2035
5807597,5807597.json,3406105,baseline,2035
4605017,4605017.json,3408153,baseline,2035
6311495,6311495.json,3409591,baseline,2035
1477399,1477399.json,3412014,baseline,2034
1563791,1563791.json,3412014,baseline,2034
7367773,7367773.json,3412436,baseline,2034
6989167,6989167.json,3412859,baseline,2034
4148726,4148726.json,3416044,baseline,2034
6845846,6845846.json,3416506,baseline,2034
5040468,5040468.json,3430980,baseline,2033
8792412,8792412.json,3431175,baseline,2033
2154052,2154052.json,3436188,baseline,2033
1263314,1263314.json,3436188,baseline,2033
5207780,5207780.json,3439068,baseline,2033
4668372,4668372.json,3439068,baseline,2033
9294938,9294938.json,3439886,baseline,2033
2583207,2583207.json,3443450,baseline,2033
7746015,7746015.json,3452881,baseline,2032
733038,733038.json,3452881,baseline,2032
7818251,7818251.json,3456320,baseline,2032
9149733,9149733.json,3459474,baseline,2032
1338688,1338688.json,3463634,baseline,2032
6528965,6528965.json,3468857,baseline,2031
8436655,8436655.json,3469848,baseline,2031
4186415,4186415.json,3469848,baseline,2031
1568679,1568679.json,3471624,baseline,2031
4889689,4889689.json,3473971,baseline,2031
6850068,6850068.json,3480300,baseline,2031
6350754,6350754.json,3483779,baseline,2030
6261230,6261230.json,3487515,baseline,2030
5696088,5696088.json,3490428,baseline,2030
4579095,4579095.json,3492199,baseline,2030
2238242,2238242.json,3499714,baseline,2030
6858704,6858704.json,3499913,band_3_5m,2030
3523588,3523588.json,3499913,band_3_5m,2030
6847537,6847537.json,3499913,band_3_5m,2030
9409765,9409765.json,3499913,band_3_5m,2030
4728473,4728473.json,3499913,band_3_5m,2030
2764602,2764602.json,3499913,band_3_5m,2030
4733173,4733173.json,3499913,band_3_5m,2030
1746219,1746219.json,3499913,band_3_5m,2030
9889129,9889129.json,3499913,band_3_5m,2030
1769857,1769857.json,3499913,band_3_5m,2030
8344224,8344224.json,3499913,band_3_5m,2030
3510632,3510632.json,3499913,band_3_5m,2030
6848882,6848882.json,3499913,band_3_5m,2030
6645831,6645831.json,3499913,band_3_5m,2030
5248401,5248401.json,3499913,band_3_5m,2030
3177793,3177793.json,3499913,band_3_5m,2030
1969187,1969187.json,3499913,band_3_5m,2030
5510186,5510186.json,3499913,band_3_5m,2030
3379584,3379584.json,3499913,band_3_5m,2030
5296632,5296632.json,3499913,band_3_5m,2030
4491958,4491958.json,3499913,band_3_5m,2030
2136965,2136965.json,3499913,band_3_5m,2030
2212336,2212336.json,3499913,band_3_5m,2030
9136969,9136969.json,3499913,band_3_5m,2030
4004202,4004202.json,3499913,band_3_5m,2030
3223443,3223443.json,3499913,band_3_5m,2030
1765531,1765531.json,3499913,band_3_5m,2030
7165309,7165309.json,3499913,band_3_5m,2030
3650342,3650342.json,3499913,band_3_5m,2030
2366429,2366429.json,3499913,band_3_5m,2030
6701665,6701665.json,3499913,band_3_5m,2030
7942990,7942990.json,3499913,band_3_5m,2030
7387675,7387675.json,3499913,band_3_5m,2030
6389772,6389772.json,3499913,band_3_5m,2030
1845396,1845396.json,3499913,band_3_5m,2030
9480932,9480932.json,3499913,band_3_5m,2030
7826746,7826746.json,3499913,band_3_5m,2030
6563378,6563378.json,3499913,band_3_5m,2030
8577946,8577946.json,3499913,band_3_5m,2030
5118267,5118267.json,3499913,band_3_5m,2030
2209374,2209374.json,3499913,band_3_5m,2030
5285504,5285504.json,3499913,band_3_5m,2030
1927739,1927739.json,3499913,band_3_5m,2030
6634432,6634432.json,3499913,band_3_5m,2030
8712478,8712478.json,3499913,band_3_5m,2030
6414899,6414899.json,3499913,band_3_5m,2030
5078939,5078939.json,3499913,band_3_5m,2030
8036667,8036667.json,3499913,band_3_5m,2030
10807965,10807965.json,3499913,band_3_5m,2030
5326748,5326748.json,3499913,band_3_5m,2030
5761163,5761163.json,3499913,band_3_5m,2030
6908012,6908012.json,3499913,band_3_5m,2030
3549451,3549451.json,3499913,band_3_5m,2030
2617728,2617728.json,3499913,band_3_5m,2030
2044975,2044975.json,3499913,band_3_5m,2030
5840046,5840046.json,3499913,band_3_5m,2030
4219859,4219859.json,3499913,band_3_5m,2030
2512163,2512163.json,3499913,band_3_5m,2030
7873864,7873864.json,3499913,band_3_5m,2030
7855588,7855588.json,3499913,band_3_5m,2030
2076649,2076649.json,3499913,band_3_5m,2030
1978312,1978312.json,3499913,band_3_5m,2030
3817612,3817612.json,3499913,band_3_5m,2030
4032655,4032655.json,3499913,band_3_5m,2030
7434664,7434664.json,3499913,band_3_5m,2030
2379211,2379211.json,3499913,band_3_5m,2030
9006885,9006885.json,3499913,band_3_5m,2030
5328489,5328489.json,3499913,band_3_5m,2030
2674674,2674674.json,3499913,band_3_5m,2030
3955312,3955312.json,3499913,band_3_5m,2030
7299559,7299559.json,3499913,band_3_5m,2030
4636724,4636724.json,3499913,band_3_5m,2030
2802064,2802064.json,3499913,band_3_5m,2030
8038218,8038218.json,3499913,band_3_5m,2030
2449364,2449364.json,3499913,band_3_5m,2030
6258887,6258887.json,3499913,band_3_5m,2030
9190713,9190713.json,3499913,band_3_5m,2030
10041132,10041132.json,3499913,band_3_5m,2030
10700690,10700690.json,3499913,band_3_5m,2030
1958774,1958774.json,3499913,band_3_5m,2030
6232635,6232635.json,3499913,band_3_5m,2030
2492251,2492251.json,3499913,band_3_5m,2030
5928334,5928334.json,3499913,band_3_5m,2030
2115937,2115937.json,3499913,band_3_5m,2030
7276528,7276528.json,3499913,band_3_5m,2030
8855511,8855511.json,3499913,band_3_5m,2030
8837014,8837014.json,3499913,band_3_5m,2030
1920457,1920457.json,3499913,band_3_5m,2030
4617647,4617647.json,3499913,band_3_5m,2030
5850201,5850201.json,3499913,band_3_5m,2030
6704596,6704596.json,3499913,band_3_5m,2030
3433993,3433993.json,3499913,band_3_5m,2030
4570616,4570616.json,3499913,band_3_5m,2030
5446373,5446373.json,3499913,band_3_5m,2030
8631684,8631684.json,3499913,band_3_5m,2030
8636164,8636164.json,3499913,band_3_5m,2030
7111652,7111652.json,3499913,band_3_5m,2030
8156127,8156127.json,3499913,band_3_5m,2030
9933187,9933187.json,3499913,band_3_5m,2030
1731811,1731811.json,3499913,band_3_5m,2030
8125043,8125043.json,3499913,band_3_5m,2030
4811446,4811446.json,3499913,band_3_5m,2030
11655492,11655492.json,3499913,band_3_5m,2030
5471516,5471516.json,3499913,band_3_5m,2030
7912677,7912677.json,3499913,band_3_5m,2030
5664614,5664614.json,3499913,band_3_5m,2030
2159797,2159797.json,3499913,band_3_5m,2030
3265286,3265286.json,3499913,band_3_5m,2030
6452328,6452328.json,3499913,band_3_5m,2030
8056523,8056523.json,3499913,band_3_5m,2030
4438510,4438510.json,3499913,band_3_5m,2030
10438522,10438522.json,3499913,band_3_5m,2030
3775250,3775250.json,3499913,band_3_5m,2030
6517315,6517315.json,3499913,band_3_5m,2030
5929001,5929001.json,3499913,band_3_5m,2030
5455479,5455479.json,3499913,band_3_5m,2030
6537595,6537595.json,3499913,band_3_5m,2030
4967435,4967435.json,3499913,band_3_5m,2030
4351949,4351949.json,3499913,band_3_5m,2030
6169355,6169355.json,3499913,band_3_5m,2030
2975428,2975428.json,3500071,band_3_5m,2030
2792543,2792543.json,3500071,band_3_5m,2030
7494647,7494647.json,3500071,band_3_5m,2030
3311857,3311857.json,3500071,band_3_5m,2030
8166360,8166360.json,3500071,band_3_5m,2030
3034638,3034638.json,3500071,band_3_5m,2030
6517102,6517102.json,3500071,band_3_5m,2030
9273312,9273312.json,3500071,band_3_5m,2030
4991154,4991154.json,3500071,band_3_5m,2030
1142169,1142169.json,3500071,band_3_5m,2030
5160167,5160167.json,3500071,band_3_5m,2030
3640010,3640010.json,3500071,band_3_5m,2030
7081221,7081221.json,3500071,band_3_5m,2030
4698014,4698014.json,3500071,band_3_5m,2030
4228173,4228173.json,3500071,band_3_5m,2030
4115810,4115810.json,3500071,band_3_5m,2030
590628,590628.json,3500071,band_3_5m,2030
4869282,4869282.json,3500071,band_3_5m,2030
7358472,7358472.json,3500071,band_3_5m,2030
1549217,1549217.json,3500071,band_3_5m,2030
6540021,6540021.json,3500071,band_3_5m,2030
4042081,4042081.json,3500071,band_3_5m,2030
10573172,10573172.json,3500071,band_3_5m,2030
3791533,3791533.json,3500071,band_3_5m,2030
1691086,1691086.json,3500071,band_3_5m,2030
4597321,4597321.json,3500071,band_3_5m,2030
10865193,10865193.json,3500071,band_3_5m,2030
6267147,6267147.json,3500071,band_3_5m,2030
2442064,2442064.json,3500071,band_3_5m,2030
2467685,2467685.json,3500071,band_3_5m,2030
7730419,7730419.json,3500071,band_3_5m,2030
6023912,6023912.json,3500071,band_3_5m,2030
6030568,6030568.json,3500071,band_3_5m,2030
5299755,5299755.json,3500071,band_3_5m,2030
7749788,7749788.json,3500071,band_3_5m,2030
720302,720302.json,3500071,band_3_5m,2030
579600,579600.json,3500071,band_3_5m,2030
11179673,11179673.json,3500071,band_3_5m,2030
4700088,4700088.json,3500071,band_3_5m,2030
1302305,1302305.json,3500071,band_3_5m,2030
5468021,5468021.json,3500071,band_3_5m,2030
5726634,5726634.json,3500071,band_3_5m,2030
1889742,1889742.json,3500071,band_3_5m,2030
6457692,6457692.json,3500071,band_3_5m,2030
9348142,9348142.json,3500071,band_3_5m,2030
6920773,6920773.json,3500071,band_3_5m,2030
8254595,8254595.json,3500071,band_3_5m,2030
4501952,4501952.json,3500071,band_3_5m,2030
472392,472392.json,3500071,band_3_5m,2030
3847381,3847381.json,3500071,band_3_5m,2030
3856471,3856471.json,3500071,band_3_5m,2030
807578,807578.json,3500071,band_3_5m,2030
5685511,5685511.json,3500071,band_3_5m,2030
8151442,8151442.json,3500071,band_3_5m,2030
2568481,2568481.json,3500071,band_3_5m,2030
3233680,3233680.json,3500071,band_3_5m,2030
3232246,3232246.json,3500071,band_3_5m,2030
8230530,8230530.json,3500071,band_3_5m,2030
1797190,1797190.json,3500071,band_3_5m,2030
3795247,3795247.json,3500071,band_3_5m,2030
3794427,3794427.json,3500071,band_3_5m,2030
6238172,6238172.json,3500071,band_3_5m,2030
2418317,2418317.json,3500071,band_3_5m,2030
1272286,1272286.json,3500071,band_3_5m,2030
1272077,1272077.json,3500071,band_3_5m,2030
3795681,3795681.json,3500071,band_3_5m,2030
5566376,5566376.json,3500071,band_3_5m,2030
5101807,5101807.json,3500071,band_3_5m,2030
2765204,2765204.json,3500071,band_3_5m,2030
1116016,1116016.json,3500071,band_3_5m,2030
116990,116990.json,3500071,band_3_5m,2030
2462571,2462571.json,3500071,band_3_5m,2030
1936085,1936085.json,3500071,band_3_5m,2030
2205607,2205607.json,3500071,band_3_5m,2030
2429570,2429570.json,3500071,band_3_5m,2030
2797101,2797101.json,3500071,band_3_5m,2030
4341822,4341822.json,3500071,band_3_5m,2030
5627646,5627646.json,3500071,band_3_5m,2030
4510441,4510441.json,3500071,band_3_5m,2030
1638313,1638313.json,3500071,band_3_5m,2030
6767773,6767773.json,3500071,band_3_5m,2030
6899015,6899015.json,3500071,band_3_5m,2030
7294637,7294637.json,3500071,band_3_5m,2030
9827219,9827219.json,3500071,band_3_5m,2030
4096947,4096947.json,3500071,band_3_5m,2030
6622859,6622859.json,3500071,band_3_5m,2030
5048039,5048039.json,3500071,band_3_5m,2030
3636995,3636995.json,3500071,band_3_5m,2030
3231972,3231972.json,3500071,band_3_5m,2030
1871906,1871906.json,3500071,band_3_5m,2030
2119336,2119336.json,3500071,band_3_5m,2030
4459025,4459025.json,3500071,band_3_5m,2030
3982772,3982772.json,3500071,band_3_5m,2030
1984397,1984397.json,3500071,band_3_5m,2030
3127008,3127008.json,3500071,band_3_5m,2030
3532140,3532140.json,3500071,band_3_5m,2030
3011921,3011921.json,3500071,band_3_5m,2030
2075342,2075342.json,3500071,band_3_5m,2030
2148465,2148465.json,3500071,band_3_5m,2030
2048349,2048349.json,3500071,band_3_5m,2030
7393100,7393100.json,3500071,band_3_5m,2030
389608,389608.json,3500071,band_3_5m,2030
4626844,4626844.json,3500071,band_3_5m,2030
290165,290165.json,3500071,band_3_5m,2030
7869069,7869069.json,3500071,band_3_5m,2030
419593,419593.json,3500071,band_3_5m,2030
203570,203570.json,3500071,band_3_5m,2030
1355366,1355366.json,3500071,band_3_5m,2030
5227450,5227450.json,3500071,band_3_5m,2030
10668515,10668515.json,3500071,band_3_5m,2030
3544337,3544337.json,3500071,band_3_5m,2030
9146851,9146851.json,3500071,band_3_5m,2030
2938138,2938138.json,3500071,band_3_5m,2030
5608653,5608653.json,3500071,band_3_5m,2030
6253896,6253896.json,3500071,band_3_5m,2030
212770,212770.json,3500071,band_3_5m,2030
3057902,3057902.json,3500071,band_3_5m,2030
9311375,9311375.json,3500071,band_3_5m,2030
8388418,8388418.json,3500071,band_3_5m,2030
3123659,3123659.json,3500071,band_3_5m,2030
2152456,2152456.json,3500071,band_3_5m,2030
3748883,3748883.json,3500071,band_3_5m,2030
8513371,8513371.json,3500071,band_3_5m,2030
7310321,7310321.json,3500071,band_3_5m,2030
4770817,4770817.json,3500071,band_3_5m,2030
2806479,2806479.json,3500071,band_3_5m,2030
9713286,9713286.json,3500071,band_3_5m,2030
6510211,6510211.json,3500071,band_3_5m,2030
4927863,4927863.json,3500071,band_3_5m,2030
8602581,8602581.json,3500071,band_3_5m,2030
387279,387279.json,3500071,band_3_5m,2030
3872710,3872710.json,3500071,band_3_5m,2030
9386843,9386843.json,3500071,band_3_5m,2030
2396709,2396709.json,3500071,band_3_5m,2030
447382,447382.json,3500071,band_3_5m,2030
1618108,1618108.json,3500071,band_3_5m,2030
9144023,9144023.json,3500071,band_3_5m,2030
5517799,5517799.json,3500071,band_3_5m,2030
5219612,5219612.json,3500071,band_3_5m,2030
6190051,6190051.json,3500071,band_3_5m,2030
6325830,6325830.json,3500071,band_3_5m,2030
3038112,3038112.json,3500071,band_3_5m,2030
4656377,4656377.json,3500071,band_3_5m,2030
1052749,1052749.json,3500071,band_3_5m,2030
10728307,10728307.json,3500071,band_3_5m,2030
2107455,2107455.json,3500071,band_3_5m,2030
6615034,6615034.json,3500071,band_3_5m,2030
3567500,3567500.json,3500071,band_3_5m,2030
8224911,8224911.json,3500071,band_3_5m,2030
7480624,7480624.json,3500071,band_3_5m,2030
1814721,1814721.json,3500071,band_3_5m,2030
4553992,4553992.json,3500071,band_3_5m,2030
6177711,6177711.json,3500071,band_3_5m,2030
3940686,3940686.json,3500071,band_3_5m,2030
2877567,2877567.json,3500071,band_3_5m,2030
7346271,7346271.json,3500071,band_3_5m,2030
9221447,9221447.json,3500071,band_3_5m,2030
5255476,5255476.json,3500071,band_3_5m,2030
6698502,6698502.json,3500071,band_3_5m,2030
7088791,7088791.json,3500071,band_3_5m,2030
5448477,5448477.json,3500071,band_3_5m,2030
6168130,6168130.json,3500071,band_3_5m,2030
2371775,2371775.json,3500071,band_3_5m,2030
9075243,9075243.json,3500071,band_3_5m,2030
5454333,5454333.json,3500071,band_3_5m,2030
4550094,4550094.json,3500236,band_3_5m,2030
7912105,7912105.json,3500236,band_3_5m,2030
350539,350539.json,3500236,band_3_5m,2030
5082206,5082206.json,3500236,band_3_5m,2030
6580747,6580747.json,3500236,band_3_5m,2030
2010850,2010850.json,3500236,band_3_5m,2030
6185589,6185589.json,3500236,band_3_5m,2030
4577695,4577695.json,3500236,band_3_5m,2030
4000437,4000437.json,3500236,band_3_5m,2030
1954952,1954952.json,3500236,band_3_5m,2030
10207753,10207753.json,3500236,band_3_5m,2030
74065,74065.json,3500236,band_3_5m,2030
1964939,1964939.json,3500236,band_3_5m,2030
2715356,2715356.json,3500236,band_3_5m,2030
2038693,2038693.json,3500236,band_3_5m,2030
2043210,2043210.json,3500236,band_3_5m,2030
1087560,1087560.json,3500236,band_3_5m,2030
1909710,1909710.json,3500236,band_3_5m,2030
1860429,1860429.json,3500236,band_3_5m,2030
2751598,2751598.json,3500236,band_3_5m,2030
1925717,1925717.json,3500236,band_3_5m,2030
7711508,7711508.json,3500236,band_3_5m,2030
2456952,2456952.json,3500236,band_3_5m,2030
1246515,1246515.json,3500236,band_3_5m,2030
270869,270869.json,3500236,band_3_5m,2030
2224196,2224196.json,3500236,band_3_5m,2030
512500,512500.json,3500236,band_3_5m,2030
1541165,1541165.json,3500236,band_3_5m,2030
2938886,2938886.json,3500236,band_3_5m,2030
1357697,1357697.json,3500236,band_3_5m,2030
7846611,7846611.json,3500236,band_3_5m,2030
4625184,4625184.json,3500236,band_3_5m,2030
1323471,1323471.json,3500236,band_3_5m,2030
3960797,3960797.json,3500236,band_3_5m,2030
2773286,2773286.json,3500236,band_3_5m,2030
655462,655462.json,3500236,band_3_5m,2030
7326246,7326246.json,3500236,band_3_5m,2030
6864536,6864536.json,3500236,band_3_5m,2030
6655062,6655062.json,3500236,band_3_5m,2030
1983905,1983905.json,3500236,band_3_5m,2030
5611940,5611940.json,3500236,band_3_5m,2030
3461675,3461675.json,3500236,band_3_5m,2030
6774017,6774017.json,3500236,band_3_5m,2030
2631751,2631751.json,3500236,band_3_5m,2030
5699522,5699522.json,3500236,band_3_5m,2030
5561423,5561423.json,3500236,band_3_5m,2030
9002527,9002527.json,3500236,band_3_5m,2030
1704447,1704447.json,3500236,band_3_5m,2030
5987887,5987887.json,3500236,band_3_5m,2030
3064436,3064436.json,3500236,band_3_5m,2030
2156969,2156969.json,3500236,band_3_5m,2030
7295731,7295731.json,3500236,band_3_5m,2030
2496599,2496599.json,3500236,band_3_5m,2030
5608542,5608542.json,3500236,band_3_5m,2030
10626209,10626209.json,3500236,band_3_5m,2030
3490803,3490803.json,3500236,band_3_5m,2030
3470365,3470365.json,3500236,band_3_5m,2030
4403242,4403242.json,3500236,band_3_5m,2030
10386465,10386465.json,3500236,band_3_5m,2030
2283028,2283028.json,3500236,band_3_5m,2030
4732615,4732615.json,3500236,band_3_5m,2030
11328952,11328952.json,3500236,band_3_5m,2030
1667960,1667960.json,3500236,band_3_5m,2030
2753687,2753687.json,3500236,band_3_5m,2030
1707919,1707919.json,3500236,band_3_5m,2030
1821340,1821340.json,3500236,band_3_5m,2030
717231,717231.json,3500236,band_3_5m,2030
4060891,4060891.json,3500236,band_3_5m,2030
3524010,3524010.json,3500236,band_3_5m,2030
3524444,3524444.json,3500236,band_3_5m,2030
3013536,3013536.json,3500236,band_3_5m,2030
3974142,3974142.json,3500236,band_3_5m,2030
5805315,5805315.json,3500236,band_3_5m,2030
2889342,2889342.json,3500236,band_3_5m,2030
2672305,2672305.json,3500236,band_3_5m,2030
9820697,9820697.json,3500236,band_3_5m,2030
1604328,1604328.json,3500236,band_3_5m,2030
5724443,5724443.json,3500236,band_3_5m,2030
6959577,6959577.json,3500236,band_3_5m,2030
335925,335925.json,3500236,band_3_5m,2030
2739614,2739614.json,3500236,band_3_5m,2030
3407628,3407628.json,3500236,band_3_5m,2030
11193672,11193672.json,3500236,band_3_5m,2030
1850042,1850042.json,3500236,band_3_5m,2030
5794646,5794646.json,3500236,band_3_5m,2030
7184051,7184051.json,3500236,band_3_5m,2030
7370718,7370718.json,3500236,band_3_5m,2030
4686876,4686876.json,3500236,band_3_5m,2030
4590373,4590373.json,3500236,band_3_5m,2030
5999733,5999733.json,3500236,band_3_5m,2030
2351470,2351470.json,3500236,band_3_5m,2030
1200425,1200425.json,3500236,band_3_5m,2030
14709,14709.json,3500236,band_3_5m,2030
911241,911241.json,3500236,band_3_5m,2030
1996606,1996606.json,3500236,band_3_5m,2030
2686098,2686098.json,3500236,band_3_5m,2030
4113872,4113872.json,3500236,band_3_5m,2030
3836222,3836222.json,3500236,band_3_5m,2030
2218267,2218267.json,3500236,band_3_5m,2030
755906,755906.json,3500236,band_3_5m,2030
8130960,8130960.json,3500236,band_3_5m,2030
1743506,1743506.json,3500236,band_3_5m,2030
10048302,10048302.json,3500236,band_3_5m,2030
1219556,1219556.json,3500236,band_3_5m,2030
5746069,5746069.json,3500236,band_3_5m,2030
3143100,3143100.json,3500236,band_3_5m,2030
1953394,1953394.json,3500236,band_3_5m,2030
7240124,7240124.json,3500236,band_3_5m,2030
1053924,1053924.json,3500236,band_3_5m,2030
2009703,2009703.json,3500236,band_3_5m,2030
2167462,2167462.json,3500236,band_3_5m,2030
8202378,8202378.json,3500236,band_3_5m,2030
694615,694615.json,3500236,band_3_5m,2030
3307822,3307822.json,3500236,band_3_5m,2030
2974824,2974824.json,3500236,band_3_5m,2030
2544754,2544754.json,3500236,band_3_5m,2030
7094570,7094570.json,3500353,band_3_5m,2030
9470632,9470632.json,3500353,band_3_5m,2030
2544442,2544442.json,3500353,band_3_5m,2030
1205487,1205487.json,3500353,band_3_5m,2030
8327621,8327621.json,3500353,band_3_5m,2030
7163599,7163599.json,3500353,band_3_5m,2030
874126,874126.json,3500353,band_3_5m,2030
3611828,3611828.json,3500353,band_3_5m,2030
2955138,2955138.json,3500353,band_3_5m,2030
6990828,6990828.json,3500353,band_3_5m,2030
423354,423354.json,3500353,band_3_5m,2030
1035290,1035290.json,3500353,band_3_5m,2030
1207433,1207433.json,3500353,band_3_5m,2030
1297529,1297529.json,3500353,band_3_5m,2030
747839,747839.json,3500353,band_3_5m,2030
6685259,6685259.json,3500353,band_3_5m,2030
10850481,10850481.json,3500353,band_3_5m,2030
3585182,3585182.json,3500353,band_3_5m,2030
4284321,4284321.json,3500353,band_3_5m,2030
8451960,8451960.json,3500353,band_3_5m,2030
1028972,1028972.json,3500353,band_3_5m,2030
378021,378021.json,3500353,band_3_5m,2030
620629,620629.json,3500353,band_3_5m,2030
7350909,7350909.json,3500353,band_3_5m,2030
1090705,1090705.json,3500353,band_3_5m,2030
7382690,7382690.json,3500353,band_3_5m,2030
5498311,5498311.json,3500353,band_3_5m,2030
2721433,2721433.json,3500353,band_3_5m,2030
6232026,6232026.json,3500353,band_3_5m,2030
1407603,1407603.json,3500353,band_3_5m,2030
1200517,1200517.json,3500353,band_3_5m,2030
6930100,6930100.json,3500353,band_3_5m,2030
572445,572445.json,3500353,band_3_5m,2030
7216543,7216543.json,3500353,band_3_5m,2030
5467787,5467787.json,3500353,band_3_5m,2030
4524115,4524115.json,3500353,band_3_5m,2030
826483,826483.json,3500353,band_3_5m,2030
9594164,9594164.json,3500353,band_3_5m,2030
881273,881273.json,3500353,band_3_5m,2030
1156768,1156768.json,3500353,band_3_5m,2030
11458121,11458121.json,3500353,band_3_5m,2030
3453737,3453737.json,3500353,band_3_5m,2030
252364,252364.json,3500353,band_3_5m,2030
3291282,3291282.json,3500353,band_3_5m,2030
8036102,8036102.json,3500353,band_3_5m,2030
4123093,4123093.json,3500353,band_3_5m,2030
1388762,1388762.json,3500353,band_3_5m,2030
2213247,2213247.json,3500353,band_3_5m,2030
4414764,4414764.json,3500353,band_3_5m,2030
2607174,2607174.json,3500353,band_3_5m,2030
11249563,11249563.json,3500353,band_3_5m,2030
737044,737044.json,3500353,band_3_5m,2030
2395733,2395733.json,3500353,band_3_5m,2030
950500,950500.json,3500353,band_3_5m,2030
3329848,3329848.json,3500353,band_3_5m,2030
7019357,7019357.json,3500353,band_3_5m,2030
3621368,3621368.json,3500353,band_3_5m,2030
3099519,3099519.json,3500353,band_3_5m,2030
2785460,2785460.json,3500353,band_3_5m,2030
10819983,10819983.json,3500353,band_3_5m,2030
4763306,4763306.json,3500353,band_3_5m,2030
2718948,2718948.json,3500353,band_3_5m,2030
10181067,10181067.json,3500353,band_3_5m,2030
885516,885516.json,3500353,band_3_5m,2030
6755785,6755785.json,3500353,band_3_5m,2030
3870327,3870327.json,3500353,band_3_5m,2030
1107698,1107698.json,3500353,band_3_5m,2030
2629882,2629882.json,3500353,band_3_5m,2030
2555167,2555167.json,3500353,band_3_5m,2030
897675,897675.json,3500353,band_3_5m,2030
1061642,1061642.json,3500353,band_3_5m,2030
3864660,3864660.json,3500353,band_3_5m,2030
3251450,3251450.json,3500353,band_3_5m,2030
1573271,1573271.json,3500353,band_3_5m,2030
7211138,7211138.json,3500353,band_3_5m,2030
8491748,8491748.json,3500353,band_3_5m,2030
285029,285029.json,3500353,band_3_5m,2030
8401390,8401390.json,3500353,band_3_5m,2030
83896,83896.json,3500353,band_3_5m,2030
1107101,1107101.json,3500353,band_3_5m,2030
1319430,1319430.json,3500353,band_3_5m,2030
5516684,5516684.json,3500353,band_3_5m,2030
6630846,6630846.json,3500353,band_3_5m,2030
5914315,5914315.json,3500353,band_3_5m,2030
5664177,5664177.json,3500353,band_3_5m,2030
2272331,2272331.json,3500353,band_3_5m,2030
624323,624323.json,3500353,band_3_5m,2030
3017494,3017494.json,3500353,band_3_5m,2030
277514,277514.json,3500353,band_3_5m,2030
3297395,3297395.json,3500353,band_3_5m,2030
837073,837073.json,3500353,band_3_5m,2030
2129306,2129306.json,3500353,band_3_5m,2030
6251514,6251514.json,3500353,band_3_5m,2030
4654943,4654943.json,3500353,band_3_5m,2030
4748895,4748895.json,3500353,band_3_5m,2030
5237456,5237456.json,3500353,band_3_5m,2030
5778640,5778640.json,3500353,band_3_5m,2030
9255571,9255571.json,3500353,band_3_5m,2030
1520388,1520388.json,3500353,band_3_5m,2030
7514230,7514230.json,3500353,band_3_5m,2030
6689426,6689426.json,3500353,band_3_5m,2030
5440819,5440819.json,3500353,band_3_5m,2030
4157913,4157913.json,3500353,band_3_5m,2030
3510723,3510723.json,3500353,band_3_5m,2030
4824673,4824673.json,3500353,band_3_5m,2030
146063,146063.json,3500353,band_3_5m,2030
5546149,5546149.json,3500353,band_3_5m,2030
1585420,1585420.json,3500353,band_3_5m,2030
7702826,7702826.json,3500353,band_3_5m,2030
8052788,8052788.json,3500353,band_3_5m,2030
997052,997052.json,3500353,band_3_5m,2030
993483,993483.json,3500353,band_3_5m,2030
5649452,5649452.json,3500465,band_3_5m,2030
3105217,3105217.json,3500465,band_3_5m,2030
1294596,1294596.json,3500465,band_3_5m,2030
4162924,4162924.json,3500465,band_3_5m,2030
8971862,8971862.json,3500465,band_3_5m,2030
7319854,7319854.json,3500465,band_3_5m,2030
451892,451892.json,3500465,band_3_5m,2030
1834831,1834831.json,3500465,band_3_5m,2030
5778136,5778136.json,3500465,band_3_5m,2030
338175,338175.json,3500465,band_3_5m,2030
1032114,1032114.json,3500465,band_3_5m,2030
2897917,2897917.json,3500465,band_3_5m,2030
5427619,5427619.json,3500465,band_3_5m,2030
4326700,4326700.json,3500465,band_3_5m,2030
751683,751683.json,3500465,band_3_5m,2030
8072473,8072473.json,3500465,band_3_5m,2030
8774862,8774862.json,3500465,band_3_5m,2030
838314,838314.json,3500465,band_3_5m,2030
2703182,2703182.json,3500465,band_3_5m,2030
4415852,4415852.json,3500465,band_3_5m,2030
4761150,4761150.json,3500465,band_3_5m,2030
7686442,7686442.json,3500465,band_3_5m,2030
531987,531987.json,3500465,band_3_5m,2030
5315744,5315744.json,3500465,band_3_5m,2030
3318341,3318341.json,3500465,band_3_5m,2030
6554300,6554300.json,3500465,band_3_5m,2030
3540104,3540104.json,3500465,band_3_5m,2030
4239723,4239723.json,3500465,band_3_5m,2030
8373923,8373923.json,3500465,band_3_5m,2030
8155798,8155798.json,3500465,band_3_5m,2030
3956081,3956081.json,3500465,band_3_5m,2030
9486272,9486272.json,3500465,band_3_5m,2030
4206418,4206418.json,3500465,band_3_5m,2030
5384346,5384346.json,3500465,band_3_5m,2030
1961314,1961314.json,3500465,band_3_5m,2030
7992536,7992536.json,3500465,band_3_5m,2030
690224,690224.json,3500465,band_3_5m,2030
3399520,3399520.json,3500465,band_3_5m,2030
3391997,3391997.json,3500465,band_3_5m,2030
3630978,3630978.json,3500465,band_3_5m,2030
2634006,2634006.json,3500465,band_3_5m,2030
8942061,8942061.json,3500465,band_3_5m,2030
9005352,9005352.json,3500465,band_3_5m,2030
6247964,6247964.json,3500465,band_3_5m,2030
1388535,1388535.json,3500465,band_3_5m,2030
328510,328510.json,3500465,band_3_5m,2030
10654695,10654695.json,3500465,band_3_5m,2030
2996716,2996716.json,3500465,band_3_5m,2030
4686164,4686164.json,3500465,band_3_5m,2030
2305902,2305902.json,3500465,band_3_5m,2030
2315771,2315771.json,3500465,band_3_5m,2030
4137942,4137942.json,3500465,band_3_5m,2030
4841575,4841575.json,3500465,band_3_5m,2030
1987208,1987208.json,3500465,band_3_5m,2030
5362527,5362527.json,3500465,band_3_5m,2030
6473689,6473689.json,3500465,band_3_5m,2030
3277832,3277832.json,3500465,band_3_5m,2030
2716747,2716747.json,3500465,band_3_5m,2030
472700,472700.json,3500465,band_3_5m,2030
7399640,7399640.json,3500465,band_3_5m,2030
5775913,5775913.json,3500465,band_3_5m,2030
2419963,2419963.json,3500465,band_3_5m,2030
2844526,2844526.json,3500465,band_3_5m,2030
621919,621919.json,3500465,band_3_5m,2030
11339300,11339300.json,3500465,band_3_5m,2030
6276502,6276502.json,3500465,band_3_5m,2030
8908996,8908996.json,3500465,band_3_5m,2030
5940552,5940552.json,3500465,band_3_5m,2030
2821552,2821552.json,3500465,band_3_5m,2030
3139993,3139993.json,3500465,band_3_5m,2030
7772321,7772321.json,3500465,band_3_5m,2030
4086519,4086519.json,3500465,band_3_5m,2030
6484905,6484905.json,3500465,band_3_5m,2030
5695183,5695183.json,3500465,band_3_5m,2030
2740080,2740080.json,3500465,band_3_5m,2030
7249945,7249945.json,3500465,band_3_5m,2030
6451010,6451010.json,3500465,band_3_5m,2030
4699669,4699669.json,3500465,band_3_5m,2030
1379721,1379721.json,3500465,band_3_5m,2030
3433538,3433538.json,3500465,band_3_5m,2030
3219475,3219475.json,3500465,band_3_5m,2030
10220174,10220174.json,3500465,band_3_5m,2030
3033987,3033987.json,3500465,band_3_5m,2030
453204,453204.json,3500465,band_3_5m,2030
6407592,6407592.json,3500465,band_3_5m,2030
1916083,1916083.json,3500465,band_3_5m,2030
4576569,4576569.json,3500465,band_3_5m,2030
5089198,5089198.json,3500465,band_3_5m,2030
2653032,2653032.json,3500465,band_3_5m,2030
6147526,6147526.json,3500465,band_3_5m,2030
3284361,3284361.json,3500465,band_3_5m,2030
3583258,3583258.json,3500465,band_3_5m,2030
3146602,3146602.json,3500465,band_3_5m,2030
6011235,6011235.json,3500465,band_3_5m,2030
654001,654001.json,3500465,band_3_5m,2030
8679257,8679257.json,3500465,band_3_5m,2030
7769422,7769422.json,3500465,band_3_5m,2030
9151655,9151655.json,3500465,band_3_5m,2030
3008123,3008123.json,3500465,band_3_5m,2030
6126514,6126514.json,3500465,band_3_5m,2030
5022714,5022714.json,3500465,band_3_5m,2030
1996514,1996514.json,3500465,band_3_5m,2030
2163693,2163693.json,3500465,band_3_5m,2030
8228197,8228197.json,3500465,band_3_5m,2030
6478937,6478937.json,3500465,band_3_5m,2030
6920767,6920767.json,3500465,band_3_5m,2030
4143562,4143562.json,3500465,band_3_5m,2030
5404485,5404485.json,3500465,band_3_5m,2030
116538,116538.json,3500465,band_3_5m,2030
9303149,9303149.json,3500465,band_3_5m,2030
2670924,2670924.json,3500465,band_3_5m,2030
4326364,4326364.json,3500465,band_3_5m,2030
1709675,1709675.json,3500465,band_3_5m,2030
1710990,1710990.json,3500578,band_3_5m,2030
5443567,5443567.json,3500578,band_3_5m,2030
1860565,1860565.json,3500578,band_3_5m,2030
2673716,2673716.json,3500578,band_3_5m,2030
8588470,8588470.json,3500578,band_3_5m,2030
2769657,2769657.json,3500578,band_3_5m,2030
7197098,7197098.json,3500578,band_3_5m,2030
3725535,3725535.json,3500578,band_3_5m,2030
8701889,8701889.json,3500578,band_3_5m,2030
8089089,8089089.json,3500578,band_3_5m,2030
1829147,1829147.json,3500578,band_3_5m,2030
656112,656112.json,3500578,band_3_5m,2030
1389144,1389144.json,3500578,band_3_5m,2030
3966037,3966037.json,3500578,band_3_5m,2030
1203218,1203218.json,3500578,band_3_5m,2030
4782998,4782998.json,3500578,band_3_5m,2030
6977053,6977053.json,3500578,band_3_5m,2030
6819531,6819531.json,3500578,band_3_5m,2030
7011087,7011087.json,3500578,band_3_5m,2030
8017882,8017882.json,3500578,band_3_5m,2030
5250806,5250806.json,3500578,band_3_5m,2030
7842651,7842651.json,3500578,band_3_5m,2030
1489401,1489401.json,3500578,band_3_5m,2030
3636642,3636642.json,3500578,band_3_5m,2030
868887,868887.json,3500578,band_3_5m,2030
6635278,6635278.json,3500578,band_3_5m,2030
4099068,4099068.json,3500578,band_3_5m,2030
3520316,3520316.json,3500578,band_3_5m,2030
7583605,7583605.json,3500578,band_3_5m,2030
7217821,7217821.json,3500578,band_3_5m,2030
4623947,4623947.json,3500578,band_3_5m,2030
8291832,8291832.json,3500578,band_3_5m,2030
491179,491179.json,3500578,band_3_5m,2030
4476366,4476366.json,3500578,band_3_5m,2030
7350267,7350267.json,3500578,band_3_5m,2030
3251826,3251826.json,3500578,band_3_5m,2030
1613036,1613036.json,3500578,band_3_5m,2030
3277545,3277545.json,3500578,band_3_5m,2030
2421084,2421084.json,3500578,band_3_5m,2030
919350,919350.json,3500578,band_3_5m,2030
4300409,4300409.json,3500578,band_3_5m,2030
1214129,1214129.json,3500578,band_3_5m,2030
7384457,7384457.json,3500578,band_3_5m,2030
6597659,6597659.json,3500578,band_3_5m,2030
6633805,6633805.json,3500578,band_3_5m,2030
10104980,10104980.json,3500578,band_3_5m,2030
9739911,9739911.json,3500578,band_3_5m,2030
912337,912337.json,3500578,band_3_5m,2030
2076512,2076512.json,3500578,band_3_5m,2030
1739646,1739646.json,3500578,band_3_5m,2030
6879607,6879607.json,3500578,band_3_5m,2030
3315813,3315813.json,3500578,band_3_5m,2030
10015819,10015819.json,3500578,band_3_5m,2030
10027915,10027915.json,3500578,band_3_5m,2030
2598846,2598846.json,3500578,band_3_5m,2030
5545055,5545055.json,3500578,band_3_5m,2030
5165518,5165518.json,3500578,band_3_5m,2030
4159562,4159562.json,3500578,band_3_5m,2030
5277738,5277738.json,3500578,band_3_5m,2030
6697881,6697881.json,3500578,band_3_5m,2030
4979889,4979889.json,3500578,band_3_5m,2030
2353215,2353215.json,3500578,band_3_5m,2030
3231205,3231205.json,3500578,band_3_5m,2030
343961,343961.json,3500578,band_3_5m,2030
3304205,3304205.json,3500578,band_3_5m,2030
902043,902043.json,3500578,band_3_5m,2030
4192757,4192757.json,3500578,band_3_5m,2030
4606629,4606629.json,3500578,band_3_5m,2030
4804387,4804387.json,3500578,band_3_5m,2030
9045256,9045256.json,3500578,band_3_5m,2030
11758018,11758018.json,3500578,band_3_5m,2030
4598095,4598095.json,3500578,band_3_5m,2030
5993021,5993021.json,3500578,band_3_5m,2030
9264797,9264797.json,3500578,band_3_5m,2030
6920900,6920900.json,3500578,band_3_5m,2030
2026377,2026377.json,3500578,band_3_5m,2030
9106462,9106462.json,3500578,band_3_5m,2030
4615925,4615925.json,3500578,band_3_5m,2030
3900383,3900383.json,3500578,band_3_5m,2030
4962394,4962394.json,3500578,band_3_5m,2030
448957,448957.json,3500578,band_3_5m,2030
5247931,5247931.json,3500578,band_3_5m,2030
2737540,2737540.json,3500578,band_3_5m,2030
7814520,7814520.json,3500578,band_3_5m,2030
1887812,1887812.json,3500578,band_3_5m,2030
2475986,2475986.json,3500578,band_3_5m,2030
874792,874792.json,3500578,band_3_5m,2030
3118932,3118932.json,3500578,band_3_5m,2030
3441130,3441130.json,3500578,band_3_5m,2030
6686536,6686536.json,3500578,band_3_5m,2030
4182966,4182966.json,3500578,band_3_5m,2030
7834735,7834735.json,3500578,band_3_5m,2030
2061211,2061211.json,3500578,band_3_5m,2030
2241175,2241175.json,3500578,band_3_5m,2030
7235485,7235485.json,3500578,band_3_5m,2030
2875405,2875405.json,3500578,band_3_5m,2030
2061026,2061026.json,3500578,band_3_5m,2030
5096865,5096865.json,3500578,band_3_5m,2030
5796104,5796104.json,3500578,band_3_5m,2030
4874080,4874080.json,3500578,band_3_5m,2030
993479,993479.json,3500578,band_3_5m,2030
9071706,9071706.json,3500679,band_3_5m,2030
5445881,5445881.json,3500679,band_3_5m,2030
635743,635743.json,3500679,band_3_5m,2030
2184398,2184398.json,3500679,band_3_5m,2030
7689345,7689345.json,3500679,band_3_5m,2030
4211328,4211328.json,3500679,band_3_5m,2030
666249,666249.json,3500679,band_3_5m,2030
4357698,4357698.json,3500679,band_3_5m,2030
817424,817424.json,3500679,band_3_5m,2030
1908680,1908680.json,3500679,band_3_5m,2030
2435439,2435439.json,3500679,band_3_5m,2030
2189749,2189749.json,3500679,band_3_5m,2030
4047825,4047825.json,3500679,band_3_5m,2030
8664619,8664619.json,3500679,band_3_5m,2030
5648223,5648223.json,3500679,band_3_5m,2030
1582496,1582496.json,3500679,band_3_5m,2030
5080584,5080584.json,3500679,band_3_5m,2030
10425463,10425463.json,3500679,band_3_5m,2030
4289258,4289258.json,3500679,band_3_5m,2030
6327543,6327543.json,3500679,band_3_5m,2030
5821662,5821662.json,3500679,band_3_5m,2030
466464,466464.json,3500679,band_3_5m,2030
5250344,5250344.json,3500679,band_3_5m,2030
10640112,10640112.json,3500679,band_3_5m,2030
2475229,2475229.json,3500679,band_3_5m,2030
4889164,4889164.json,3500679,band_3_5m,2030
4916269,4916269.json,3500679,band_3_5m,2030
4918817,4918817.json,3500679,band_3_5m,2030
9281447,9281447.json,3500679,band_3_5m,2030
4298096,4298096.json,3500679,band_3_5m,2030
2030257,2030257.json,3500679,band_3_5m,2030
2934042,2934042.json,3500679,band_3_5m,2030
6645271,6645271.json,3500679,band_3_5m,2030
2219413,2219413.json,3500679,band_3_5m,2030
3703673,3703673.json,3500679,band_3_5m,2030
3336752,3336752.json,3500679,band_3_5m,2030
699286,699286.json,3500679,band_3_5m,2030
6574504,6574504.json,3500679,band_3_5m,2030
6816752,6816752.json,3500679,band_3_5m,2030
9129036,9129036.json,3500679,band_3_5m,2030
850756,850756.json,3500679,band_3_5m,2030
5714840,5714840.json,3500679,band_3_5m,2030
327985,327985.json,3500679,band_3_5m,2030
9328277,9328277.json,3500679,band_3_5m,2030
3712645,3712645.json,3500679,band_3_5m,2030
5959562,5959562.json,3500679,band_3_5m,2030
1670960,1670960.json,3500679,band_3_5m,2030
9634329,9634329.json,3500679,band_3_5m,2030
7649823,7649823.json,3500679,band_3_5m,2030
1158734,1158734.json,3500679,band_3_5m,2030
9942377,9942377.json,3500679,band_3_5m,2030
907365,907365.json,3500679,band_3_5m,2030
1721848,1721848.json,3500679,band_3_5m,2030
180316,180316.json,3500679,band_3_5m,2030
6448781,6448781.json,3500679,band_3_5m,2030
5742505,5742505.json,3500679,band_3_5m,2030
422285,422285.json,3500679,band_3_5m,2030
2561827,2561827.json,3500679,band_3_5m,2030
1487187,1487187.json,3500679,band_3_5m,2030
687757,687757.json,3500679,band_3_5m,2030
311013,311013.json,3500679,band_3_5m,2030
3628843,3628843.json,3500679,band_3_5m,2030
1172031,1172031.json,3500679,band_3_5m,2030
3370559,3370559.json,3500679,band_3_5m,2030
2940910,2940910.json,3500679,band_3_5m,2030
11007296,11007296.json,3500679,band_3_5m,2030
7263752,7263752.json,3500679,band_3_5m,2030
3864730,3864730.json,3500679,band_3_5m,2030
7783273,7783273.json,3500679,band_3_5m,2030
4242722,4242722.json,3500679,band_3_5m,2030
3132587,3132587.json,3500679,band_3_5m,2030
104662,104662.json,3500679,band_3_5m,2030
2695303,2695303.json,3500679,band_3_5m,2030
3410171,3410171.json,3500679,band_3_5m,2030
2632935,2632935.json,3500679,band_3_5m,2030
2401311,2401311.json,3500679,band_3_5m,2030
8419388,8419388.json,3500679,band_3_5m,2030
5904453,5904453.json,3500679,band_3_5m,2030
1428046,1428046.json,3500679,band_3_5m,2030
7033859,7033859.json,3500679,band_3_5m,2030
5073880,5073880.json,3500679,band_3_5m,2030
1959753,1959753.json,3500679,band_3_5m,2030
1114987,1114987.json,3500679,band_3_5m,2030
3828173,3828173.json,3500679,band_3_5m,2030
5792331,5792331.json,3500679,band_3_5m,2030
111476,111476.json,3500679,band_3_5m,2030
5181912,5181912.json,3500679,band_3_5m,2030
3084107,3084107.json,3500679,band_3_5m,2030
2659227,2659227.json,3500679,band_3_5m,2030
2359932,2359932.json,3500679,band_3_5m,2030
3895234,3895234.json,3500679,band_3_5m,2030
7544185,7544185.json,3500679,band_3_5m,2030
3028535,3028535.json,3500679,band_3_5m,2030
2355202,2355202.json,3500679,band_3_5m,2030
5441103,5441103.json,3500679,band_3_5m,2030
7929887,7929887.json,3500774,band_3_5m,2030
2550556,2550556.json,3500774,band_3_5m,2030
3027047,3027047.json,3500774,band_3_5m,2030
1994207,1994207.json,3500774,band_3_5m,2030
9806307,9806307.json,3500774,band_3_5m,2030
5456965,5456965.json,3500774,band_3_5m,2030
3560705,3560705.json,3500774,band_3_5m,2030
1470940,1470940.json,3500774,band_3_5m,2030
1659835,1659835.json,3500774,band_3_5m,2030
5481951,5481951.json,3500774,band_3_5m,2030
1542375,1542375.json,3500774,band_3_5m,2030
2894459,2894459.json,3500774,band_3_5m,2030
6661110,6661110.json,3500774,band_3_5m,2030
6507829,6507829.json,3500774,band_3_5m,2030
8036810,8036810.json,3500774,band_3_5m,2030
5532628,5532628.json,3500774,band_3_5m,2030
5547866,5547866.json,3500774,band_3_5m,2030
3256901,3256901.json,3500774,band_3_5m,2030
3193423,3193423.json,3500774,band_3_5m,2030
7788527,7788527.json,3500774,band_3_5m,2030
6897425,6897425.json,3500774,band_3_5m,2030
8342812,8342812.json,3500774,band_3_5m,2030
2263593,2263593.json,3500774,band_3_5m,2030
5929255,5929255.json,3500774,band_3_5m,2030
11099081,11099081.json,3500774,band_3_5m,2030
9396425,9396425.json,3500774,band_3_5m,2030
6415171,6415171.json,3500774,band_3_5m,2030
5661781,5661781.json,3500774,band_3_5m,2030
8823886,8823886.json,3500774,band_3_5m,2030
3116254,3116254.json,3500774,band_3_5m,2030
503600,503600.json,3500774,band_3_5m,2030
6625350,6625350.json,3500774,band_3_5m,2030
3273388,3273388.json,3500774,band_3_5m,2030
1047809,1047809.json,3500774,band_3_5m,2030
123648,123648.json,3500774,band_3_5m,2030
1362910,1362910.json,3500774,band_3_5m,2030
846838,846838.json,3500774,band_3_5m,2030
7558721,7558721.json,3500774,band_3_5m,2030
3449320,3449320.json,3500774,band_3_5m,2030
7114697,7114697.json,3500774,band_3_5m,2030
6523078,6523078.json,3500774,band_3_5m,2030
5982167,5982167.json,3500774,band_3_5m,2030
5639750,5639750.json,3500774,band_3_5m,2030
1650483,1650483.json,3500774,band_3_5m,2030
4410813,4410813.json,3500774,band_3_5m,2030
1036133,1036133.json,3500774,band_3_5m,2030
10611164,10611164.json,3500774,band_3_5m,2030
2035754,2035754.json,3500774,band_3_5m,2030
2825808,2825808.json,3500774,band_3_5m,2030
4128299,4128299.json,3500774,band_3_5m,2030
8022806,8022806.json,3500774,band_3_5m,2030
5386894,5386894.json,3500774,band_3_5m,2030
6100714,6100714.json,3500774,band_3_5m,2030
4842777,4842777.json,3500774,band_3_5m,2030
4138387,4138387.json,3500774,band_3_5m,2030
338102,338102.json,3500774,band_3_5m,2030
5724687,5724687.json,3500774,band_3_5m,2030
190823,190823.json,3500774,band_3_5m,2030
11269277,11269277.json,3500774,band_3_5m,2030
5811929,5811929.json,3500774,band_3_5m,2030
4893992,4893992.json,3500774,band_3_5m,2030
3708064,3708064.json,3500774,band_3_5m,2030
4324839,4324839.json,3500774,band_3_5m,2030
7678869,7678869.json,3500774,band_3_5m,2030
5886693,5886693.json,3500774,band_3_5m,2030
8252267,8252267.json,3500774,band_3_5m,2030
4119660,4119660.json,3500774,band_3_5m,2030
5078037,5078037.json,3500774,band_3_5m,2030
1170433,1170433.json,3500774,band_3_5m,2030
1946186,1946186.json,3500774,band_3_5m,2030
10000375,10000375.json,3500774,band_3_5m,2030
453858,453858.json,3500774,band_3_5m,2030
5649745,5649745.json,3500774,band_3_5m,2030
6010012,6010012.json,3500774,band_3_5m,2030
6259732,6259732.json,3500774,band_3_5m,2030
1921931,1921931.json,3500774,band_3_5m,2030
4562735,4562735.json,3500774,band_3_5m,2030
753471,753471.json,3500774,band_3_5m,2030
4600232,4600232.json,3500774,band_3_5m,2030
2665084,2665084.json,3500774,band_3_5m,2030
2931372,2931372.json,3500774,band_3_5m,2030
9092765,9092765.json,3500774,band_3_5m,2030
7012879,7012879.json,3500774,band_3_5m,2030
2247660,2247660.json,3500857,band_3_5m,2030
2615213,2615213.json,3500857,band_3_5m,2030
4285680,4285680.json,3500857,band_3_5m,2030
3169812,3169812.json,3500857,band_3_5m,2030
6496603,6496603.json,3500857,band_3_5m,2030
2424068,2424068.json,3500857,band_3_5m,2030
4067333,4067333.json,3500857,band_3_5m,2030
5278709,5278709.json,3500857,band_3_5m,2030
1208951,1208951.json,3500857,band_3_5m,2030
4272852,4272852.json,3500857,band_3_5m,2030
3858486,3858486.json,3500857,band_3_5m,2030
7283884,7283884.json,3500857,band_3_5m,2030
2094739,2094739.json,3500857,band_3_5m,2030
9949870,9949870.json,3500857,band_3_5m,2030
9992932,9992932.json,3500857,band_3_5m,2030
7833715,7833715.json,3500857,band_3_5m,2030
1125294,1125294.json,3500857,band_3_5m,2030
6837024,6837024.json,3500857,band_3_5m,2030
6880600,6880600.json,3500857,band_3_5m,2030
4804996,4804996.json,3500857,band_3_5m,2030
8445130,8445130.json,3500857,band_3_5m,2030
106810,106810.json,3500857,band_3_5m,2030
1406591,1406591.json,3500857,band_3_5m,2030
8811562,8811562.json,3500857,band_3_5m,2030
3407272,3407272.json,3500857,band_3_5m,2030
4051585,4051585.json,3500857,band_3_5m,2030
1777453,1777453.json,3500857,band_3_5m,2030
7122517,7122517.json,3500857,band_3_5m,2030
2359138,2359138.json,3500857,band_3_5m,2030
3811368,3811368.json,3500857,band_3_5m,2030
1863260,1863260.json,3500857,band_3_5m,2030
952939,952939.json,3500857,band_3_5m,2030
1608154,1608154.json,3500857,band_3_5m,2030
1354208,1354208.json,3500857,band_3_5m,2030
5923868,5923868.json,3500857,band_3_5m,2030
2596887,2596887.json,3500857,band_3_5m,2030
731121,731121.json,3500857,band_3_5m,2030
9035016,9035016.json,3500857,band_3_5m,2030
367154,367154.json,3500857,band_3_5m,2030
3427475,3427475.json,3500857,band_3_5m,2030
567131,567131.json,3500857,band_3_5m,2030
8633919,8633919.json,3500857,band_3_5m,2030
6109348,6109348.json,3500857,band_3_5m,2030
7489241,7489241.json,3500857,band_3_5m,2030
1295753,1295753.json,3500857,band_3_5m,2030
1949425,1949425.json,3500857,band_3_5m,2030
4194642,4194642.json,3500857,band_3_5m,2030
3038417,3038417.json,3500857,band_3_5m,2030
3108345,3108345.json,3500857,band_3_5m,2030
5882143,5882143.json,3500857,band_3_5m,2030
10007348,10007348.json,3500857,band_3_5m,2030
10534767,10534767.json,3500857,band_3_5m,2030
8859301,8859301.json,3500857,band_3_5m,2030
901422,901422.json,3500857,band_3_5m,2030
7865555,7865555.json,3500857,band_3_5m,2030
3491455,3491455.json,3500857,band_3_5m,2030
2884411,2884411.json,3500857,band_3_5m,2030
4248679,4248679.json,3500857,band_3_5m,2030
5743920,5743920.json,3500857,band_3_5m,2030
376406,376406.json,3500857,band_3_5m,2030
4867454,4867454.json,3500857,band_3_5m,2030
223517,223517.json,3500857,band_3_5m,2030
1195288,1195288.json,3500857,band_3_5m,2030
4844337,4844337.json,3500857,band_3_5m,2030
1270653,1270653.json,3500857,band_3_5m,2030
2540637,2540637.json,3500857,band_3_5m,2030
44274,44274.json,3500923,band_3_5m,2030
1169143,1169143.json,3500923,band_3_5m,2030
786788,786788.json,3500923,band_3_5m,2030
1306175,1306175.json,3500923,band_3_5m,2030
602877,602877.json,3500923,band_3_5m,2030
66440,66440.json,3500923,band_3_5m,2030
942475,942475.json,3500923,band_3_5m,2030
2931348,2931348.json,3500923,band_3_5m,2030
210961,210961.json,3500923,band_3_5m,2030
1063851,1063851.json,3500923,band_3_5m,2030
1649913,1649913.json,3500923,band_3_5m,2030
1065823,1065823.json,3500923,band_3_5m,2030
2089463,2089463.json,3500923,band_3_5m,2030
1979781,1979781.json,3500923,band_3_5m,2030
742785,742785.json,3500923,band_3_5m,2030
2494660,2494660.json,3500923,band_3_5m,2030
385988,385988.json,3500923,band_3_5m,2030
2098645,2098645.json,3500923,band_3_5m,2030
2979528,2979528.json,3500923,band_3_5m,2030
2907282,2907282.json,3500923,band_3_5m,2030
1724725,1724725.json,3500923,band_3_5m,2030
1799482,1799482.json,3500923,band_3_5m,2030
1157691,1157691.json,3500923,band_3_5m,2030
2690096,2690096.json,3500923,band_3_5m,2030
1603095,1603095.json,3500923,band_3_5m,2030
1500817,1500817.json,3500923,band_3_5m,2030
1447382,1447382.json,3500923,band_3_5m,2030
179816,179816.json,3500923,band_3_5m,2030
1273208,1273208.json,3500923,band_3_5m,2030
10014482,10014482.json,3502418,baseline,2029
1069714,1069714.json,3513911,baseline,2029
4682941,4682941.json,3516907,baseline,2029
365248,365248.json,3524496,baseline,2028
2599549,2599549.json,3524885,baseline,2028
5263896,5263896.json,3526204,baseline,2028
5780236,5780236.json,3536085,baseline,2028
3539705,3539705.json,3536418,baseline,2028
2530519,2530519.json,3542217,baseline,2027
4936454,4936454.json,3549129,baseline,2027
9403422,9403422.json,3551814,baseline,2027
5568773,5568773.json,3552275,baseline,2027
5170228,5170228.json,3554962,baseline,2027
6682299,6682299.json,3555423,baseline,2027
3374755,3374755.json,3563528,baseline,2026
7418211,7418211.json,3565876,baseline,2026
9170396,9170396.json,3565876,baseline,2026
9377157,9377157.json,3566667,baseline,2026
9454127,9454127.json,3567533,baseline,2026
6970772,6970772.json,3570695,baseline,2026
7419021,7419021.json,3571453,baseline,2026
10258900,10258900.json,3573284,baseline,2026
2341058,2341058.json,3576430,baseline,2025
7121923,7121923.json,3578126,baseline,2025
7025968,7025968.json,3584254,baseline,2025
3823499,3823499.json,3591019,baseline,2025
1407192,1407192.json,3595705,baseline,2024
9018051,9018051.json,3595705,baseline,2024
8367800,8367800.json,3596285,baseline,2024
7815385,7815385.json,3597075,baseline,2024
10439740,10439740.json,3597652,baseline,2024
3255052,3255052.json,3600668,baseline,2024
3934150,3934150.json,3601797,baseline,2024
5338113,5338113.json,3606220,baseline,2024
3655778,3655778.json,3609533,baseline,2024
732281,732281.json,3614144,baseline,2023
656696,656696.json,3616341,baseline,2023
6795315,6795315.json,3620283,baseline,2023
2475549,2475549.json,3624689,baseline,2023
9461840,9461840.json,3638695,baseline,2022
2673323,2673323.json,3647341,baseline,2022
3786142,3786142.json,3648186,baseline,2022
7910070,7910070.json,3656759,baseline,2021
7306262,7306262.json,3661076,baseline,2021
8197444,8197444.json,3661076,baseline,2021
8419135,8419135.json,3664292,baseline,2021
10266790,10266790.json,3688041,baseline,2019
775338,775338.json,3693883,baseline,2019
7639415,7639415.json,3696795,baseline,2019
3240709,3240709.json,3697460,baseline,2019
4364699,4364699.json,3697460,baseline,2019
4767196,4767196.json,3700149,baseline,2019
8288313,8288313.json,3706664,baseline,2018
8909398,8909398.json,3708839,baseline,2018
4782564,4782564.json,3709723,baseline,2018
5007073,5007073.json,3720856,baseline,2018
7530348,7530348.json,3725536,baseline,2017
2762488,2762488.json,3727227,baseline,2017
8801947,8801947.json,3730058,baseline,2017
2472101,2472101.json,3730058,baseline,2017
10766015,10766015.json,3730663,baseline,2017
4437002,4437002.json,3732763,baseline,2017
7945037,7945037.json,3742572,baseline,2016
2118061,2118061.json,3745812,baseline,2016
7628589,7628589.json,3756320,baseline,2016
5271121,5271121.json,3759032,baseline,2015
7584018,7584018.json,3764027,baseline,2015
9062927,9062927.json,3764472,baseline,2015
4074490,4074490.json,3768171,baseline,2015
4761146,4761146.json,3772708,baseline,2015
9410119,9410119.json,3779430,baseline,2014
4727346,4727346.json,3783055,baseline,2014
8993491,8993491.json,3786790,baseline,2014
10588151,10588151.json,3795534,baseline,2014
10719794,10719794.json,3805830,baseline,2013
7707871,7707871.json,3808621,baseline,2013
7538326,7538326.json,3811757,baseline,2013
8595745,8595745.json,3815917,baseline,2012
633298,633298.json,3817145,baseline,2012
4918716,4918716.json,3818307,baseline,2012
6358114,6358114.json,3818622,baseline,2012
8302947,8302947.json,3833166,baseline,2011
3965790,3965790.json,3835712,baseline,2011
1262383,1262383.json,3843642,baseline,2011
1299955,1299955.json,3859955,baseline,2010
9340181,9340181.json,3860547,baseline,2010
430813,430813.json,3862778,baseline,2010
6654758,6654758.json,3863445,baseline,2010
3415797,3415797.json,3865894,baseline,2010
743830,743830.json,3875359,baseline,2009
2718885,2718885.json,3886160,baseline,2009
10522962,10522962.json,3895031,baseline,2008
2450301,2450301.json,3897149,baseline,2008
279122,279122.json,3897149,baseline,2008
7977572,7977572.json,3897149,baseline,2008
3785187,3785187.json,3897807,baseline,2008
3368778,3368778.json,3899298,baseline,2008
880655,880655.json,3901259,baseline,2008
9062251,9062251.json,3902492,baseline,2008
1066327,1066327.json,3902826,baseline,2008
7481189,7481189.json,3903393,baseline,2008
7863448,7863448.json,3911562,baseline,2007
8204111,8204111.json,3915900,baseline,2007
7062547,7062547.json,3919400,baseline,2007
2589752,2589752.json,3924025,baseline,2007
7746754,7746754.json,3925830,baseline,2006
1247354,1247354.json,3931080,baseline,2006
2036060,2036060.json,3931500,baseline,2006
6829333,6829333.json,3931941,baseline,2006
4691891,4691891.json,3945606,baseline,2005
6594430,6594430.json,3948185,baseline,2005
2829241,2829241.json,3950543,baseline,2005
6720645,6720645.json,3955289,baseline,2005
6268385,6268385.json,3955994,baseline,2005
2024270,2024270.json,3962965,baseline,2004
822826,822826.json,3963101,baseline,2004
5507322,5507322.json,3969652,baseline,2004
3291552,3291552.json,3971776,baseline,2004
3346316,3346316.json,3973106,baseline,2004
2049500,2049500.json,3973892,baseline,2004
8959221,8959221.json,3976719,baseline,2004
5442242,5442242.json,3983046,baseline,2003
4487029,4487029.json,3993227,baseline,2003
205780,205780.json,3995219,baseline,2003
4567534,4567534.json,3995219,baseline,2003
1343334,1343334.json,3997290,baseline,2003
8907392,8907392.json,3998023,baseline,2003
6667459,6667459.json,4000412,baseline,2002
4204460,4204460.json,4001524,baseline,2002
5904611,5904611.json,4005642,baseline,2002
7438734,7438734.json,4006071,baseline,2002
9298266,9298266.json,4018763,baseline,2001
10033391,10033391.json,4024713,baseline,2001
5361794,5361794.json,4028310,baseline,2001
5052479,5052479.json,4029748,baseline,2001
1232970,1232970.json,4030420,baseline,2001
6592684,6592684.json,4038876,baseline,2000
8990306,8990306.json,4042858,baseline,2000
4014746,4014746.json,4044176,baseline,2000
5312693,5312693.json,4046879,baseline,2000
4171762,4171762.json,4046879,baseline,2000
3382136,3382136.json,4047515,baseline,2000
4548221,4548221.json,4051673,baseline,2000
6320311,6320311.json,4057729,baseline,1999
2182976,2182976.json,4058842,baseline,1999
1833231,1833231.json,4070399,baseline,1999
8897859,8897859.json,4078213,baseline,1998
1903352,1903352.json,4081695,baseline,1998
816349,816349.json,4087589,baseline,1998
1709621,1709621.json,4089470,baseline,1998
6163059,6163059.json,4091301,baseline,1998
9740680,9740680.json,4093524,baseline,1997
10120899,10120899.json,4093689,baseline,1997
2640900,2640900.json,4094261,baseline,1997
4006493,4006493.json,4096533,baseline,1997
5869019,5869019.json,4098104,baseline,1997
1478575,1478575.json,4098472,baseline,1997
5086651,5086651.json,4107870,baseline,1997
4137095,4137095.json,4115569,baseline,1996
9299886,9299886.json,4115569,baseline,1996
2249704,2249704.json,4124051,baseline,1996
3553545,3553545.json,4125779,baseline,1996
3782764,3782764.json,4134743,baseline,1995
2498086,2498086.json,4140675,baseline,1995
2939213,2939213.json,4140675,baseline,1995
7893694,7893694.json,4142744,baseline,1995
4000352,4000352.json,4144072,baseline,1995
4042776,4042776.json,4149183,baseline,1994
2822493,2822493.json,4151996,baseline,1994
5354242,5354242.json,4154759,baseline,1994
6378536,6378536.json,4160197,baseline,1994
5389034,5389034.json,4173125,baseline,1993
3698380,3698380.json,4178333,baseline,1993
3553385,3553385.json,4178333,baseline,1993
3594298,3594298.json,4206882,baseline,1991
7546171,7546171.json,4212272,baseline,1991
7609208,7609208.json,4218443,baseline,1991
10618986,10618986.json,4221766,baseline,1991
3226068,3226068.json,4222278,baseline,1991
9783754,9783754.json,4222881,baseline,1990
4446345,4446345.json,4222881,baseline,1990
8209881,8209881.json,4223937,baseline,1990
3854843,3854843.json,4230623,baseline,1990
9411443,9411443.json,4239131,baseline,1990
2607984,2607984.json,4239327,baseline,1990
1287333,1287333.json,4240331,baseline,1990
5855397,5855397.json,4240832,baseline,1990
8767313,8767313.json,4244584,baseline,1989
1876829,1876829.json,4249746,baseline,1989
9421857,9421857.json,4259055,baseline,1989
4842083,4842083.json,4274136,baseline,1988
3100115,3100115.json,4278898,baseline,1988
6597510,6597510.json,4280680,baseline,1987
6654382,6654382.json,4282236,baseline,1987
1770649,1770649.json,4286781,baseline,1987
641850,641850.json,4296080,baseline,1987
10695686,10695686.json,4300016,baseline,1986
2180907,2180907.json,4300685,baseline,1986
192620,192620.json,4306625,baseline,1986
2652150,2652150.json,4310827,baseline,1986
7342942,7342942.json,4313052,baseline,1986
2302418,2302418.json,4314848,baseline,1986
766978,766978.json,4316064,baseline,1986
10106578,10106578.json,4317595,baseline,1985
5682699,5682699.json,4319679,baseline,1985
2112653,2112653.json,4326538,baseline,1985
2871231,2871231.json,4334028,baseline,1985
6668664,6668664.json,4335435,baseline,1984
3818419,3818419.json,4337033,baseline,1984
3220086,3220086.json,4342752,baseline,1984
8861041,8861041.json,4343724,baseline,1984
3955700,3955700.json,4347154,baseline,1984
4200477,4200477.json,4348769,baseline,1984
8576077,8576077.json,4353301,baseline,1984
8937327,8937327.json,4354792,baseline,1983
9232927,9232927.json,4362349,baseline,1983
237371,237371.json,4364406,baseline,1983
1990335,1990335.json,4370563,baseline,1983
2211292,2211292.json,4372477,baseline,1982
4641924,4641924.json,4374125,baseline,1982
7967376,7967376.json,4380610,baseline,1982
7971466,7971466.json,4381124,baseline,1982
6679675,6679675.json,4382112,baseline,1982
9046845,9046845.json,4382112,baseline,1982
7033691,7033691.json,4385648,baseline,1982
9998913,9998913.json,4388351,baseline,1982
7273316,7273316.json,4391704,baseline,1981
8196205,8196205.json,4395394,baseline,1981
2247056,2247056.json,4395394,baseline,1981
7558198,7558198.json,4399401,baseline,1981
8022562,8022562.json,4401976,baseline,1981
8531022,8531022.json,4411818,baseline,1980
2557040,2557040.json,4413270,baseline,1980
6174338,6174338.json,4413827,baseline,1980
5031295,5031295.json,4421239,baseline,1980
1373556,1373556.json,4427617,baseline,1980
9729500,9729500.json,4427741,baseline,1980
10698184,10698184.json,4431592,baseline,1979
2845130,2845130.json,4434996,baseline,1979
2396988,2396988.json,4435392,baseline,1979
2791138,2791138.json,4439419,baseline,1979
1651178,1651178.json,4440659,baseline,1979
8852898,8852898.json,4441279,baseline,1979
7876743,7876743.json,4446840,baseline,1978
8372569,8372569.json,4456518,baseline,1978
4286906,4286906.json,4458135,baseline,1978
5565504,5565504.json,4459385,baseline,1978
7416271,7416271.json,4464274,baseline,1978
9095548,9095548.json,4468579,baseline,1977
3558781,3558781.json,4470098,baseline,1977
2608514,2608514.json,4472551,baseline,1977
9455942,9455942.json,4473476,baseline,1977
4067771,4067771.json,4478838,baseline,1977
5353877,5353877.json,4485677,baseline,1976
3411425,3411425.json,4487847,baseline,1976
2361511,2361511.json,4494860,baseline,1976
7375357,7375357.json,4495316,baseline,1976
6960608,6960608.json,4499283,baseline,1976
1662339,1662339.json,4500321,baseline,1976
2551904,2551904.json,4501878,baseline,1976
7731428,7731428.json,4503052,baseline,1975
6817882,6817882.json,4503763,baseline,1975
8192589,8192589.json,4505963,baseline,1975
7132649,7132649.json,4513434,baseline,1975
4091350,4091350.json,4513434,baseline,1975
1957498,1957498.json,4519631,baseline,1975
7795420,7795420.json,4523544,baseline,1974
529666,529666.json,4535863,baseline,1974
272125,272125.json,4538796,baseline,1974
3158135,3158135.json,4539595,baseline,1974
4886521,4886521.json,4549456,baseline,1973
5952976,5952976.json,4550924,baseline,1973
3524500,3524500.json,4555710,baseline,1973
4835493,4835493.json,4560348,baseline,1972
3156857,3156857.json,4571817,baseline,1972
4388276,4388276.json,4573683,baseline,1972
3616648,3616648.json,4575994,baseline,1972
7912227,7912227.json,4582620,baseline,1971
2560857,2560857.json,4584036,baseline,1971
2851853,2851853.json,4584832,baseline,1971
6199636,6199636.json,4589564,baseline,1971
7666996,7666996.json,4589564,baseline,1971
2320822,2320822.json,4594421,baseline,1971
262493,262493.json,4599961,baseline,1970
6162858,6162858.json,4626532,baseline,1969
7763014,7763014.json,4628767,baseline,1969
2946752,2946752.json,4628767,baseline,1969
1638896,1638896.json,4629264,baseline,1969
1255410,1255410.json,4648475,baseline,1968
3475524,3475524.json,4652328,baseline,1968
9035839,9035839.json,4659096,baseline,1967
7194571,7194571.json,4661226,baseline,1967
10540403,10540403.json,4664657,baseline,1967
10215172,10215172.json,4666869,baseline,1967
236294,236294.json,4668559,baseline,1967
9522640,9522640.json,4678146,baseline,1966
1651602,1651602.json,4680175,baseline,1966
1867826,1867826.json,4680615,baseline,1966
2710344,2710344.json,4681092,baseline,1966
5111314,5111314.json,4685792,baseline,1966
4896387,4896387.json,4685792,baseline,1966
2640890,2640890.json,4689436,baseline,1966
1310347,1310347.json,4689600,baseline,1966
6619157,6619157.json,4699043,baseline,1965
9660267,9660267.json,4702492,baseline,1965
2532645,2532645.json,4713696,baseline,1964
1936572,1936572.json,4723916,baseline,1964
8034959,8034959.json,4724289,baseline,1964
207042,207042.json,4731039,baseline,1963
9115070,9115070.json,4731323,baseline,1963
8363327,8363327.json,4736822,baseline,1963
6812010,6812010.json,4739667,baseline,1963
3767136,3767136.json,4743402,baseline,1963
2090866,2090866.json,4743686,baseline,1963
113538,113538.json,4744353,baseline,1963
933414,933414.json,4749791,baseline,1962
7411940,7411940.json,4749791,baseline,1962
4436879,4436879.json,4752345,baseline,1962
2135535,2135535.json,4758437,baseline,1962
3879924,3879924.json,4760974,baseline,1962
1794699,1794699.json,4766959,baseline,1961
7106423,7106423.json,4776209,baseline,1961
3974591,3974591.json,4777242,baseline,1961
7099077,7099077.json,4780313,baseline,1961
7563203,7563203.json,4781284,baseline,1961
7650573,7650573.json,4781771,baseline,1961
10565710,10565710.json,4784501,baseline,1960
9895028,9895028.json,4784501,baseline,1960
10757200,10757200.json,4785818,baseline,1960
7612082,7612082.json,4792801,baseline,1960
713901,713901.json,4794229,baseline,1960
10515946,10515946.json,4796191,baseline,1960
3026880,3026880.json,4799141,baseline,1960
9688420,9688420.json,4802225,baseline,1960
2306315,2306315.json,4804318,baseline,1959
2970446,2970446.json,4813665,baseline,1959
9255044,9255044.json,4814112,baseline,1959
4232414,4232414.json,4822739,baseline,1958
6481858,6481858.json,4822980,baseline,1958
7558978,7558978.json,4824280,baseline,1958
10022573,10022573.json,4824280,baseline,1958
6752973,6752973.json,4825683,baseline,1958
2086309,2086309.json,4827283,baseline,1958
6536773,6536773.json,4829189,baseline,1958
5183034,5183034.json,4830834,baseline,1958
8753458,8753458.json,4830834,baseline,1958
4482414,4482414.json,4830834,baseline,1958
6928321,6928321.json,4831761,baseline,1958
2251502,2251502.json,4835171,baseline,1958
3681285,3681285.json,4838733,baseline,1958
8148052,8148052.json,4841404,baseline,1957
6869155,6869155.json,4843068,baseline,1957
3842789,3842789.json,4845169,baseline,1957
6660464,6660464.json,4849046,baseline,1957
3800762,3800762.json,4849467,baseline,1957
9375956,9375956.json,4851312,baseline,1957
7434203,7434203.json,4851312,baseline,1957
4122666,4122666.json,4862452,baseline,1956
10761808,10761808.json,4862740,baseline,1956
3768845,3768845.json,4864626,baseline,1956
1209227,1209227.json,4864982,baseline,1956
7633774,7633774.json,4865343,baseline,1956
1987288,1987288.json,4866569,baseline,1956
5790219,5790219.json,4868759,baseline,1956
2995871,2995871.json,4870637,baseline,1956
3234839,3234839.json,4872708,baseline,1956
3206184,3206184.json,4873183,baseline,1956
8952697,8952697.json,4873183,baseline,1956
4446913,4446913.json,4879802,baseline,1955
1000561,1000561.json,4883140,baseline,1955
1275375,1275375.json,4886182,baseline,1955
4035999,4035999.json,4897245,baseline,1954
10824037,10824037.json,4898843,baseline,1954
1258982,1258982.json,4903454,baseline,1954
6938389,6938389.json,4904777,baseline,1954
1839608,1839608.json,4905638,baseline,1954
1074177,1074177.json,4906100,baseline,1954
8832466,8832466.json,4906552,baseline,1954
2403362,2403362.json,4907042,baseline,1954
4484965,4484965.json,4912089,baseline,1954
4255546,4255546.json,4914118,baseline,1954
10733961,10733961.json,4914779,baseline,1954
6241349,6241349.json,4915009,baseline,1953
1421350,1421350.json,4916590,baseline,1953
10763004,10763004.json,4921634,baseline,1953
10329347,10329347.json,4931362,baseline,1953
2094236,2094236.json,4946517,baseline,1952
4227788,4227788.json,4958286,baseline,1951
6208461,6208461.json,4960692,baseline,1951
5249961,5249961.json,4961094,baseline,1951
4503119,4503119.json,4963322,baseline,1951
2427462,2427462.json,4965284,baseline,1951
10641528,10641528.json,4967116,baseline,1951
7990082,7990082.json,4969993,baseline,1951
6375500,6375500.json,4973373,baseline,1950
2741439,2741439.json,4977130,baseline,1950
8102470,8102470.json,4984559,baseline,1950
447452,447452.json,4989759,baseline,1950
4886734,4886734.json,4993994,baseline,1949
10964483,10964483.json,4995280,baseline,1949
2762153,2762153.json,4998730,baseline,1949
6695984,6695984.json,4999676,band_5m,1949
9954173,9954173.json,4999676,band_5m,1949
8887704,8887704.json,4999676,band_5m,1949
9841856,9841856.json,4999676,band_5m,1949
6869584,6869584.json,4999676,band_5m,1949
6632929,6632929.json,4999676,band_5m,1949
6642586,6642586.json,4999676,band_5m,1949
6882039,6882039.json,4999676,band_5m,1949
7976678,7976678.json,4999676,band_5m,1949
10065504,10065504.json,4999676,band_5m,1949
6851787,6851787.json,4999676,band_5m,1949
12212044,12212044.json,4999676,band_5m,1949
6908347,6908347.json,4999676,band_5m,1949
7979946,7979946.json,4999676,band_5m,1949
7788433,7788433.json,4999676,band_5m,1949
7976913,7976913.json,4999676,band_5m,1949
6621830,6621830.json,4999676,band_5m,1949
8848979,8848979.json,4999676,band_5m,1949
8845731,8845731.json,4999676,band_5m,1949
6918321,6918321.json,4999676,band_5m,1949
7778232,7778232.json,4999676,band_5m,1949
9765845,9765845.json,4999676,band_5m,1949
9790351,9790351.json,4999676,band_5m,1949
10065943,10065943.json,4999676,band_5m,1949
8840070,8840070.json,4999676,band_5m,1949
6933743,6933743.json,4999676,band_5m,1949
6945168,6945168.json,4999676,band_5m,1949
8820900,8820900.json,4999676,band_5m,1949
10729716,10729716.json,4999676,band_5m,1949
9173238,9173238.json,4999676,band_5m,1949
9189943,9189943.json,4999676,band_5m,1949
9189071,9189071.json,4999676,band_5m,1949
8815382,8815382.json,4999676,band_5m,1949
7755865,7755865.json,4999676,band_5m,1949
7761283,7761283.json,4999676,band_5m,1949
10731538,10731538.json,4999676,band_5m,1949
8797443,8797443.json,4999676,band_5m,1949
8795122,8795122.json,4999676,band_5m,1949
9732305,9732305.json,4999676,band_5m,1949
10749660,10749660.json,4999676,band_5m,1949
6585915,6585915.json,4999676,band_5m,1949
8760417,8760417.json,4999676,band_5m,1949
8952520,8952520.json,4999676,band_5m,1949
7952084,7952084.json,4999676,band_5m,1949
9225515,9225515.json,4999676,band_5m,1949
6587597,6587597.json,4999676,band_5m,1949
6565758,6565758.json,4999676,band_5m,1949
11689125,11689125.json,4999676,band_5m,1949
8705435,8705435.json,4999676,band_5m,1949
10810877,10810877.json,4999676,band_5m,1949
9255010,9255010.json,4999676,band_5m,1949
7714521,7714521.json,4999676,band_5m,1949
8030208,8030208.json,4999676,band_5m,1949
6809958,6809958.json,4999676,band_5m,1949
6786932,6786932.json,4999676,band_5m,1949
6802269,6802269.json,4999676,band_5m,1949
6650134,6650134.json,4999676,band_5m,1949
7947319,7947319.json,4999676,band_5m,1949
7838753,7838753.json,4999676,band_5m,1949
9893303,9893303.json,4999676,band_5m,1949
10822817,10822817.json,4999676,band_5m,1949
9264966,9264966.json,4999676,band_5m,1949
9259428,9259428.json,4999676,band_5m,1949
8681997,8681997.json,4999676,band_5m,1949
8662422,8662422.json,4999676,band_5m,1949
7710026,7710026.json,4999676,band_5m,1949
7699108,7699108.json,4999676,band_5m,1949
9282283,9282283.json,4999676,band_5m,1949
9292568,9292568.json,4999676,band_5m,1949
8636697,8636697.json,4999676,band_5m,1949
7102037,7102037.json,4999676,band_5m,1949
8640464,8640464.json,4999676,band_5m,1949
8637100,8637100.json,4999676,band_5m,1949
8985343,8985343.json,4999676,band_5m,1949
8984959,8984959.json,4999676,band_5m,1949
7939859,7939859.json,4999676,band_5m,1949
11655380,11655380.json,4999676,band_5m,1949
7107211,7107211.json,4999676,band_5m,1949
8602733,8602733.json,4999676,band_5m,1949
6505236,6505236.json,4999676,band_5m,1949
10341761,10341761.json,4999676,band_5m,1949
7133161,7133161.json,4999676,band_5m,1949
7144330,7144330.json,4999676,band_5m,1949
7673685,7673685.json,4999676,band_5m,1949
8580702,8580702.json,4999676,band_5m,1949
8067882,8067882.json,4999676,band_5m,1949
8066988,8066988.json,4999676,band_5m,1949
8066917,8066917.json,4999676,band_5m,1949
8571391,8571391.json,4999676,band_5m,1949
8590228,8590228.json,4999676,band_5m,1949
8994114,8994114.json,4999676,band_5m,1949
7154868,7154868.json,4999676,band_5m,1949
8578192,8578192.json,4999676,band_5m,1949
7660167,7660167.json,4999676,band_5m,1949
7162628,7162628.json,4999676,band_5m,1949
10907469,10907469.json,4999676,band_5m,1949
8542981,8542981.json,4999676,band_5m,1949
7197382,7197382.json,4999676,band_5m,1949
10962037,10962037.json,4999676,band_5m,1949
8525086,8525086.json,4999676,band_5m,1949
9343248,9343248.json,4999676,band_5m,1949
7640884,7640884.json,4999676,band_5m,1949
8485907,8485907.json,4999676,band_5m,1949
9098369,9098369.json,4999676,band_5m,1949
6671796,6671796.json,4999676,band_5m,1949
9901604,9901604.json,4999676,band_5m,1949
10590049,10590049.json,4999676,band_5m,1949
7232729,7232729.json,4999676,band_5m,1949
8463050,8463050.json,4999676,band_5m,1949
7228760,7228760.json,4999676,band_5m,1949
8102277,8102277.json,4999676,band_5m,1949
11597490,11597490.json,4999676,band_5m,1949
8453567,8453567.json,4999676,band_5m,1949
8108862,8108862.json,4999676,band_5m,1949
9369894,9369894.json,4999676,band_5m,1949
9087041,9087041.json,4999676,band_5m,1949
10578693,10578693.json,4999676,band_5m,1949
10568037,10568037.json,4999676,band_5m,1949
9011869,9011869.json,4999676,band_5m,1949
9004948,9004948.json,4999676,band_5m,1949
9033046,9033046.json,4999676,band_5m,1949
10263492,10263492.json,4999676,band_5m,1949
10307894,10307894.json,4999676,band_5m,1949
8428066,8428066.json,4999676,band_5m,1949
8120808,8120808.json,4999676,band_5m,1949
11544015,11544015.json,4999676,band_5m,1949
7618974,7618974.json,4999676,band_5m,1949
8406115,8406115.json,4999676,band_5m,1949
9378261,9378261.json,4999676,band_5m,1949
7293998,7293998.json,4999676,band_5m,1949
7592596,7592596.json,4999676,band_5m,1949
7300160,7300160.json,4999676,band_5m,1949
8142720,8142720.json,4999676,band_5m,1949
7333780,7333780.json,4999676,band_5m,1949
8354637,8354637.json,4999676,band_5m,1949
8351617,8351617.json,4999676,band_5m,1949
7574129,7574129.json,4999676,band_5m,1949
11502813,11502813.json,4999676,band_5m,1949
9023706,9023706.json,4999676,band_5m,1949
11201104,11201104.json,4999676,band_5m,1949
8337914,8337914.json,4999676,band_5m,1949
7364171,7364171.json,4999676,band_5m,1949
8283709,8283709.json,4999676,band_5m,1949
9423573,9423573.json,4999676,band_5m,1949
11492198,11492198.json,4999676,band_5m,1949
11292793,11292793.json,4999676,band_5m,1949
7438295,7438295.json,4999676,band_5m,1949
7442671,7442671.json,4999676,band_5m,1949
8238820,8238820.json,4999676,band_5m,1949
8237162,8237162.json,4999676,band_5m,1949
7450949,7450949.json,4999676,band_5m,1949
7485946,7485946.json,4999676,band_5m,1949
8201345,8201345.json,4999676,band_5m,1949
9075212,9075212.json,4999676,band_5m,1949
9067293,9067293.json,4999676,band_5m,1949
6715704,6715704.json,4999676,band_5m,1949
7512688,7512688.json,4999676,band_5m,1949
7510510,7510510.json,4999676,band_5m,1949
7907678,7907678.json,5000109,band_5m,1949
1728114,1728114.json,5000109,band_5m,1949
185656,185656.json,5000109,band_5m,1949
640568,640568.json,5000109,band_5m,1949
9400773,9400773.json,5000109,band_5m,1949
2407120,2407120.json,5000109,band_5m,1949
2403473,2403473.json,5000109,band_5m,1949
1865863,1865863.json,5000109,band_5m,1949
5793995,5793995.json,5000109,band_5m,1949
4446825,4446825.json,5000109,band_5m,1949
4451555,4451555.json,5000109,band_5m,1949
7607501,7607501.json,5000109,band_5m,1949
6437130,6437130.json,5000109,band_5m,1949
187876,187876.json,5000109,band_5m,1949
1864249,1864249.json,5000109,band_5m,1949
5773843,5773843.json,5000109,band_5m,1949
8728307,8728307.json,5000109,band_5m,1949
7017529,7017529.json,5000109,band_5m,1949
8657851,8657851.json,5000109,band_5m,1949
10783571,10783571.json,5000109,band_5m,1949
8721066,8721066.json,5000109,band_5m,1949
2810207,2810207.json,5000109,band_5m,1949
1430461,1430461.json,5000109,band_5m,1949
9926048,9926048.json,5000109,band_5m,1949
1206254,1206254.json,5000109,band_5m,1949
4176546,4176546.json,5000109,band_5m,1949
4180683,4180683.json,5000109,band_5m,1949
119970,119970.json,5000109,band_5m,1949
3100463,3100463.json,5000109,band_5m,1949
9944337,9944337.json,5000109,band_5m,1949
9902201,9902201.json,5000109,band_5m,1949
4153367,4153367.json,5000109,band_5m,1949
6978197,6978197.json,5000109,band_5m,1949
5147772,5147772.json,5000109,band_5m,1949
10758645,10758645.json,5000109,band_5m,1949
5136799,5136799.json,5000109,band_5m,1949
7123904,7123904.json,5000109,band_5m,1949
7122186,7122186.json,5000109,band_5m,1949
3669349,3669349.json,5000109,band_5m,1949
3666224,3666224.json,5000109,band_5m,1949
3089037,3089037.json,5000109,band_5m,1949
1748602,1748602.json,5000109,band_5m,1949
6094063,6094063.json,5000109,band_5m,1949
9883630,9883630.json,5000109,band_5m,1949
4143199,4143199.json,5000109,band_5m,1949
6993297,6993297.json,5000109,band_5m,1949
3665310,3665310.json,5000109,band_5m,1949
4962766,4962766.json,5000109,band_5m,1949
4927545,4927545.json,5000109,band_5m,1949
2837931,2837931.json,5000109,band_5m,1949
4915936,4915936.json,5000109,band_5m,1949
6234376,6234376.json,5000109,band_5m,1949
6223285,6223285.json,5000109,band_5m,1949
6221911,6221911.json,5000109,band_5m,1949
3121081,3121081.json,5000109,band_5m,1949
9845868,9845868.json,5000109,band_5m,1949
7873680,7873680.json,5000109,band_5m,1949
7851384,7851384.json,5000109,band_5m,1949
4200997,4200997.json,5000109,band_5m,1949
3593649,3593649.json,5000109,band_5m,1949
3578300,3578300.json,5000109,band_5m,1949
2108814,2108814.json,5000109,band_5m,1949
1396459,1396459.json,5000109,band_5m,1949
4923700,4923700.json,5000109,band_5m,1949
10890638,10890638.json,5000109,band_5m,1949
5185051,5185051.json,5000109,band_5m,1949
8578226,8578226.json,5000109,band_5m,1949
2838121,2838121.json,5000109,band_5m,1949
2097738,2097738.json,5000109,band_5m,1949
7947395,7947395.json,5000109,band_5m,1949
10074389,10074389.json,5000109,band_5m,1949
3124045,3124045.json,5000109,band_5m,1949
9836562,9836562.json,5000109,band_5m,1949
11971859,11971859.json,5000109,band_5m,1949
7840181,7840181.json,5000109,band_5m,1949
4131211,4131211.json,5000109,band_5m,1949
6078680,6078680.json,5000109,band_5m,1949
356805,356805.json,5000109,band_5m,1949
8566638,8566638.json,5000109,band_5m,1949
10882383,10882383.json,5000109,band_5m,1949
6891458,6891458.json,5000109,band_5m,1949
7187720,7187720.json,5000109,band_5m,1949
4864406,4864406.json,5000109,band_5m,1949
7810790,7810790.json,5000109,band_5m,1949
6066976,6066976.json,5000109,band_5m,1949
10058944,10058944.json,5000109,band_5m,1949
3085642,3085642.json,5000109,band_5m,1949
7839228,7839228.json,5000109,band_5m,1949
2507952,2507952.json,5000109,band_5m,1949
2096286,2096286.json,5000109,band_5m,1949
6903054,6903054.json,5000109,band_5m,1949
6902738,6902738.json,5000109,band_5m,1949
6897607,6897607.json,5000109,band_5m,1949
2221444,2221444.json,5000109,band_5m,1949
7166080,7166080.json,5000109,band_5m,1949
3705695,3705695.json,5000109,band_5m,1949
8518817,8518817.json,5000109,band_5m,1949
7200128,7200128.json,5000109,band_5m,1949
2224881,2224881.json,5000109,band_5m,1949
4859025,4859025.json,5000109,band_5m,1949
6908749,6908749.json,5000109,band_5m,1949
5212876,5212876.json,5000109,band_5m,1949
8562636,8562636.json,5000109,band_5m,1949
8556958,8556958.json,5000109,band_5m,1949
3709767,3709767.json,5000109,band_5m,1949
6040293,6040293.json,5000109,band_5m,1949
7843308,7843308.json,5000109,band_5m,1949
7817259,7817259.json,5000109,band_5m,1949
7817100,7817100.json,5000109,band_5m,1949
6922745,6922745.json,5000109,band_5m,1949
8867987,8867987.json,5000109,band_5m,1949
8866320,8866320.json,5000109,band_5m,1949
10679758,10679758.json,5000109,band_5m,1949
6879868,6879868.json,5000109,band_5m,1949
2871143,2871143.json,5000109,band_5m,1949
207083,207083.json,5000109,band_5m,1949
8910538,8910538.json,5000109,band_5m,1949
3527293,3527293.json,5000109,band_5m,1949
6859505,6859505.json,5000109,band_5m,1949
2762116,2762116.json,5000109,band_5m,1949
9801468,9801468.json,5000109,band_5m,1949
4102864,4102864.json,5000109,band_5m,1949
10661813,10661813.json,5000109,band_5m,1949
2760817,2760817.json,5000109,band_5m,1949
3718428,3718428.json,5000109,band_5m,1949
8522580,8522580.json,5000109,band_5m,1949
8518915,8518915.json,5000109,band_5m,1949
10687277,10687277.json,5000109,band_5m,1949
1489493,1489493.json,5000109,band_5m,1949
10652661,10652661.json,5000109,band_5m,1949
1370031,1370031.json,5000109,band_5m,1949
4840713,4840713.json,5000109,band_5m,1949
7214581,7214581.json,5000109,band_5m,1949
3742012,3742012.json,5000109,band_5m,1949
2757391,2757391.json,5000109,band_5m,1949
9693419,9693419.json,5000109,band_5m,1949
177130,177130.json,5000109,band_5m,1949
3081527,3081527.json,5000109,band_5m,1949
7967884,7967884.json,5000109,band_5m,1949
7798493,7798493.json,5000109,band_5m,1949
2761212,2761212.json,5000109,band_5m,1949
3514586,3514586.json,5000109,band_5m,1949
2875989,2875989.json,5000109,band_5m,1949
6851230,6851230.json,5000109,band_5m,1949
3764453,3764453.json,5000109,band_5m,1949
2879168,2879168.json,5000109,band_5m,1949
4831034,4831034.json,5000109,band_5m,1949
1366374,1366374.json,5000109,band_5m,1949
10976720,10976720.json,5000109,band_5m,1949
7218326,7218326.json,5000109,band_5m,1949
3491970,3491970.json,5000109,band_5m,1949
10983852,10983852.json,5000109,band_5m,1949
6243527,6243527.json,5000109,band_5m,1949
10104857,10104857.json,5000109,band_5m,1949
9743380,9743380.json,5000109,band_5m,1949
7795873,7795873.json,5000109,band_5m,1949
5248867,5248867.json,5000109,band_5m,1949
5269784,5269784.json,5000109,band_5m,1949
5265481,5265481.json,5000109,band_5m,1949
2060368,2060368.json,5000109,band_5m,1949
2032715,2032715.json,5000109,band_5m,1949
2898171,2898171.json,5000109,band_5m,1949
5339800,5339800.json,5000109,band_5m,1949
224954,224954.json,5000109,band_5m,1949
7251811,7251811.json,5000109,band_5m,1949
8449653,8449653.json,5000109,band_5m,1949
6795853,6795853.json,5000109,band_5m,1949
5333919,5333919.json,5000109,band_5m,1949
724731,724731.json,5000109,band_5m,1949
7995487,7995487.json,5000109,band_5m,1949
10138153,10138153.json,5000109,band_5m,1949
5999608,5999608.json,5000109,band_5m,1949
5998607,5998607.json,5000109,band_5m,1949
10617390,10617390.json,5000109,band_5m,1949
3776811,3776811.json,5000109,band_5m,1949
376446,376446.json,5000109,band_5m,1949
5408372,5408372.json,5000109,band_5m,1949
8403822,8403822.json,5000109,band_5m,1949
4789002,4789002.json,5000109,band_5m,1949
2255085,2255085.json,5000109,band_5m,1949
6737878,6737878.json,5000109,band_5m,1949
6274662,6274662.json,5000109,band_5m,1949
6274585,6274585.json,5000109,band_5m,1949
3160922,3160922.json,5000109,band_5m,1949
2494752,2494752.json,5000109,band_5m,1949
4254601,4254601.json,5000109,band_5m,1949
2491252,2491252.json,5000109,band_5m,1949
7774270,7774270.json,5000109,band_5m,1949
8001039,8001039.json,5000109,band_5m,1949
3795004,3795004.json,5000109,band_5m,1949
6740128,6740128.json,5000109,band_5m,1949
2722077,2722077.json,5000109,band_5m,1949
9072335,9072335.json,5000109,band_5m,1949
2265769,2265769.json,5000109,band_5m,1949
2263565,2263565.json,5000109,band_5m,1949
628029,628029.json,5000109,band_5m,1949
4270397,4270397.json,5000109,band_5m,1949
777026,777026.json,5000109,band_5m,1949
7765362,7765362.json,5000109,band_5m,1949
964115,964115.json,5000109,band_5m,1949
10538222,10538222.json,5000109,band_5m,1949
3434698,3434698.json,5000109,band_5m,1949
10533131,10533131.json,5000109,band_5m,1949
7291373,7291373.json,5000109,band_5m,1949
2261749,2261749.json,5000109,band_5m,1949
8419461,8419461.json,5000109,band_5m,1949
5393577,5393577.json,5000109,band_5m,1949
9051306,9051306.json,5000109,band_5m,1949
5470917,5470917.json,5000109,band_5m,1949
473205,473205.json,5000109,band_5m,1949
1524508,1524508.json,5000109,band_5m,1949
7324746,7324746.json,5000109,band_5m,1949
7321730,7321730.json,5000109,band_5m,1949
5453156,5453156.json,5000109,band_5m,1949
5456712,5456712.json,5000109,band_5m,1949
1674169,1674169.json,5000109,band_5m,1949
7765163,7765163.json,5000109,band_5m,1949
4281011,4281011.json,5000109,band_5m,1949
1669342,1669342.json,5000109,band_5m,1949
5423659,5423659.json,5000109,band_5m,1949
1521717,1521717.json,5000109,band_5m,1949
9081319,9081319.json,5000109,band_5m,1949
6689649,6689649.json,5000109,band_5m,1949
2011121,2011121.json,5000109,band_5m,1949
11147840,11147840.json,5000109,band_5m,1949
3834807,3834807.json,5000109,band_5m,1949
3833016,3833016.json,5000109,band_5m,1949
6669898,6669898.json,5000109,band_5m,1949
9598537,9598537.json,5000109,band_5m,1949
5966894,5966894.json,5000109,band_5m,1949
11683243,11683243.json,5000109,band_5m,1949
5949525,5949525.json,5000109,band_5m,1949
6664094,6664094.json,5000109,band_5m,1949
5483709,5483709.json,5000109,band_5m,1949
11175906,11175906.json,5000109,band_5m,1949
11164724,11164724.json,5000109,band_5m,1949
2281912,2281912.json,5000109,band_5m,1949
7333635,7333635.json,5000109,band_5m,1949
10517538,10517538.json,5000109,band_5m,1949
8359967,8359967.json,5000109,band_5m,1949
2297426,2297426.json,5000109,band_5m,1949
197005,197005.json,5000109,band_5m,1949
8354077,8354077.json,5000109,band_5m,1949
8349527,8349527.json,5000109,band_5m,1949
9109344,9109344.json,5000109,band_5m,1949
1017460,1017460.json,5000109,band_5m,1949
3190795,3190795.json,5000109,band_5m,1949
5950027,5950027.json,5000109,band_5m,1949
4307812,4307812.json,5000109,band_5m,1949
3052972,3052972.json,5000109,band_5m,1949
5940891,5940891.json,5000109,band_5m,1949
6291590,6291590.json,5000109,band_5m,1949
1667888,1667888.json,5000109,band_5m,1949
3822574,3822574.json,5000109,band_5m,1949
912107,912107.json,5000109,band_5m,1949
2285798,2285798.json,5000109,band_5m,1949
7381927,7381927.json,5000109,band_5m,1949
7389745,7389745.json,5000109,band_5m,1949
2933082,2933082.json,5000109,band_5m,1949
5522659,5522659.json,5000109,band_5m,1949
2693773,2693773.json,5000109,band_5m,1949
8321523,8321523.json,5000109,band_5m,1949
1326817,1326817.json,5000109,band_5m,1949
8044143,8044143.json,5000109,band_5m,1949
957062,957062.json,5000109,band_5m,1949
3187674,3187674.json,5000109,band_5m,1949
2464463,2464463.json,5000109,band_5m,1949
7718998,7718998.json,5000109,band_5m,1949
9526280,9526280.json,5000109,band_5m,1949
6627171,6627171.json,5000109,band_5m,1949
4694457,4694457.json,5000109,band_5m,1949
4694071,4694071.json,5000109,band_5m,1949
2319643,2319643.json,5000109,band_5m,1949
9230646,9230646.json,5000109,band_5m,1949
3338420,3338420.json,5000109,band_5m,1949
1321690,1321690.json,5000109,band_5m,1949
2677681,2677681.json,5000109,band_5m,1949
467191,467191.json,5000109,band_5m,1949
4695242,4695242.json,5000109,band_5m,1949
7373290,7373290.json,5000109,band_5m,1949
5542524,5542524.json,5000109,band_5m,1949
10434861,10434861.json,5000109,band_5m,1949
4676309,4676309.json,5000109,band_5m,1949
6298274,6298274.json,5000109,band_5m,1949
11681508,11681508.json,5000109,band_5m,1949
2945577,2945577.json,5000109,band_5m,1949
1125835,1125835.json,5000109,band_5m,1949
2303822,2303822.json,5000109,band_5m,1949
4639488,4639488.json,5000109,band_5m,1949
5572566,5572566.json,5000109,band_5m,1949
924519,924519.json,5000109,band_5m,1949
1800684,1800684.json,5000109,band_5m,1949
180068,180068.json,5000109,band_5m,1949
5915761,5915761.json,5000109,band_5m,1949
1661530,1661530.json,5000109,band_5m,1949
10178210,10178210.json,5000109,band_5m,1949
10389812,10389812.json,5000109,band_5m,1949
6593410,6593410.json,5000109,band_5m,1949
7434981,7434981.json,5000109,band_5m,1949
463786,463786.json,5000109,band_5m,1949
3874442,3874442.json,5000109,band_5m,1949
8271155,8271155.json,5000109,band_5m,1949
11303745,11303745.json,5000109,band_5m,1949
11284100,11284100.json,5000109,band_5m,1949
1924968,1924968.json,5000109,band_5m,1949
5640121,5640121.json,5000109,band_5m,1949
2973648,2973648.json,5000109,band_5m,1949
4590023,4590023.json,5000109,band_5m,1949
557673,557673.json,5000109,band_5m,1949
5580322,5580322.json,5000109,band_5m,1949
10367217,10367217.json,5000109,band_5m,1949
10360581,10360581.json,5000109,band_5m,1949
5879707,5879707.json,5000109,band_5m,1949
587938,587938.json,5000109,band_5m,1949
5908273,5908273.json,5000109,band_5m,1949
2337431,2337431.json,5000109,band_5m,1949
1570967,1570967.json,5000109,band_5m,1949
460268,460268.json,5000109,band_5m,1949
4611865,4611865.json,5000109,band_5m,1949
6570674,6570674.json,5000109,band_5m,1949
1918055,1918055.json,5000109,band_5m,1949
6532705,6532705.json,5000109,band_5m,1949
9300931,9300931.json,5000109,band_5m,1949
9285207,9285207.json,5000109,band_5m,1949
5657449,5657449.json,5000109,band_5m,1949
7482349,7482349.json,5000109,band_5m,1949
2664042,2664042.json,5000109,band_5m,1949
3210963,3210963.json,5000109,band_5m,1949
2603030,2603030.json,5000109,band_5m,1949
3898596,3898596.json,5000109,band_5m,1949
5647602,5647602.json,5000109,band_5m,1949
9276773,9276773.json,5000109,band_5m,1949
8215795,8215795.json,5000109,band_5m,1949
4587149,4587149.json,5000109,band_5m,1949
7480282,7480282.json,5000109,band_5m,1949
7478514,7478514.json,5000109,band_5m,1949
6504971,6504971.json,5000109,band_5m,1949
1141329,1141329.json,5000109,band_5m,1949
2980897,2980897.json,5000109,band_5m,1949
9290872,9290872.json,5000109,band_5m,1949
929730,929730.json,5000109,band_5m,1949
10343507,10343507.json,5000109,band_5m,1949
4553545,4553545.json,5000109,band_5m,1949
5859284,5859284.json,5000109,band_5m,1949
1640678,1640678.json,5000109,band_5m,1949
587078,587078.json,5000109,band_5m,1949
6338023,6338023.json,5000109,band_5m,1949
1258744,1258744.json,5000109,band_5m,1949
1256678,1256678.json,5000109,band_5m,1949
8200491,8200491.json,5000109,band_5m,1949
266142,266142.json,5000109,band_5m,1949
5665063,5665063.json,5000109,band_5m,1949
7529355,7529355.json,5000109,band_5m,1949
3936205,3936205.json,5000109,band_5m,1949
1825298,1825298.json,5000109,band_5m,1949
7669537,7669537.json,5000109,band_5m,1949
8083899,8083899.json,5000109,band_5m,1949
8082717,8082717.json,5000109,band_5m,1949
1263800,1263800.json,5000109,band_5m,1949
1263705,1263705.json,5000109,band_5m,1949
1160198,1160198.json,5000109,band_5m,1949
11393151,11393151.json,5000109,band_5m,1949
1138480,1138480.json,5000109,band_5m,1949
2991032,2991032.json,5000109,band_5m,1949
3292245,3292245.json,5000109,band_5m,1949
3934199,3934199.json,5000109,band_5m,1949
8177842,8177842.json,5000109,band_5m,1949
1911825,1911825.json,5000109,band_5m,1949
1888546,1888546.json,5000109,band_5m,1949
6455422,6455422.json,5000109,band_5m,1949
1601933,1601933.json,5000109,band_5m,1949
4505572,4505572.json,5000109,band_5m,1949
183446,183446.json,5000109,band_5m,1949
9459498,9459498.json,5000109,band_5m,1949
4415622,4415622.json,5000109,band_5m,1949
76553,76553.json,5000109,band_5m,1949
809005,809005.json,5000109,band_5m,1949
6499030,6499030.json,5000109,band_5m,1949
6476737,6476737.json,5000109,band_5m,1949
1896546,1896546.json,5000109,band_5m,1949
11455004,11455004.json,5000109,band_5m,1949
7549420,7549420.json,5000109,band_5m,1949
2371856,2371856.json,5000109,band_5m,1949
2656057,2656057.json,5000109,band_5m,1949
4498316,4498316.json,5000109,band_5m,1949
2390578,2390578.json,5000109,band_5m,1949
3017157,3017157.json,5000109,band_5m,1949
58411,58411.json,5000109,band_5m,1949
8081495,8081495.json,5000109,band_5m,1949
11618149,11618149.json,5000109,band_5m,1949
4431846,4431846.json,5000109,band_5m,1949
4430147,4430147.json,5000109,band_5m,1949
4004735,4004735.json,5000109,band_5m,1949
3966970,3966970.json,5000109,band_5m,1949
11452515,11452515.json,5000109,band_5m,1949
3955200,3955200.json,5000109,band_5m,1949
114681,114681.json,5000109,band_5m,1949
8153517,8153517.json,5000109,band_5m,1949
9328446,9328446.json,5000109,band_5m,1949
6465940,6465940.json,5000109,band_5m,1949
1607882,1607882.json,5000109,band_5m,1949
6429483,6429483.json,5000109,band_5m,1949
9373871,9373871.json,5000109,band_5m,1949
8130341,8130341.json,5000109,band_5m,1949
2642620,2642620.json,5000109,band_5m,1949
5739228,5739228.json,5000109,band_5m,1949
944263,944263.json,5000109,band_5m,1949
401321,401321.json,5000109,band_5m,1949
763860,763860.json,5000109,band_5m,1949
7636369,7636369.json,5000109,band_5m,1949
4002889,4002889.json,5000109,band_5m,1949
4002677,4002677.json,5000109,band_5m,1949
1599880,1599880.json,5000109,band_5m,1949
9339521,9339521.json,5000109,band_5m,1949
5730143,5730143.json,5000109,band_5m,1949
3262451,3262451.json,5000109,band_5m,1949
2398775,2398775.json,5000109,band_5m,1949
2638418,2638418.json,5000109,band_5m,1949
5780208,5780208.json,5000109,band_5m,1949
4442887,4442887.json,5000109,band_5m,1949
8109644,8109644.json,5000109,band_5m,1949
10232855,10232855.json,5000109,band_5m,1949
1885514,1885514.json,5000109,band_5m,1949
5764672,5764672.json,5000109,band_5m,1949
5764455,5764455.json,5000109,band_5m,1949
10262028,10262028.json,5000109,band_5m,1949
11536267,11536267.json,5000109,band_5m,1949
11520442,11520442.json,5000109,band_5m,1949
11503944,11503944.json,5000109,band_5m,1949
9355302,9355302.json,5000109,band_5m,1949
2389608,2389608.json,5000109,band_5m,1949
2388424,2388424.json,5000109,band_5m,1949
6996405,6996405.json,5000109,band_5m,1949
6987246,6987246.json,5000109,band_5m,1949
508263,508263.json,5000109,band_5m,1949
1437562,1437562.json,5000109,band_5m,1949
8748733,8748733.json,5000109,band_5m,1949
3598967,3598967.json,5000109,band_5m,1949
365608,365608.json,5000109,band_5m,1949
2139596,2139596.json,5000109,band_5m,1949
7876281,7876281.json,5000109,band_5m,1949
9925764,9925764.json,5000109,band_5m,1949
4192173,4192173.json,5000109,band_5m,1949
7018664,7018664.json,5000109,band_5m,1949
1432814,1432814.json,5000109,band_5m,1949
6993168,6993168.json,5000109,band_5m,1949
2824810,2824810.json,5000109,band_5m,1949
8688317,8688317.json,5000109,band_5m,1949
4154768,4154768.json,5000109,band_5m,1949
4164381,4164381.json,5000109,band_5m,1949
4166590,4166590.json,5000109,band_5m,1949
10006469,10006469.json,5000109,band_5m,1949
9908248,9908248.json,5000109,band_5m,1949
7069893,7069893.json,5000109,band_5m,1949
5017429,5017429.json,5000109,band_5m,1949
7077214,7077214.json,5000109,band_5m,1949
8662161,8662161.json,5000109,band_5m,1949
7056308,7056308.json,5000109,band_5m,1949
9973244,9973244.json,5000109,band_5m,1949
9968247,9968247.json,5000109,band_5m,1949
9967796,9967796.json,5000109,band_5m,1949
1716987,1716987.json,5000109,band_5m,1949
4822858,4822858.json,5000571,band_5m,1949
497177,497177.json,5000571,band_5m,1949
3395528,3395528.json,5000571,band_5m,1949
2294523,2294523.json,5000571,band_5m,1949
2295399,2295399.json,5000571,band_5m,1949
4702948,4702948.json,5000571,band_5m,1949
6638567,6638567.json,5000571,band_5m,1949
5504024,5504024.json,5000571,band_5m,1949
1065398,1065398.json,5000571,band_5m,1949
7368051,7368051.json,5000571,band_5m,1949
4699497,4699497.json,5000571,band_5m,1949
1544451,1544451.json,5000571,band_5m,1949
4162795,4162795.json,5000571,band_5m,1949
5795804,5795804.json,5000571,band_5m,1949
7598447,7598447.json,5000571,band_5m,1949
7796791,7796791.json,5000571,band_5m,1949
2143329,2143329.json,5000571,band_5m,1949
1418396,1418396.json,5000571,band_5m,1949
499147,499147.json,5000571,band_5m,1949
1716072,1716072.json,5000571,band_5m,1949
2818782,2818782.json,5000571,band_5m,1949
1022463,1022463.json,5000571,band_5m,1949
1438471,1438471.json,5000571,band_5m,1949
7014449,7014449.json,5000571,band_5m,1949
7014613,7014613.json,5000571,band_5m,1949
789087,789087.json,5000571,band_5m,1949
2700898,2700898.json,5000571,band_5m,1949
3826441,3826441.json,5000571,band_5m,1949
8032395,8032395.json,5000571,band_5m,1949
974639,974639.json,5000571,band_5m,1949
7975749,7975749.json,5000571,band_5m,1949
1872654,1872654.json,5000571,band_5m,1949
2789819,2789819.json,5000571,band_5m,1949
8091850,8091850.json,5000571,band_5m,1949
1631721,1631721.json,5000571,band_5m,1949
1081048,1081048.json,5000571,band_5m,1949
2393707,2393707.json,5000571,band_5m,1949
3257674,3257674.json,5000571,band_5m,1949
1278839,1278839.json,5000571,band_5m,1949
3254563,3254563.json,5000571,band_5m,1949
6446555,6446555.json,5000571,band_5m,1949
1846602,1846602.json,5000571,band_5m,1949
936590,936590.json,5000571,band_5m,1949
5714731,5714731.json,5000571,band_5m,1949
1702566,1702566.json,5000571,band_5m,1949
1703002,1703002.json,5000571,band_5m,1949
6095825,6095825.json,5000571,band_5m,1949
7982691,7982691.json,5000571,band_5m,1949
1010955,1010955.json,5000571,band_5m,1949
5997722,5997722.json,5000571,band_5m,1949
5995030,5995030.json,5000571,band_5m,1949
2893003,2893003.json,5000571,band_5m,1949
3499995,3499995.json,5000571,band_5m,1949
6815214,6815214.json,5000571,band_5m,1949
7232132,7232132.json,5000571,band_5m,1949
3474089,3474089.json,5000571,band_5m,1949
5366503,5366503.json,5000571,band_5m,1949
6999601,6999601.json,5000571,band_5m,1949
8155596,8155596.json,5000571,band_5m,1949
8148610,8148610.json,5000571,band_5m,1949
395757,395757.json,5000571,band_5m,1949
8152092,8152092.json,5000571,band_5m,1949
4518082,4518082.json,5000571,band_5m,1949
322809,322809.json,5000571,band_5m,1949
5840457,5840457.json,5000571,band_5m,1949
3241105,3241105.json,5000571,band_5m,1949
324235,324235.json,5000571,band_5m,1949
3261476,3261476.json,5000571,band_5m,1949
5732319,5732319.json,5000571,band_5m,1949
300157,300157.json,5000571,band_5m,1949
5098755,5098755.json,5000571,band_5m,1949
2131310,2131310.json,5000571,band_5m,1949
3664930,3664930.json,5000571,band_5m,1949
5132722,5132722.json,5000571,band_5m,1949
6997343,6997343.json,5000571,band_5m,1949
7942316,7942316.json,5000571,band_5m,1949
5325537,5325537.json,5000571,band_5m,1949
5282445,5282445.json,5000571,band_5m,1949
2729705,2729705.json,5000571,band_5m,1949
6785586,6785586.json,5000571,band_5m,1949
6792915,6792915.json,5000571,band_5m,1949
1503930,1503930.json,5000571,band_5m,1949
7249831,7249831.json,5000571,band_5m,1949
7251405,7251405.json,5000571,band_5m,1949
4812877,4812877.json,5000571,band_5m,1949
2033880,2033880.json,5000571,band_5m,1949
7232106,7232106.json,5000571,band_5m,1949
4524610,4524610.json,5000571,band_5m,1949
327387,327387.json,5000571,band_5m,1949
3280798,3280798.json,5000571,band_5m,1949
4424806,4424806.json,5000571,band_5m,1949
1267461,1267461.json,5000571,band_5m,1949
4415248,4415248.json,5000571,band_5m,1949
1831823,1831823.json,5000571,band_5m,1949
451834,451834.json,5000571,band_5m,1949
7555202,7555202.json,5000571,band_5m,1949
1601983,1601983.json,5000571,band_5m,1949
931710,931710.json,5000571,band_5m,1949
5106822,5106822.json,5000571,band_5m,1949
7120461,7120461.json,5000571,band_5m,1949
7789854,7789854.json,5000571,band_5m,1949
6493234,6493234.json,5000571,band_5m,1949
5701872,5701872.json,5000571,band_5m,1949
3942520,3942520.json,5000571,band_5m,1949
2651934,2651934.json,5000571,band_5m,1949
6755258,6755258.json,5000571,band_5m,1949
2032390,2032390.json,5000571,band_5m,1949
5360847,5360847.json,5000571,band_5m,1949
1509193,1509193.json,5000571,band_5m,1949
1512356,1512356.json,5000571,band_5m,1949
2743447,2743447.json,5000571,band_5m,1949
4828692,4828692.json,5000571,band_5m,1949
4151023,4151023.json,5000571,band_5m,1949
2555377,2555377.json,5000571,band_5m,1949
7868332,7868332.json,5000571,band_5m,1949
1699383,1699383.json,5000571,band_5m,1949
681558,681558.json,5000571,band_5m,1949
2052022,2052022.json,5000571,band_5m,1949
7264082,7264082.json,5000571,band_5m,1949
7264940,7264940.json,5000571,band_5m,1949
7282178,7282178.json,5000571,band_5m,1949
7269347,7269347.json,5000571,band_5m,1949
7269583,7269583.json,5000571,band_5m,1949
6750407,6750407.json,5000571,band_5m,1949
5372043,5372043.json,5000571,band_5m,1949
8004938,8004938.json,5000571,band_5m,1949
2489964,2489964.json,5000571,band_5m,1949
6980446,6980446.json,5000571,band_5m,1949
1355633,1355633.json,5000571,band_5m,1949
3800096,3800096.json,5000571,band_5m,1949
635318,635318.json,5000571,band_5m,1949
7511525,7511525.json,5000571,band_5m,1949
930433,930433.json,5000571,band_5m,1949
7124274,7124274.json,5000571,band_5m,1949
7130498,7130498.json,5000571,band_5m,1949
2202597,2202597.json,5000571,band_5m,1949
5153873,5153873.json,5000571,band_5m,1949
2113940,2113940.json,5000571,band_5m,1949
1454297,1454297.json,5000571,band_5m,1949
5661806,5661806.json,5000571,band_5m,1949
5853411,5853411.json,5000571,band_5m,1949
5854442,5854442.json,5000571,band_5m,1949
7503218,7503218.json,5000571,band_5m,1949
2657413,2657413.json,5000571,band_5m,1949
564001,564001.json,5000571,band_5m,1949
2435296,2435296.json,5000571,band_5m,1949
1816391,1816391.json,5000571,band_5m,1949
474520,474520.json,5000571,band_5m,1949
5951584,5951584.json,5000571,band_5m,1949
4289952,4289952.json,5000571,band_5m,1949
2478939,2478939.json,5000571,band_5m,1949
7749911,7749911.json,5000571,band_5m,1949
4073575,4073575.json,5000571,band_5m,1949
5936396,5936396.json,5000571,band_5m,1949
2286056,2286056.json,5000571,band_5m,1949
5220948,5220948.json,5000571,band_5m,1949
7728767,7728767.json,5000571,band_5m,1949
4311945,4311945.json,5000571,band_5m,1949
340687,340687.json,5000571,band_5m,1949
2495112,2495112.json,5000571,band_5m,1949
3160704,3160704.json,5000571,band_5m,1949
7272644,7272644.json,5000571,band_5m,1949
2579791,2579791.json,5000571,band_5m,1949
4789159,4789159.json,5000571,band_5m,1949
5401974,5401974.json,5000571,band_5m,1949
1056935,1056935.json,5000571,band_5m,1949
540881,540881.json,5000571,band_5m,1949
6749865,6749865.json,5000571,band_5m,1949
5412270,5412270.json,5000571,band_5m,1949
84176,84176.json,5000571,band_5m,1949
3510779,3510779.json,5000571,band_5m,1949
7224813,7224813.json,5000571,band_5m,1949
4908662,4908662.json,5000571,band_5m,1949
2774026,2774026.json,5000571,band_5m,1949
4379971,4379971.json,5000571,band_5m,1949
266366,266366.json,5000571,band_5m,1949
7486767,7486767.json,5000571,band_5m,1949
1917178,1917178.json,5000571,band_5m,1949
6503398,6503398.json,5000571,band_5m,1949
6978916,6978916.json,5000571,band_5m,1949
7137795,7137795.json,5000571,band_5m,1949
6948317,6948317.json,5000571,band_5m,1949
3592052,3592052.json,5000571,band_5m,1949
5668666,5668666.json,5000571,band_5m,1949
820251,820251.json,5000571,band_5m,1949
2660980,2660980.json,5000571,band_5m,1949
1211343,1211343.json,5000571,band_5m,1949
3683150,3683150.json,5000571,band_5m,1949
2204642,2204642.json,5000571,band_5m,1949
3803094,3803094.json,5000571,band_5m,1949
2017511,2017511.json,5000571,band_5m,1949
4097306,4097306.json,5000571,band_5m,1949
409736,409736.json,5000571,band_5m,1949
7988929,7988929.json,5000571,band_5m,1949
1223610,1223610.json,5000571,band_5m,1949
6015488,6015488.json,5000571,band_5m,1949
5982480,5982480.json,5000571,band_5m,1949
5983838,5983838.json,5000571,band_5m,1949
5985732,5985732.json,5000571,band_5m,1949
3496085,3496085.json,5000571,band_5m,1949
5584124,5584124.json,5000571,band_5m,1949
1306462,1306462.json,5000571,band_5m,1949
4599836,4599836.json,5000571,band_5m,1949
1401554,1401554.json,5000571,band_5m,1949
7154723,7154723.json,5000571,band_5m,1949
356928,356928.json,5000571,band_5m,1949
3594157,3594157.json,5000571,band_5m,1949
5599935,5599935.json,5000571,band_5m,1949
5599050,5599050.json,5000571,band_5m,1949
1585199,1585199.json,5000571,band_5m,1949
5611376,5611376.json,5000571,band_5m,1949
4379082,4379082.json,5000571,band_5m,1949
4197570,4197570.json,5000571,band_5m,1949
131260,131260.json,5000571,band_5m,1949
6077765,6077765.json,5000571,band_5m,1949
2099820,2099820.json,5000571,band_5m,1949
2839103,2839103.json,5000571,band_5m,1949
7158020,7158020.json,5000571,band_5m,1949
7225073,7225073.json,5000571,band_5m,1949
1352635,1352635.json,5000571,band_5m,1949
3434035,3434035.json,5000571,band_5m,1949
5974277,5974277.json,5000571,band_5m,1949
408705,408705.json,5000571,band_5m,1949
4077829,4077829.json,5000571,band_5m,1949
4260118,4260118.json,5000571,band_5m,1949
2872249,2872249.json,5000571,band_5m,1949
5264280,5264280.json,5000571,band_5m,1949
1347803,1347803.json,5000571,band_5m,1949
6580766,6580766.json,5000571,band_5m,1949
5567569,5567569.json,5000571,band_5m,1949
1941088,1941088.json,5000571,band_5m,1949
1571858,1571858.json,5000571,band_5m,1949
2337760,2337760.json,5000571,band_5m,1949
3201168,3201168.json,5000571,band_5m,1949
5898892,5898892.json,5000571,band_5m,1949
8061731,8061731.json,5000571,band_5m,1949
8063392,8063392.json,5000571,band_5m,1949
1255817,1255817.json,5000571,band_5m,1949
4364888,4364888.json,5000571,band_5m,1949
590589,590589.json,5000571,band_5m,1949
5905934,5905934.json,5000571,band_5m,1949
2671590,2671590.json,5000571,band_5m,1949
5191387,5191387.json,5000571,band_5m,1949
4222956,4222956.json,5000571,band_5m,1949
4222986,4222986.json,5000571,band_5m,1949
3087380,3087380.json,5000571,band_5m,1949
3135590,3135590.json,5000571,band_5m,1949
1489816,1489816.json,5000571,band_5m,1949
3063949,3063949.json,5000571,band_5m,1949
5956412,5956412.json,5000571,band_5m,1949
2262523,2262523.json,5000571,band_5m,1949
1111016,1111016.json,5000571,band_5m,1949
6727474,6727474.json,5000571,band_5m,1949
669495,669495.json,5000571,band_5m,1949
6696952,6696952.json,5000571,band_5m,1949
7703198,7703198.json,5000571,band_5m,1949
2451986,2451986.json,5000571,band_5m,1949
3047042,3047042.json,5000571,band_5m,1949
6305147,6305147.json,5000571,band_5m,1949
1658593,1658593.json,5000571,band_5m,1949
5886771,5886771.json,5000571,band_5m,1949
4628505,4628505.json,5000571,band_5m,1949
1567839,1567839.json,5000571,band_5m,1949
1944424,1944424.json,5000571,band_5m,1949
5165632,5165632.json,5000571,band_5m,1949
7170779,7170779.json,5000571,band_5m,1949
4876313,4876313.json,5000571,band_5m,1949
487724,487724.json,5000571,band_5m,1949
7176540,7176540.json,5000571,band_5m,1949
6899444,6899444.json,5000571,band_5m,1949
2326807,2326807.json,5000571,band_5m,1949
4645103,4645103.json,5000571,band_5m,1949
4647178,4647178.json,5000571,band_5m,1949
5575137,5575137.json,5000571,band_5m,1949
7314640,7314640.json,5000571,band_5m,1949
5531479,5531479.json,5000571,band_5m,1949
5535138,5535138.json,5000571,band_5m,1949
5520865,5520865.json,5000571,band_5m,1949
4687142,4687142.json,5000571,band_5m,1949
6609346,6609346.json,5000571,band_5m,1949
8045545,8045545.json,5000571,band_5m,1949
5216005,5216005.json,5000571,band_5m,1949
2078493,2078493.json,5000571,band_5m,1949
519928,519928.json,5000571,band_5m,1949
8049499,8049499.json,5000571,band_5m,1949
1246772,1246772.json,5000571,band_5m,1949
7354713,7354713.json,5000571,band_5m,1949
7355037,7355037.json,5000571,band_5m,1949
7316829,7316829.json,5000571,band_5m,1949
2923548,2923548.json,5000571,band_5m,1949
1952805,1952805.json,5000571,band_5m,1949
1235636,1235636.json,5000571,band_5m,1949
4235872,4235872.json,5000571,band_5m,1949
4240895,4240895.json,5000571,band_5m,1949
257292,257292.json,5000571,band_5m,1949
3145425,3145425.json,5000571,band_5m,1949
3146654,3146654.json,5000571,band_5m,1949
850069,850069.json,5000571,band_5m,1949
6589307,6589307.json,5000571,band_5m,1949
1041975,1041975.json,5000571,band_5m,1949
6601424,6601424.json,5000571,band_5m,1949
1563089,1563089.json,5000571,band_5m,1949
5557334,5557334.json,5000571,band_5m,1949
3557486,3557486.json,5000571,band_5m,1949
3558476,3558476.json,5000571,band_5m,1949
4865688,4865688.json,5000571,band_5m,1949
887707,887707.json,5000571,band_5m,1949
6921610,6921610.json,5000571,band_5m,1949
357092,357092.json,5000571,band_5m,1949
1560091,1560091.json,5000571,band_5m,1949
660543,660543.json,5000571,band_5m,1949
1044892,1044892.json,5000571,band_5m,1949
2949602,2949602.json,5000571,band_5m,1949
4673712,4673712.json,5000571,band_5m,1949
267971,267971.json,5000571,band_5m,1949
2682334,2682334.json,5000571,band_5m,1949
2483701,2483701.json,5000571,band_5m,1949
4271100,4271100.json,5000571,band_5m,1949
3174539,3174539.json,5000571,band_5m,1949
668158,668158.json,5000571,band_5m,1949
5461757,5461757.json,5000571,band_5m,1949
2714905,2714905.json,5000571,band_5m,1949
7322787,7322787.json,5000571,band_5m,1949
5425998,5425998.json,5000571,band_5m,1949
3399722,3399722.json,5000571,band_5m,1949
1990732,1990732.json,5000571,band_5m,1949
3357504,3357504.json,5000571,band_5m,1949
1246413,1246413.json,5000571,band_5m,1949
4052623,4052623.json,5000571,band_5m,1949
3198942,3198942.json,5000571,band_5m,1949
6301597,6301597.json,5000571,band_5m,1949
593254,593254.json,5000571,band_5m,1949
951730,951730.json,5000571,band_5m,1949
6060157,6060157.json,5000571,band_5m,1949
6049194,6049194.json,5000571,band_5m,1949
7197047,7197047.json,5000571,band_5m,1949
3367123,3367123.json,5000571,band_5m,1949
2139788,2139788.json,5000571,band_5m,1949
1954325,1954325.json,5000571,band_5m,1949
5542575,5542575.json,5000571,band_5m,1949
3847180,3847180.json,5000571,band_5m,1949
7198381,7198381.json,5000571,band_5m,1949
4868490,4868490.json,5000571,band_5m,1949
2865493,2865493.json,5000571,band_5m,1949
6889039,6889039.json,5000571,band_5m,1949
6877996,6877996.json,5000571,band_5m,1949
1066599,1066599.json,5000571,band_5m,1949
5470533,5470533.json,5000571,band_5m,1949
6849822,6849822.json,5000571,band_5m,1949
6857443,6857443.json,5000571,band_5m,1949
3732499,3732499.json,5000571,band_5m,1949
7204322,7204322.json,5000571,band_5m,1949
206938,206938.json,5000571,band_5m,1949
3535541,3535541.json,5000571,band_5m,1949
3824881,3824881.json,5000571,band_5m,1949
4321216,4321216.json,5000571,band_5m,1949
8044196,8044196.json,5000571,band_5m,1949
2690842,2690842.json,5000571,band_5m,1949
2694717,2694717.json,5000571,band_5m,1949
3845132,3845132.json,5000571,band_5m,1949
2629095,2629095.json,5000571,band_5m,1949
3978034,3978034.json,5000571,band_5m,1949
5749771,5749771.json,5000571,band_5m,1949
5009240,5009240.json,5000571,band_5m,1949
2165182,2165182.json,5000571,band_5m,1949
4154571,4154571.json,5000571,band_5m,1949
3653035,3653035.json,5000571,band_5m,1949
7870652,7870652.json,5000571,band_5m,1949
2528941,2528941.json,5000571,band_5m,1949
7588594,7588594.json,5000571,band_5m,1949
4980149,4980149.json,5000571,band_5m,1949
6186653,6186653.json,5000571,band_5m,1949
5313417,5313417.json,5000571,band_5m,1949
2244463,2244463.json,5000571,band_5m,1949
2737809,2737809.json,5000571,band_5m,1949
5325441,5325441.json,5000571,band_5m,1949
6813434,6813434.json,5000571,band_5m,1949
2544439,2544439.json,5000571,band_5m,1949
7235420,7235420.json,5000571,band_5m,1949
7239365,7239365.json,5000571,band_5m,1949
9134622,9134622.json,5001481,baseline,1949
6542891,6542891.json,5002426,baseline,1949
8084066,8084066.json,5003423,baseline,1949
9516786,9516786.json,5009430,baseline,1948
10149704,10149704.json,5011228,baseline,1948
4449369,4449369.json,5012740,baseline,1948
3470106,3470106.json,5015891,baseline,1948
4788475,4788475.json,5036557,baseline,1947
5790399,5790399.json,5038348,baseline,1947
1921860,1921860.json,5038808,baseline,1947
4081984,4081984.json,5044029,baseline,1947
6069743,6069743.json,5046926,baseline,1946
9324246,9324246.json,5049490,baseline,1946
5188936,5188936.json,5053590,baseline,1946
1259380,1259380.json,5054023,baseline,1946
4832328,4832328.json,5054855,baseline,1946
8517170,8517170.json,5066160,baseline,1945
6906259,6906259.json,5068068,baseline,1945
2820799,2820799.json,5068716,baseline,1945
6105195,6105195.json,5073463,baseline,1945
6070881,6070881.json,5074781,baseline,1945
6375342,6375342.json,5083935,baseline,1944
2586095,2586095.json,5085639,baseline,1944
4977932,4977932.json,5101737,baseline,1943
7617382,7617382.json,5103297,baseline,1943
9574149,9574149.json,5113914,baseline,1943
6435311,6435311.json,5116866,baseline,1943
8124386,8124386.json,5117394,baseline,1943
666755,666755.json,5121139,baseline,1942
6358386,6358386.json,5123154,baseline,1942
548889,548889.json,5127189,baseline,1942
3116164,3116164.json,5131792,baseline,1942
739654,739654.json,5136992,baseline,1942
10416826,10416826.json,5141689,baseline,1941
3504578,3504578.json,5146876,baseline,1941
3142606,3142606.json,5151458,baseline,1941
1349591,1349591.json,5153707,baseline,1941
6262975,6262975.json,5154378,baseline,1941
10863974,10863974.json,5161129,baseline,1940
4147995,4147995.json,5167367,baseline,1940
7852086,7852086.json,5179818,baseline,1939
7899185,7899185.json,5181770,baseline,1939
6255419,6255419.json,5182097,baseline,1939
2592465,2592465.json,5182826,baseline,1939
4720377,4720377.json,5184743,baseline,1939
2345136,2345136.json,5184743,baseline,1939
3526281,3526281.json,5195424,baseline,1938
5688908,5688908.json,5196201,baseline,1938
5218368,5218368.json,5199897,baseline,1938
7030011,7030011.json,5200575,baseline,1938
4093380,4093380.json,5205637,baseline,1938
5770620,5770620.json,5210898,baseline,1938
7526284,7526284.json,5212117,baseline,1938
5708457,5708457.json,5216919,baseline,1937
2949246,2949246.json,5217607,baseline,1937
10205538,10205538.json,5217976,baseline,1937
8872506,8872506.json,5221041,baseline,1937
4017344,4017344.json,5222235,baseline,1937
2013004,2013004.json,5223455,baseline,1937
10055888,10055888.json,5233847,baseline,1936
6183842,6183842.json,5239315,baseline,1936
5573148,5573148.json,5245993,baseline,1936
7534090,7534090.json,5249892,baseline,1936
8010351,8010351.json,5251066,baseline,1936
9850289,9850289.json,5254933,baseline,1935
8782614,8782614.json,5255628,baseline,1935
6960816,6960816.json,5257678,baseline,1935
10365556,10365556.json,5259595,baseline,1935
2503121,2503121.json,5263808,baseline,1935
3020854,3020854.json,5266362,baseline,1935
6156399,6156399.json,5267342,baseline,1935
5144281,5144281.json,5275096,baseline,1934
1788239,1788239.json,5282929,baseline,1934
10702934,10702934.json,5289630,baseline,1933
10840214,10840214.json,5295605,baseline,1933
4031967,4031967.json,5301073,baseline,1933
527022,527022.json,5306357,baseline,1933
445200,445200.json,5314469,baseline,1932
3517317,3517317.json,5315238,baseline,1932
2927576,2927576.json,5317625,baseline,1932
289294,289294.json,5322993,baseline,1932
2947670,2947670.json,5323803,baseline,1932
10449028,10449028.json,5327243,baseline,1931
10654490,10654490.json,5330855,baseline,1931
3567282,3567282.json,5331198,baseline,1931
908842,908842.json,5337583,baseline,1931
6677904,6677904.json,5337986,baseline,1931
4502930,4502930.json,5340220,baseline,1931
5504980,5504980.json,5341375,baseline,1931
8610705,8610705.json,5348502,baseline,1930
8937983,8937983.json,5354511,baseline,1930
4480461,4480461.json,5356556,baseline,1930
6942581,6942581.json,5360778,baseline,1930
7078000,7078000.json,5365298,baseline,1929
7548449,7548449.json,5367659,baseline,1929
10522067,10522067.json,5369023,baseline,1929
4107777,4107777.json,5369805,baseline,1929
522453,522453.json,5381325,baseline,1928
10456558,10456558.json,5383840,baseline,1928
5676859,5676859.json,5385893,baseline,1928
7801208,7801208.json,5387264,baseline,1928
4955646,4955646.json,5388334,baseline,1928
7678590,7678590.json,5390643,baseline,1928
3905583,3905583.json,5394407,baseline,1928
6395998,6395998.json,5396039,baseline,1928
7421840,7421840.json,5407821,baseline,1927
3883527,3883527.json,5413482,baseline,1927
5041570,5041570.json,5418472,baseline,1926
8997382,8997382.json,5423990,baseline,1926
5323377,5323377.json,5427565,baseline,1926
7575835,7575835.json,5434210,baseline,1926
5032740,5032740.json,5434452,baseline,1926
1065819,1065819.json,5437187,baseline,1925
2663320,2663320.json,5445239,baseline,1925
4833543,4833543.json,5447203,baseline,1925
9790058,9790058.json,5448406,baseline,1925
1016912,1016912.json,5449675,baseline,1925
1010922,1010922.json,5453870,baseline,1925
4988758,4988758.json,5475577,baseline,1923
9628810,9628810.json,5480852,baseline,1923
2937100,2937100.json,5481986,baseline,1923
858284,858284.json,5491315,baseline,1923
7841506,7841506.json,5493571,baseline,1922
9324627,9324627.json,5505675,baseline,1922
4680951,4680951.json,5507525,baseline,1922
7698257,7698257.json,5510148,baseline,1922
5007985,5007985.json,5516996,baseline,1921
6847049,6847049.json,5517407,baseline,1921
1368711,1368711.json,5527871,baseline,1921
3125791,3125791.json,5528784,baseline,1921
6765481,6765481.json,5529272,baseline,1921
7412855,7412855.json,5529644,baseline,1920
7761612,7761612.json,5530418,baseline,1920
3543919,3543919.json,5530814,baseline,1920
5228408,5228408.json,5531082,baseline,1920
212268,212268.json,5535202,baseline,1920
2503457,2503457.json,5540301,baseline,1920
5587496,5587496.json,5543883,baseline,1920
1944842,1944842.json,5547652,baseline,1920
3327422,3327422.json,5553399,baseline,1919
6681352,6681352.json,5558823,baseline,1919
1458592,1458592.json,5560070,baseline,1919
4045422,4045422.json,5563931,baseline,1919
4609385,4609385.json,5564472,baseline,1919
7558524,7558524.json,5566824,baseline,1918
1642636,1642636.json,5574914,baseline,1918
8164343,8164343.json,5578920,baseline,1918
2276066,2276066.json,5584435,baseline,1918
5062768,5062768.json,5587407,baseline,1917
1815604,1815604.json,5587407,baseline,1917
6780933,6780933.json,5592608,baseline,1917
1535459,1535459.json,5593382,baseline,1917
2231199,2231199.json,5602161,baseline,1917
5679881,5679881.json,5605353,baseline,1916
8312591,8312591.json,5608146,baseline,1916
7808033,7808033.json,5610705,baseline,1916
3194549,3194549.json,5611064,baseline,1916
9262354,9262354.json,5614646,baseline,1916
8453011,8453011.json,5620838,baseline,1916
4134742,4134742.json,5626031,baseline,1915
6923580,6923580.json,5626432,baseline,1915
3147113,3147113.json,5627520,baseline,1915
6076507,6076507.json,5632530,baseline,1915
786585,786585.json,5633662,baseline,1915
3305701,3305701.json,5638658,baseline,1915
10843797,10843797.json,5641764,baseline,1914
3772643,3772643.json,5641764,baseline,1914
1865406,1865406.json,5642668,baseline,1914
4107246,4107246.json,5642668,baseline,1914
7681644,7681644.json,5642668,baseline,1914
4569245,4569245.json,5645625,baseline,1914
7640616,7640616.json,5645992,baseline,1914
9792397,9792397.json,5647449,baseline,1914
6550191,6550191.json,5653726,baseline,1914
8770839,8770839.json,5659066,baseline,1913
2204725,2204725.json,5660534,baseline,1913
9951142,9951142.json,5665191,baseline,1913
7015137,7015137.json,5669414,baseline,1913
8028421,8028421.json,5675709,baseline,1913
358319,358319.json,5676337,baseline,1913
9298064,9298064.json,5679837,baseline,1912
10632525,10632525.json,5679837,baseline,1912
5634587,5634587.json,5689990,baseline,1912
4528973,4528973.json,5695118,baseline,1912
9160591,9160591.json,5696073,baseline,1911
8944388,8944388.json,5698308,baseline,1911
1289924,1289924.json,5699739,baseline,1911
2500716,2500716.json,5706656,baseline,1911
4525930,4525930.json,5708609,baseline,1911
9024939,9024939.json,5711838,baseline,1911
2843768,2843768.json,5713206,baseline,1911
8464928,8464928.json,5722719,baseline,1910
318833,318833.json,5722719,baseline,1910
326766,326766.json,5726760,baseline,1910
10776654,10776654.json,5726760,baseline,1910
6639864,6639864.json,5728565,baseline,1910
10753985,10753985.json,5728565,baseline,1910
1932289,1932289.json,5728941,baseline,1910
10024702,10024702.json,5733092,baseline,1909
9460860,9460860.json,5734938,baseline,1909
7867191,7867191.json,5742497,baseline,1909
4453787,4453787.json,5745175,baseline,1909
841249,841249.json,5746671,baseline,1909
9470601,9470601.json,5748554,baseline,1909
7138770,7138770.json,5751368,baseline,1909
8311163,8311163.json,5752725,baseline,1908
1140195,1140195.json,5755842,baseline,1908
5707198,5707198.json,5757387,baseline,1908
5866295,5866295.json,5760515,baseline,1908
198827,198827.json,5762125,baseline,1908
1817746,1817746.json,5763228,baseline,1908
3668137,3668137.json,5764400,baseline,1908
10486326,10486326.json,5765853,baseline,1908
10251603,10251603.json,5785146,baseline,1907
8310236,8310236.json,5789630,baseline,1906
7231839,7231839.json,5794346,baseline,1906
8961381,8961381.json,5798342,baseline,1906
1893219,1893219.json,5801683,baseline,1906
5467464,5467464.json,5805450,baseline,1906
8487337,8487337.json,5809389,baseline,1905
5395805,5395805.json,5812358,baseline,1905
2442256,2442256.json,5813105,baseline,1905
6274033,6274033.json,5813498,baseline,1905
1362694,1362694.json,5815084,baseline,1905
10162614,10162614.json,5816608,baseline,1905
6455325,6455325.json,5818454,baseline,1905
6381735,6381735.json,5821344,baseline,1905
5304574,5304574.json,5826729,baseline,1904
3684532,3684532.json,5835376,baseline,1904
2860718,2860718.json,5838668,baseline,1904
6054580,6054580.json,5842046,baseline,1904
1128955,1128955.json,5846537,baseline,1903
10535233,10535233.json,5846537,baseline,1903
6878300,6878300.json,5852371,baseline,1903
5080484,5080484.json,5855713,baseline,1903
5946535,5946535.json,5862930,baseline,1902
5204825,5204825.json,5870873,baseline,1902
4443952,4443952.json,5876073,baseline,1902
2091746,2091746.json,5879179,baseline,1902
10716041,10716041.json,5886772,baseline,1901
5591987,5591987.json,5887964,baseline,1901
9418853,9418853.json,5889486,baseline,1901
9142601,9142601.json,5895698,baseline,1901
8264870,8264870.json,5896031,baseline,1901
1044907,1044907.json,5898148,baseline,1900
4317227,4317227.json,5901232,baseline,1900
3184888,3184888.json,5901232,baseline,1900
9069561,9069561.json,5902015,baseline,1900
10787613,10787613.json,5903166,baseline,1900
3253165,3253165.json,5906216,baseline,1900
5709939,5709939.json,5910362,baseline,1900
6224541,6224541.json,5911782,baseline,1900
7419379,7419379.json,5916267,baseline,1899
7312937,7312937.json,5917211,baseline,1899
8393010,8393010.json,5917433,baseline,1899
8911493,8911493.json,5917980,baseline,1899
1950184,1950184.json,5919030,baseline,1899
3896009,3896009.json,5921451,baseline,1899
5794357,5794357.json,5921837,baseline,1899
9879621,9879621.json,5922220,baseline,1899
10719832,10719832.json,5922610,baseline,1899
1532211,1532211.json,5923768,baseline,1899
8389916,8389916.json,5926517,baseline,1899
5363837,5363837.json,5931616,baseline,1899
4015308,4015308.json,5950982,baseline,1898
8644975,8644975.json,5957896,baseline,1897
10570020,10570020.json,5959415,baseline,1897
6191136,6191136.json,5973211,baseline,1896
3007599,3007599.json,5977926,baseline,1896
3713926,3713926.json,5981140,baseline,1896
1351869,1351869.json,5984966,baseline,1896
5029009,5029009.json,5985297,baseline,1896
1510774,1510774.json,5996513,baseline,1895
8511547,8511547.json,5998496,baseline,1895
10695751,10695751.json,5999623,band_6m,1895
11857415,11857415.json,5999623,band_6m,1895
10966193,10966193.json,5999623,band_6m,1895
10838337,10838337.json,5999623,band_6m,1895
11330764,11330764.json,5999623,band_6m,1895
11248979,11248979.json,5999623,band_6m,1895
11252471,11252471.json,5999623,band_6m,1895
11318035,11318035.json,5999623,band_6m,1895
11668997,11668997.json,5999623,band_6m,1895
11215373,11215373.json,5999623,band_6m,1895
11004677,11004677.json,5999623,band_6m,1895
11005243,11005243.json,5999623,band_6m,1895
10987477,10987477.json,5999623,band_6m,1895
11775114,11775114.json,5999623,band_6m,1895
11600387,11600387.json,5999623,band_6m,1895
10729153,10729153.json,5999623,band_6m,1895
11471300,11471300.json,5999623,band_6m,1895
11507446,11507446.json,5999623,band_6m,1895
11539012,11539012.json,5999623,band_6m,1895
11452422,11452422.json,5999623,band_6m,1895
11506592,11506592.json,5999623,band_6m,1895
10833160,10833160.json,5999623,band_6m,1895
6118269,6118269.json,5999973,band_6m,1895
995386,995386.json,5999973,band_6m,1895
4146944,4146944.json,5999973,band_6m,1895
2153687,2153687.json,5999973,band_6m,1895
1604791,1604791.json,5999973,band_6m,1895
6140485,6140485.json,5999973,band_6m,1895
6138761,6138761.json,5999973,band_6m,1895
5028827,5028827.json,5999973,band_6m,1895
3639078,3639078.json,5999973,band_6m,1895
868287,868287.json,5999973,band_6m,1895
2046019,2046019.json,5999973,band_6m,1895
2738479,2738479.json,5999973,band_6m,1895
846400,846400.json,5999973,band_6m,1895
8996335,8996335.json,5999973,band_6m,1895
8979430,8979430.json,5999973,band_6m,1895
10620738,10620738.json,5999973,band_6m,1895
4089084,4089084.json,5999973,band_6m,1895
3158678,3158678.json,5999973,band_6m,1895
7773408,7773408.json,5999973,band_6m,1895
1364518,1364518.json,5999973,band_6m,1895
724280,724280.json,5999973,band_6m,1895
8934542,8934542.json,5999973,band_6m,1895
7236460,7236460.json,5999973,band_6m,1895
3471412,3471412.json,5999973,band_6m,1895
3472189,3472189.json,5999973,band_6m,1895
1506751,1506751.json,5999973,band_6m,1895
5296098,5296098.json,5999973,band_6m,1895
2728868,2728868.json,5999973,band_6m,1895
3785466,3785466.json,5999973,band_6m,1895
5334499,5334499.json,5999973,band_6m,1895
3785762,3785762.json,5999973,band_6m,1895
2732257,2732257.json,5999973,band_6m,1895
843305,843305.json,5999973,band_6m,1895
3467780,3467780.json,5999973,band_6m,1895
1101289,1101289.json,5999973,band_6m,1895
1512605,1512605.json,5999973,band_6m,1895
2043717,2043717.json,5999973,band_6m,1895
3760634,3760634.json,5999973,band_6m,1895
8966911,8966911.json,5999973,band_6m,1895
4840900,4840900.json,5999973,band_6m,1895
4830256,4830256.json,5999973,band_6m,1895
1496433,1496433.json,5999973,band_6m,1895
532402,532402.json,5999973,band_6m,1895
8428069,8428069.json,5999973,band_6m,1895
7262968,7262968.json,5999973,band_6m,1895
343633,343633.json,5999973,band_6m,1895
2912498,2912498.json,5999973,band_6m,1895
2015891,2015891.json,5999973,band_6m,1895
8005225,8005225.json,5999973,band_6m,1895
3159744,3159744.json,5999973,band_6m,1895
9055565,9055565.json,5999973,band_6m,1895
3441723,3441723.json,5999973,band_6m,1895
10562876,10562876.json,5999973,band_6m,1895
11041863,11041863.json,5999973,band_6m,1895
11043024,11043024.json,5999973,band_6m,1895
3805125,3805125.json,5999973,band_6m,1895
3426101,3426101.json,5999973,band_6m,1895
3426664,3426664.json,5999973,band_6m,1895
3428196,3428196.json,5999973,band_6m,1895
168826,168826.json,5999973,band_6m,1895
6020891,6020891.json,5999973,band_6m,1895
2011274,2011274.json,5999973,band_6m,1895
8402823,8402823.json,5999973,band_6m,1895
1350257,1350257.json,5999973,band_6m,1895
7305855,7305855.json,5999973,band_6m,1895
10535940,10535940.json,5999973,band_6m,1895
8007953,8007953.json,5999973,band_6m,1895
4833405,4833405.json,5999973,band_6m,1895
2878377,2878377.json,5999973,band_6m,1895
10630737,10630737.json,5999973,band_6m,1895
2059939,2059939.json,5999973,band_6m,1895
5263008,5263008.json,5999973,band_6m,1895
6837790,6837790.json,5999973,band_6m,1895
8924261,8924261.json,5999973,band_6m,1895
11809656,11809656.json,5999973,band_6m,1895
3064144,3064144.json,5999973,band_6m,1895
9704424,9704424.json,5999973,band_6m,1895
6278769,6278769.json,5999973,band_6m,1895
8397191,8397191.json,5999973,band_6m,1895
11112554,11112554.json,5999973,band_6m,1895
2916904,2916904.json,5999973,band_6m,1895
6710876,6710876.json,5999973,band_6m,1895
6703347,6703347.json,5999973,band_6m,1895
2716754,2716754.json,5999973,band_6m,1895
2717082,2717082.json,5999973,band_6m,1895
8400156,8400156.json,5999973,band_6m,1895
2921139,2921139.json,5999973,band_6m,1895
5419032,5419032.json,5999973,band_6m,1895
1771011,1771011.json,5999973,band_6m,1895
1487921,1487921.json,5999973,band_6m,1895
8508675,8508675.json,5999973,band_6m,1895
3738224,3738224.json,5999973,band_6m,1895
137112,137112.json,5999973,band_6m,1895
7760810,7760810.json,5999973,band_6m,1895
4086597,4086597.json,5999973,band_6m,1895
6271459,6271459.json,5999973,band_6m,1895
5951385,5951385.json,5999973,band_6m,1895
11115173,11115173.json,5999973,band_6m,1895
2713896,2713896.json,5999973,band_6m,1895
3810536,3810536.json,5999973,band_6m,1895
9091612,9091612.json,5999973,band_6m,1895
473341,473341.json,5999973,band_6m,1895
6671527,6671527.json,5999973,band_6m,1895
10508615,10508615.json,5999973,band_6m,1895
1051139,1051139.json,5999973,band_6m,1895
5247768,5247768.json,5999973,band_6m,1895
1094856,1094856.json,5999973,band_6m,1895
7205293,7205293.json,5999973,band_6m,1895
5248755,5248755.json,5999973,band_6m,1895
8881202,8881202.json,5999973,band_6m,1895
2501349,2501349.json,5999973,band_6m,1895
1112670,1112670.json,5999973,band_6m,1895
4729074,4729074.json,5999973,band_6m,1895
4738199,4738199.json,5999973,band_6m,1895
5954888,5954888.json,5999973,band_6m,1895
4073382,4073382.json,5999973,band_6m,1895
3175354,3175354.json,5999973,band_6m,1895
1792728,1792728.json,5999973,band_6m,1895
3832963,3832963.json,5999973,band_6m,1895
4715603,4715603.json,5999973,band_6m,1895
3384658,3384658.json,5999973,band_6m,1895
6643071,6643071.json,5999973,band_6m,1895
4117103,4117103.json,5999973,band_6m,1895
4109922,4109922.json,5999973,band_6m,1895
11851483,11851483.json,5999973,band_6m,1895
2227323,2227323.json,5999973,band_6m,1895
6861950,6861950.json,5999973,band_6m,1895
1792274,1792274.json,5999973,band_6m,1895
9608652,9608652.json,5999973,band_6m,1895
8352731,8352731.json,5999973,band_6m,1895
3380255,3380255.json,5999973,band_6m,1895
10667031,10667031.json,5999973,band_6m,1895
3536767,3536767.json,5999973,band_6m,1895
3726412,3726412.json,5999973,band_6m,1895
8902466,8902466.json,5999973,band_6m,1895
1482897,1482897.json,5999973,band_6m,1895
8537075,8537075.json,5999973,band_6m,1895
4241605,4241605.json,5999973,band_6m,1895
1988000,1988000.json,5999973,band_6m,1895
10470480,10470480.json,5999973,band_6m,1895
5505014,5505014.json,5999973,band_6m,1895
2298854,2298854.json,5999973,band_6m,1895
6629071,6629071.json,5999973,band_6m,1895
1976616,1976616.json,5999973,band_6m,1895
1977455,1977455.json,5999973,band_6m,1895
7719531,7719531.json,5999973,band_6m,1895
8021707,8021707.json,5999973,band_6m,1895
1328675,1328675.json,5999973,band_6m,1895
9139473,9139473.json,5999973,band_6m,1895
7380733,7380733.json,5999973,band_6m,1895
2946030,2946030.json,5999973,band_6m,1895
6609730,6609730.json,5999973,band_6m,1895
6618034,6618034.json,5999973,band_6m,1895
10487945,10487945.json,5999973,band_6m,1895
5217195,5217195.json,5999973,band_6m,1895
8874653,8874653.json,5999973,band_6m,1895
4861372,4861372.json,5999973,band_6m,1895
4861569,4861569.json,5999973,band_6m,1895
11677030,11677030.json,5999973,band_6m,1895
6320149,6320149.json,5999973,band_6m,1895
4043411,4043411.json,5999973,band_6m,1895
8306141,8306141.json,5999973,band_6m,1895
4226019,4226019.json,5999973,band_6m,1895
7819173,7819173.json,5999973,band_6m,1895
6059977,6059977.json,5999973,band_6m,1895
6061501,6061501.json,5999973,band_6m,1895
1756776,1756776.json,5999973,band_6m,1895
9777205,9777205.json,5999973,band_6m,1895
3082857,3082857.json,5999973,band_6m,1895
3548927,3548927.json,5999973,band_6m,1895
8541229,8541229.json,5999973,band_6m,1895
10920211,10920211.json,5999973,band_6m,1895
1560802,1560802.json,5999973,band_6m,1895
9164484,9164484.json,5999973,band_6m,1895
660789,660789.json,5999973,band_6m,1895
9185573,9185573.json,5999973,band_6m,1895
9173691,9173691.json,5999973,band_6m,1895
8308684,8308684.json,5999973,band_6m,1895
7392399,7392399.json,5999973,band_6m,1895
7410725,7410725.json,5999973,band_6m,1895
3866338,3866338.json,5999973,band_6m,1895
3356290,3356290.json,5999973,band_6m,1895
9826699,9826699.json,5999973,band_6m,1895
7966143,7966143.json,5999973,band_6m,1895
3557623,3557623.json,5999973,band_6m,1895
7186819,7186819.json,5999973,band_6m,1895
3544217,3544217.json,5999973,band_6m,1895
6606038,6606038.json,5999973,band_6m,1895
334325,334325.json,5999973,band_6m,1895
1948815,1948815.json,5999973,band_6m,1895
1562342,1562342.json,5999973,band_6m,1895
8300253,8300253.json,5999973,band_6m,1895
2323115,2323115.json,5999973,band_6m,1895
7432576,7432576.json,5999973,band_6m,1895
8270893,8270893.json,5999973,band_6m,1895
1945349,1945349.json,5999973,band_6m,1895
3343794,3343794.json,5999973,band_6m,1895
6591097,6591097.json,5999973,band_6m,1895
4351854,4351854.json,5999973,band_6m,1895
4353828,4353828.json,5999973,band_6m,1895
5888175,5888175.json,5999973,band_6m,1895
4622283,4622283.json,5999973,band_6m,1895
11339200,11339200.json,5999973,band_6m,1895
9235068,9235068.json,5999973,band_6m,1895
3332715,3332715.json,5999973,band_6m,1895
7943802,7943802.json,5999973,band_6m,1895
3324624,3324624.json,5999973,band_6m,1895
923875,923875.json,5999973,band_6m,1895
3040401,3040401.json,5999973,band_6m,1895
4371230,4371230.json,5999973,band_6m,1895
1253003,1253003.json,5999973,band_6m,1895
180153,180153.json,5999973,band_6m,1895
6329695,6329695.json,5999973,band_6m,1895
6560491,6560491.json,5999973,band_6m,1895
8251198,8251198.json,5999973,band_6m,1895
2671533,2671533.json,5999973,band_6m,1895
4595534,4595534.json,5999973,band_6m,1895
11965938,11965938.json,5999973,band_6m,1895
9831040,9831040.json,5999973,band_6m,1895
3125713,3125713.json,5999973,band_6m,1895
5180293,5180293.json,5999973,band_6m,1895
4888241,4888241.json,5999973,band_6m,1895
8229611,8229611.json,5999973,band_6m,1895
10360185,10360185.json,5999973,band_6m,1895
3902318,3902318.json,5999973,band_6m,1895
2669692,2669692.json,5999973,band_6m,1895
4592435,4592435.json,5999973,band_6m,1895
8225928,8225928.json,5999973,band_6m,1895
11346629,11346629.json,5999973,band_6m,1895
3904174,3904174.json,5999973,band_6m,1895
6537748,6537748.json,5999973,band_6m,1895
7151768,7151768.json,5999973,band_6m,1895
2209109,2209109.json,5999973,band_6m,1895
489481,489481.json,5999973,band_6m,1895
8566479,8566479.json,5999973,band_6m,1895
8570121,8570121.json,5999973,band_6m,1895
6942290,6942290.json,5999973,band_6m,1895
3563147,3563147.json,5999973,band_6m,1895
622397,622397.json,5999973,band_6m,1895
5621214,5621214.json,5999973,band_6m,1895
9276971,9276971.json,5999973,band_6m,1895
5653803,5653803.json,5999973,band_6m,1895
5880813,5880813.json,5999973,band_6m,1895
2603784,2603784.json,5999973,band_6m,1895
4198229,4198229.json,5999973,band_6m,1895
6214195,6214195.json,5999973,band_6m,1895
8595028,8595028.json,5999973,band_6m,1895
4917904,4917904.json,5999973,band_6m,1895
369740,369740.json,5999973,band_6m,1895
11659444,11659444.json,5999973,band_6m,1895
11637544,11637544.json,5999973,band_6m,1895
3035903,3035903.json,5999973,band_6m,1895
3036194,3036194.json,5999973,band_6m,1895
7671687,7671687.json,5999973,band_6m,1895
7678630,7678630.json,5999973,band_6m,1895
6519713,6519713.json,5999973,band_6m,1895
5650281,5650281.json,5999973,band_6m,1895
6979030,6979030.json,5999973,band_6m,1895
3573353,3573353.json,5999973,band_6m,1895
694737,694737.json,5999973,band_6m,1895
6948869,6948869.json,5999973,band_6m,1895
282900,282900.json,5999973,band_6m,1895
8605229,8605229.json,5999973,band_6m,1895
4135415,4135415.json,5999973,band_6m,1895
251926,251926.json,5999973,band_6m,1895
1581380,1581380.json,5999973,band_6m,1895
6539173,6539173.json,5999973,band_6m,1895
2662122,2662122.json,5999973,band_6m,1895
11369793,11369793.json,5999973,band_6m,1895
4565684,4565684.json,5999973,band_6m,1895
4557688,4557688.json,5999973,band_6m,1895
5648003,5648003.json,5999973,band_6m,1895
10212457,10212457.json,5999973,band_6m,1895
9454674,9454674.json,5999973,band_6m,1895
9456639,9456639.json,5999973,band_6m,1895
9464587,9464587.json,5999973,band_6m,1895
11409363,11409363.json,5999973,band_6m,1895
9317939,9317939.json,5999973,band_6m,1895
9305124,9305124.json,5999973,band_6m,1895
7125499,7125499.json,5999973,band_6m,1895
5152118,5152118.json,5999973,band_6m,1895
5155858,5155858.json,5999973,band_6m,1895
5682478,5682478.json,5999973,band_6m,1895
9309324,9309324.json,5999973,band_6m,1895
3292585,3292585.json,5999973,band_6m,1895
5676148,5676148.json,5999973,band_6m,1895
568045,568045.json,5999973,band_6m,1895
6501520,6501520.json,5999973,band_6m,1895
3279906,3279906.json,5999973,band_6m,1895
11399789,11399789.json,5999973,band_6m,1895
5859466,5859466.json,5999973,band_6m,1895
4022395,4022395.json,5999973,band_6m,1895
7934279,7934279.json,5999973,band_6m,1895
4150140,4150140.json,5999973,band_6m,1895
414673,414673.json,5999973,band_6m,1895
4133767,4133767.json,5999973,band_6m,1895
2190789,2190789.json,5999973,band_6m,1895
2191853,2191853.json,5999973,band_6m,1895
2195413,2195413.json,5999973,band_6m,1895
5844995,5844995.json,5999973,band_6m,1895
1826019,1826019.json,5999973,band_6m,1895
5688674,5688674.json,5999973,band_6m,1895
11434643,11434643.json,5999973,band_6m,1895
8194195,8194195.json,5999973,band_6m,1895
3274641,3274641.json,5999973,band_6m,1895
10313764,10313764.json,5999973,band_6m,1895
7655455,7655455.json,5999973,band_6m,1895
5833228,5833228.json,5999973,band_6m,1895
9344681,9344681.json,5999973,band_6m,1895
9349618,9349618.json,5999973,band_6m,1895
934312,934312.json,5999973,band_6m,1895
2133100,2133100.json,5999973,band_6m,1895
10847531,10847531.json,5999973,band_6m,1895
2181083,2181083.json,5999973,band_6m,1895
2183032,2183032.json,5999973,band_6m,1895
10744652,10744652.json,5999973,band_6m,1895
5709739,5709739.json,5999973,band_6m,1895
7542402,7542402.json,5999973,band_6m,1895
4007107,4007107.json,5999973,band_6m,1895
4428404,4428404.json,5999973,band_6m,1895
302615,302615.json,5999973,band_6m,1895
8142291,8142291.json,5999973,band_6m,1895
11578589,11578589.json,5999973,band_6m,1895
11586822,11586822.json,5999973,band_6m,1895
7871536,7871536.json,5999973,band_6m,1895
9896145,9896145.json,5999973,band_6m,1895
9906409,9906409.json,5999973,band_6m,1895
7005068,7005068.json,5999973,band_6m,1895
8752346,8752346.json,5999973,band_6m,1895
2416550,2416550.json,5999973,band_6m,1895
8091111,8091111.json,5999973,band_6m,1895
5836675,5836675.json,5999973,band_6m,1895
6459056,6459056.json,5999973,band_6m,1895
8147382,8147382.json,5999973,band_6m,1895
4488832,4488832.json,5999973,band_6m,1895
3257929,3257929.json,5999973,band_6m,1895
2390310,2390310.json,5999973,band_6m,1895
6443981,6443981.json,5999973,band_6m,1895
1622524,1622524.json,5999973,band_6m,1895
941341,941341.json,5999973,band_6m,1895
10244144,10244144.json,5999973,band_6m,1895
7620601,7620601.json,5999973,band_6m,1895
942555,942555.json,5999973,band_6m,1895
7013262,7013262.json,5999973,band_6m,1895
1085706,1085706.json,5999973,band_6m,1895
2149571,2149571.json,5999973,band_6m,1895
7930986,7930986.json,5999973,band_6m,1895
7871032,7871032.json,5999973,band_6m,1895
9425867,9425867.json,5999973,band_6m,1895
6414223,6414223.json,5999973,band_6m,1895
5773501,5773501.json,5999973,band_6m,1895
2634929,2634929.json,5999973,band_6m,1895
2628574,2628574.json,5999973,band_6m,1895
2631136,2631136.json,5999973,band_6m,1895
9384459,9384459.json,5999973,band_6m,1895
9385114,9385114.json,5999973,band_6m,1895
3986899,3986899.json,5999973,band_6m,1895
2165178,2165178.json,5999973,band_6m,1895
8733930,8733930.json,5999973,band_6m,1895
6170574,6170574.json,5999973,band_6m,1895
8688487,8688487.json,5999973,band_6m,1895
10786838,10786838.json,5999973,band_6m,1895
1849765,1849765.json,5999973,band_6m,1895
397995,397995.json,5999973,band_6m,1895
4461391,4461391.json,5999973,band_6m,1895
4455687,4455687.json,5999973,band_6m,1895
9400398,9400398.json,5999973,band_6m,1895
3012420,3012420.json,5999973,band_6m,1895
5025372,5025372.json,5999973,band_6m,1895
3625589,3625589.json,5999973,band_6m,1895
6119643,6119643.json,5999973,band_6m,1895
990093,990093.json,5999973,band_6m,1895
3628478,3628478.json,5999973,band_6m,1895
7564677,7564677.json,6000346,band_6m,1895
4856406,4856406.json,6000346,band_6m,1895
2226938,2226938.json,6000346,band_6m,1895
10923156,10923156.json,6000346,band_6m,1895
6864643,6864643.json,6000346,band_6m,1895
1485323,1485323.json,6000346,band_6m,1895
2860201,2860201.json,6000346,band_6m,1895
5205029,5205029.json,6000346,band_6m,1895
2078476,2078476.json,6000346,band_6m,1895
2076559,2076559.json,6000346,band_6m,1895
5217244,5217244.json,6000346,band_6m,1895
2230236,2230236.json,6000346,band_6m,1895
4850393,4850393.json,6000346,band_6m,1895
793875,793875.json,6000346,band_6m,1895
1197248,1197248.json,6000346,band_6m,1895
11971577,11971577.json,6000346,band_6m,1895
6609119,6609119.json,6000346,band_6m,1895
8304887,8304887.json,6000346,band_6m,1895
4678147,4678147.json,6000346,band_6m,1895
9980213,9980213.json,6000346,band_6m,1895
4670307,4670307.json,6000346,band_6m,1895
4673713,4673713.json,6000346,band_6m,1895
9675636,9675636.json,6000346,band_6m,1895
5993511,5993511.json,6000346,band_6m,1895
1778204,1778204.json,6000346,band_6m,1895
8703085,8703085.json,6000346,band_6m,1895
7044947,7044947.json,6000346,band_6m,1895
5019539,5019539.json,6000346,band_6m,1895
7070558,7070558.json,6000346,band_6m,1895
5929986,5929986.json,6000346,band_6m,1895
3199933,3199933.json,6000346,band_6m,1895
2393919,2393919.json,6000346,band_6m,1895
3877012,3877012.json,6000346,band_6m,1895
11303110,11303110.json,6000346,band_6m,1895
7428285,7428285.json,6000346,band_6m,1895
9213580,9213580.json,6000346,band_6m,1895
5524292,5524292.json,6000346,band_6m,1895
5520541,5520541.json,6000346,band_6m,1895
3855901,3855901.json,6000346,band_6m,1895
1653914,1653914.json,6000346,band_6m,1895
6292102,6292102.json,6000346,band_6m,1895
5939857,5939857.json,6000346,band_6m,1895
5049523,5049523.json,6000346,band_6m,1895
7906894,7906894.json,6000346,band_6m,1895
4171603,4171603.json,6000346,band_6m,1895
416823,416823.json,6000346,band_6m,1895
2531466,2531466.json,6000346,band_6m,1895
6615380,6615380.json,6000346,band_6m,1895
3338502,3338502.json,6000346,band_6m,1895
7357728,7357728.json,6000346,band_6m,1895
11216280,11216280.json,6000346,band_6m,1895
1181578,1181578.json,6000346,band_6m,1895
4248205,4248205.json,6000346,band_6m,1895
1179902,1179902.json,6000346,band_6m,1895
4097492,4097492.json,6000346,band_6m,1895
7021261,7021261.json,6000346,band_6m,1895
4050756,4050756.json,6000346,band_6m,1895
8045628,8045628.json,6000346,band_6m,1895
4371327,4371327.json,6000346,band_6m,1895
7692558,7692558.json,6000346,band_6m,1895
11647420,11647420.json,6000346,band_6m,1895
10461570,10461570.json,6000346,band_6m,1895
2939259,2939259.json,6000346,band_6m,1895
4698347,4698347.json,6000346,band_6m,1895
6647289,6647289.json,6000346,band_6m,1895
7782200,7782200.json,6000346,band_6m,1895
7792824,7792824.json,6000346,band_6m,1895
4090221,4090221.json,6000346,band_6m,1895
701485,701485.json,6000346,band_6m,1895
3607669,3607669.json,6000346,band_6m,1895
3606632,3606632.json,6000346,band_6m,1895
5077241,5077241.json,6000346,band_6m,1895
5082366,5082366.json,6000346,band_6m,1895
3616136,3616136.json,6000346,band_6m,1895
3613446,3613446.json,6000346,band_6m,1895
8672530,8672530.json,6000346,band_6m,1895
867078,867078.json,6000346,band_6m,1895
11302984,11302984.json,6000346,band_6m,1895
8265538,8265538.json,6000346,band_6m,1895
8257402,8257402.json,6000346,band_6m,1895
2704054,2704054.json,6000346,band_6m,1895
7460623,7460623.json,6000346,band_6m,1895
4612124,4612124.json,6000346,band_6m,1895
3890137,3890137.json,6000346,band_6m,1895
3207440,3207440.json,6000346,band_6m,1895
9474531,9474531.json,6000346,band_6m,1895
1416998,1416998.json,6000346,band_6m,1895
8665103,8665103.json,6000346,band_6m,1895
6192652,6192652.json,6000346,band_6m,1895
10034105,10034105.json,6000346,band_6m,1895
1740121,1740121.json,6000346,band_6m,1895
6102580,6102580.json,6000346,band_6m,1895
3117853,3117853.json,6000346,band_6m,1895
3342085,3342085.json,6000346,band_6m,1895
7354076,7354076.json,6000346,band_6m,1895
8361256,8361256.json,6000346,band_6m,1895
2707570,2707570.json,6000346,band_6m,1895
11135907,11135907.json,6000346,band_6m,1895
6551356,6551356.json,6000346,band_6m,1895
3327010,3327010.json,6000346,band_6m,1895
3324003,3324003.json,6000346,band_6m,1895
296363,296363.json,6000346,band_6m,1895
5469849,5469849.json,6000346,band_6m,1895
11836899,11836899.json,6000346,band_6m,1895
9716339,9716339.json,6000346,band_6m,1895
1440948,1440948.json,6000346,band_6m,1895
3602822,3602822.json,6000346,band_6m,1895
2178424,2178424.json,6000346,band_6m,1895
2178285,2178285.json,6000346,band_6m,1895
3204787,3204787.json,6000346,band_6m,1895
6328886,6328886.json,6000346,band_6m,1895
1979158,1979158.json,6000346,band_6m,1895
3422468,3422468.json,6000346,band_6m,1895
6692409,6692409.json,6000346,band_6m,1895
10380467,10380467.json,6000346,band_6m,1895
10379035,10379035.json,6000346,band_6m,1895
6561790,6561790.json,6000346,band_6m,1895
5458098,5458098.json,6000346,band_6m,1895
6680883,6680883.json,6000346,band_6m,1895
9076998,9076998.json,6000346,band_6m,1895
9081396,9081396.json,6000346,band_6m,1895
5879056,5879056.json,6000346,band_6m,1895
5865903,5865903.json,6000346,band_6m,1895
10757219,10757219.json,6000346,band_6m,1895
8616345,8616345.json,6000346,band_6m,1895
732997,732997.json,6000346,band_6m,1895
7323038,7323038.json,6000346,band_6m,1895
8371460,8371460.json,6000346,band_6m,1895
1303261,1303261.json,6000346,band_6m,1895
2467925,2467925.json,6000346,band_6m,1895
5131820,5131820.json,6000346,band_6m,1895
5140539,5140539.json,6000346,band_6m,1895
2187272,2187272.json,6000346,band_6m,1895
2181451,2181451.json,6000346,band_6m,1895
5114867,5114867.json,6000346,band_6m,1895
5112896,5112896.json,6000346,band_6m,1895
5111902,5111902.json,6000346,band_6m,1895
5108576,5108576.json,6000346,band_6m,1895
11623376,11623376.json,6000346,band_6m,1895
9079166,9079166.json,6000346,band_6m,1895
5445046,5445046.json,6000346,band_6m,1895
11087013,11087013.json,6000346,band_6m,1895
1920286,1920286.json,6000346,band_6m,1895
6543956,6543956.json,6000346,band_6m,1895
9056619,9056619.json,6000346,band_6m,1895
1349305,1349305.json,6000346,band_6m,1895
4776192,4776192.json,6000346,band_6m,1895
4774517,4774517.json,6000346,band_6m,1895
3424822,3424822.json,6000346,band_6m,1895
2608214,2608214.json,6000346,band_6m,1895
8077811,8077811.json,6000346,band_6m,1895
8074475,8074475.json,6000346,band_6m,1895
9902841,9902841.json,6000346,band_6m,1895
2197438,2197438.json,6000346,band_6m,1895
3181839,3181839.json,6000346,band_6m,1895
7736988,7736988.json,6000346,band_6m,1895
8396306,8396306.json,6000346,band_6m,1895
9048566,9048566.json,6000346,band_6m,1895
4108352,4108352.json,6000346,band_6m,1895
4579777,4579777.json,6000346,band_6m,1895
8216860,8216860.json,6000346,band_6m,1895
5646094,5646094.json,6000346,band_6m,1895
9725892,9725892.json,6000346,band_6m,1895
3161897,3161897.json,6000346,band_6m,1895
7991207,7991207.json,6000346,band_6m,1895
7869132,7869132.json,6000346,band_6m,1895
7942261,7942261.json,6000346,band_6m,1895
4149139,4149139.json,6000346,band_6m,1895
3098317,3098317.json,6000346,band_6m,1895
7672632,7672632.json,6000346,band_6m,1895
7672014,7672014.json,6000346,band_6m,1895
4409639,4409639.json,6000346,band_6m,1895
2352503,2352503.json,6000346,band_6m,1895
1763833,1763833.json,6000346,band_6m,1895
10531134,10531134.json,6000346,band_6m,1895
10528928,10528928.json,6000346,band_6m,1895
10333882,10333882.json,6000346,band_6m,1895
4257522,4257522.json,6000346,band_6m,1895
11748678,11748678.json,6000346,band_6m,1895
10544603,10544603.json,6000346,band_6m,1895
3429778,3429778.json,6000346,band_6m,1895
9052437,9052437.json,6000346,band_6m,1895
10554013,10554013.json,6000346,band_6m,1895
9751286,9751286.json,6000346,band_6m,1895
6044086,6044086.json,6000346,band_6m,1895
3026176,3026176.json,6000346,band_6m,1895
9432198,9432198.json,6000346,band_6m,1895
5162871,5162871.json,6000346,band_6m,1895
8772644,8772644.json,6000346,band_6m,1895
8399116,8399116.json,6000346,band_6m,1895
8414902,8414902.json,6000346,band_6m,1895
8413846,8413846.json,6000346,band_6m,1895
8202030,8202030.json,6000346,band_6m,1895
8220201,8220201.json,6000346,band_6m,1895
3796006,3796006.json,6000346,band_6m,1895
728197,728197.json,6000346,band_6m,1895
7264872,7264872.json,6000346,band_6m,1895
8432708,8432708.json,6000346,band_6m,1895
3448782,3448782.json,6000346,band_6m,1895
2020417,2020417.json,6000346,band_6m,1895
1834371,1834371.json,6000346,band_6m,1895
4013196,4013196.json,6000346,band_6m,1895
8829318,8829318.json,6000346,band_6m,1895
7140003,7140003.json,6000346,band_6m,1895
4921546,4921546.json,6000346,band_6m,1895
1089035,1089035.json,6000346,band_6m,1895
8409346,8409346.json,6000346,band_6m,1895
8406261,8406261.json,6000346,band_6m,1895
5656786,5656786.json,6000346,band_6m,1895
5674115,5674115.json,6000346,band_6m,1895
6754357,6754357.json,6000346,band_6m,1895
2723463,2723463.json,6000346,band_6m,1895
8441597,8441597.json,6000346,band_6m,1895
3456522,3456522.json,6000346,band_6m,1895
9629293,9629293.json,6000346,band_6m,1895
4893961,4893961.json,6000346,band_6m,1895
2207814,2207814.json,6000346,band_6m,1895
2420949,2420949.json,6000346,band_6m,1895
4430220,4430220.json,6000346,band_6m,1895
344336,344336.json,6000346,band_6m,1895
3440564,3440564.json,6000346,band_6m,1895
3453466,3453466.json,6000346,band_6m,1895
11393447,11393447.json,6000346,band_6m,1895
8210058,8210058.json,6000346,band_6m,1895
5327997,5327997.json,6000346,band_6m,1895
9000559,9000559.json,6000346,band_6m,1895
7246779,7246779.json,6000346,band_6m,1895
5180077,5180077.json,6000346,band_6m,1895
5179969,5179969.json,6000346,band_6m,1895
2840308,2840308.json,6000346,band_6m,1895
1464950,1464950.json,6000346,band_6m,1895
7640158,7640158.json,6000346,band_6m,1895
8106631,8106631.json,6000346,band_6m,1895
5951790,5951790.json,6000346,band_6m,1895
10611971,10611971.json,6000346,band_6m,1895
6763570,6763570.json,6000346,band_6m,1895
10599949,10599949.json,6000346,band_6m,1895
2371587,2371587.json,6000346,band_6m,1895
9288374,9288374.json,6000346,band_6m,1895
9318320,9318320.json,6000346,band_6m,1895
7839492,7839492.json,6000346,band_6m,1895
2570898,2570898.json,6000346,band_6m,1895
7948438,7948438.json,6000346,band_6m,1895
10077123,10077123.json,6000346,band_6m,1895
3466055,3466055.json,6000346,band_6m,1895
2521732,2521732.json,6000346,band_6m,1895
4193468,4193468.json,6000346,band_6m,1895
4138925,4138925.json,6000346,band_6m,1895
3057064,3057064.json,6000346,band_6m,1895
3186889,3186889.json,6000346,band_6m,1895
7633851,7633851.json,6000346,band_6m,1895
7632936,7632936.json,6000346,band_6m,1895
2986472,2986472.json,6000346,band_6m,1895
4811149,4811149.json,6000346,band_6m,1895
844723,844723.json,6000346,band_6m,1895
5331437,5331437.json,6000346,band_6m,1895
6790455,6790455.json,6000346,band_6m,1895
2741973,2741973.json,6000346,band_6m,1895
3774204,3774204.json,6000346,band_6m,1895
10984073,10984073.json,6000346,band_6m,1895
4075048,4075048.json,6000346,band_6m,1895
5963641,5963641.json,6000346,band_6m,1895
6480486,6480486.json,6000346,band_6m,1895
298976,298976.json,6000346,band_6m,1895
3700912,3700912.json,6000346,band_6m,1895
10705709,10705709.json,6000346,band_6m,1895
8556128,8556128.json,6000346,band_6m,1895
8552584,8552584.json,6000346,band_6m,1895
4814034,4814034.json,6000346,band_6m,1895
8456234,8456234.json,6000346,band_6m,1895
10605888,10605888.json,6000346,band_6m,1895
7957387,7957387.json,6000346,band_6m,1895
1142596,1142596.json,6000346,band_6m,1895
11445452,11445452.json,6000346,band_6m,1895
9334211,9334211.json,6000346,band_6m,1895
9326073,9326073.json,6000346,band_6m,1895
8167857,8167857.json,6000346,band_6m,1895
5316144,5316144.json,6000346,band_6m,1895
4828294,4828294.json,6000346,band_6m,1895
7594638,7594638.json,6000346,band_6m,1895
9378798,9378798.json,6000346,band_6m,1895
6909496,6909496.json,6000346,band_6m,1895
5191271,5191271.json,6000346,band_6m,1895
6898894,6898894.json,6000346,band_6m,1895
4874820,4874820.json,6000346,band_6m,1895
578937,578937.json,6000346,band_6m,1895
8191005,8191005.json,6000346,band_6m,1895
4261686,4261686.json,6000346,band_6m,1895
3756255,3756255.json,6000346,band_6m,1895
4280883,4280883.json,6000346,band_6m,1895
4280225,4280225.json,6000346,band_6m,1895
3492827,3492827.json,6000346,band_6m,1895
3491031,3491031.json,6000346,band_6m,1895
10627798,10627798.json,6000346,band_6m,1895
375972,375972.json,6000346,band_6m,1895
8154404,8154404.json,6000346,band_6m,1895
2387854,2387854.json,6000346,band_6m,1895
11682875,11682875.json,6000346,band_6m,1895
8861745,8861745.json,6000346,band_6m,1895
7185287,7185287.json,6000346,band_6m,1895
8128207,8128207.json,6000346,band_6m,1895
5704586,5704586.json,6000346,band_6m,1895
8175504,8175504.json,6000346,band_6m,1895
6228009,6228009.json,6000346,band_6m,1895
573683,573683.json,6000346,band_6m,1895
3261002,3261002.json,6000346,band_6m,1895
3743131,3743131.json,6000346,band_6m,1895
4846355,4846355.json,6000346,band_6m,1895
6847587,6847587.json,6000346,band_6m,1895
10259189,10259189.json,6000346,band_6m,1895
1092043,1092043.json,6000346,band_6m,1895
8856350,8856350.json,6000346,band_6m,1895
6418836,6418836.json,6000346,band_6m,1895
3167785,3167785.json,6000346,band_6m,1895
10141408,10141408.json,6000346,band_6m,1895
3502102,3502102.json,6000346,band_6m,1895
2059828,2059828.json,6000346,band_6m,1895
1489692,1489692.json,6000346,band_6m,1895
3739238,3739238.json,6000346,band_6m,1895
2752525,2752525.json,6000346,band_6m,1895
2512032,2512032.json,6000346,band_6m,1895
812368,812368.json,6000346,band_6m,1895
4492776,4492776.json,6000346,band_6m,1895
4274274,4274274.json,6000346,band_6m,1895
2072431,2072431.json,6000346,band_6m,1895
524081,524081.json,6000346,band_6m,1895
8879829,8879829.json,6000346,band_6m,1895
2857005,2857005.json,6000346,band_6m,1895
3711374,3711374.json,6000346,band_6m,1895
5949130,5949130.json,6000346,band_6m,1895
10246758,10246758.json,6000346,band_6m,1895
8119789,8119789.json,6000346,band_6m,1895
2396876,2396876.json,6000346,band_6m,1895
3008835,3008835.json,6000346,band_6m,1895
576465,576465.json,6000346,band_6m,1895
6461494,6461494.json,6000346,band_6m,1895
9185239,9185239.json,6000346,band_6m,1895
9183638,9183638.json,6000346,band_6m,1895
3860235,3860235.json,6000346,band_6m,1895
2329858,2329858.json,6000346,band_6m,1895
194794,194794.json,6000346,band_6m,1895
5559718,5559718.json,6000346,band_6m,1895
5056884,5056884.json,6000346,band_6m,1895
7029012,7029012.json,6000346,band_6m,1895
3623658,3623658.json,6000346,band_6m,1895
7711670,7711670.json,6000346,band_6m,1895
4349368,4349368.json,6000346,band_6m,1895
4350847,4350847.json,6000346,band_6m,1895
4671102,4671102.json,6000346,band_6m,1895
9203819,9203819.json,6000346,band_6m,1895
3353183,3353183.json,6000346,band_6m,1895
5542535,5542535.json,6000346,band_6m,1895
6141088,6141088.json,6000346,band_6m,1895
6136010,6136010.json,6000346,band_6m,1895
8686719,8686719.json,6000346,band_6m,1895
706750,706750.json,6000346,band_6m,1895
9556890,9556890.json,6000346,band_6m,1895
9967880,9967880.json,6000346,band_6m,1895
8693964,8693964.json,6000346,band_6m,1895
9931541,9931541.json,6000346,band_6m,1895
1731802,1731802.json,6000346,band_6m,1895
9956586,9956586.json,6000346,band_6m,1895
6167523,6167523.json,6000346,band_6m,1895
7907543,7907543.json,6000346,band_6m,1895
4658945,4658945.json,6000710,band_6m,1895
4410851,4410851.json,6000710,band_6m,1895
3026843,3026843.json,6000710,band_6m,1895
3430724,3430724.json,6000710,band_6m,1895
2015661,2015661.json,6000710,band_6m,1895
3359820,3359820.json,6000710,band_6m,1895
3353909,3353909.json,6000710,band_6m,1895
3353985,3353985.json,6000710,band_6m,1895
3046102,3046102.json,6000710,band_6m,1895
6126660,6126660.json,6000710,band_6m,1895
6042507,6042507.json,6000710,band_6m,1895
4481949,4481949.json,6000710,band_6m,1895
1254880,1254880.json,6000710,band_6m,1895
4321042,4321042.json,6000710,band_6m,1895
3369421,3369421.json,6000710,band_6m,1895
5753461,5753461.json,6000710,band_6m,1895
4577575,4577575.json,6000710,band_6m,1895
3708397,3708397.json,6000710,band_6m,1895
2764189,2764189.json,6000710,band_6m,1895
2871933,2871933.json,6000710,band_6m,1895
850393,850393.json,6000710,band_6m,1895
6850961,6850961.json,6000710,band_6m,1895
503112,503112.json,6000710,band_6m,1895
4506380,4506380.json,6000710,band_6m,1895
372194,372194.json,6000710,band_6m,1895
5062081,5062081.json,6000710,band_6m,1895
5066564,5066564.json,6000710,band_6m,1895
870436,870436.json,6000710,band_6m,1895
3858515,3858515.json,6000710,band_6m,1895
4108590,4108590.json,6000710,band_6m,1895
917894,917894.json,6000710,band_6m,1895
3365279,3365279.json,6000710,band_6m,1895
3319586,3319586.json,6000710,band_6m,1895
558793,558793.json,6000710,band_6m,1895
1742938,1742938.json,6000710,band_6m,1895
5850407,5850407.json,6000710,band_6m,1895
4777140,4777140.json,6000710,band_6m,1895
1921858,1921858.json,6000710,band_6m,1895
824206,824206.json,6000710,band_6m,1895
767019,767019.json,6000710,band_6m,1895
607896,607896.json,6000710,band_6m,1895
4507730,4507730.json,6000710,band_6m,1895
3170730,3170730.json,6000710,band_6m,1895
6277838,6277838.json,6000710,band_6m,1895
7206599,7206599.json,6000710,band_6m,1895
3257990,3257990.json,6000710,band_6m,1895
5915928,5915928.json,6000710,band_6m,1895
5742813,5742813.json,6000710,band_6m,1895
3754080,3754080.json,6000710,band_6m,1895
4279213,4279213.json,6000710,band_6m,1895
1079818,1079818.json,6000710,band_6m,1895
2154046,2154046.json,6000710,band_6m,1895
3622074,3622074.json,6000710,band_6m,1895
3332927,3332927.json,6000710,band_6m,1895
5587188,5587188.json,6000710,band_6m,1895
5579177,5579177.json,6000710,band_6m,1895
4279290,4279290.json,6000710,band_6m,1895
2066717,2066717.json,6000710,band_6m,1895
2710413,2710413.json,6000710,band_6m,1895
4968655,4968655.json,6000710,band_6m,1895
6635814,6635814.json,6000710,band_6m,1895
6623986,6623986.json,6000710,band_6m,1895
6619667,6619667.json,6000710,band_6m,1895
3502065,3502065.json,6000710,band_6m,1895
6401882,6401882.json,6000710,band_6m,1895
947680,947680.json,6000710,band_6m,1895
1980449,1980449.json,6000710,band_6m,1895
6660370,6660370.json,6000710,band_6m,1895
6627044,6627044.json,6000710,band_6m,1895
6897279,6897279.json,6000710,band_6m,1895
4865386,4865386.json,6000710,band_6m,1895
2771924,2771924.json,6000710,band_6m,1895
7224843,7224843.json,6000710,band_6m,1895
6472268,6472268.json,6000710,band_6m,1895
3966126,3966126.json,6000710,band_6m,1895
4500,4500.json,6000710,band_6m,1895
3332622,3332622.json,6000710,band_6m,1895
3402744,3402744.json,6000710,band_6m,1895
5701231,5701231.json,6000710,band_6m,1895
6067191,6067191.json,6000710,band_6m,1895
5907458,5907458.json,6000710,band_6m,1895
6070289,6070289.json,6000710,band_6m,1895
6235006,6235006.json,6000710,band_6m,1895
6228179,6228179.json,6000710,band_6m,1895
6825800,6825800.json,6000710,band_6m,1895
6826387,6826387.json,6000710,band_6m,1895
240694,240694.json,6000710,band_6m,1895
3014719,3014719.json,6000710,band_6m,1895
3225566,3225566.json,6000710,band_6m,1895
5902174,5902174.json,6000710,band_6m,1895
5193671,5193671.json,6000710,band_6m,1895
3600202,3600202.json,6000710,band_6m,1895
7316600,7316600.json,6000710,band_6m,1895
4757528,4757528.json,6000710,band_6m,1895
2921800,2921800.json,6000710,band_6m,1895
7089080,7089080.json,6000710,band_6m,1895
4077080,4077080.json,6000710,band_6m,1895
3647443,3647443.json,6000710,band_6m,1895
216849,216849.json,6000710,band_6m,1895
4985758,4985758.json,6000710,band_6m,1895
2847489,2847489.json,6000710,band_6m,1895
1863729,1863729.json,6000710,band_6m,1895
3487942,3487942.json,6000710,band_6m,1895
3478421,3478421.json,6000710,band_6m,1895
2049879,2049879.json,6000710,band_6m,1895
6922562,6922562.json,6000710,band_6m,1895
4882348,4882348.json,6000710,band_6m,1895
6384597,6384597.json,6000710,band_6m,1895
3881561,3881561.json,6000710,band_6m,1895
3342549,3342549.json,6000710,band_6m,1895
6267462,6267462.json,6000710,band_6m,1895
6004530,6004530.json,6000710,band_6m,1895
3934616,3934616.json,6000710,band_6m,1895
3286594,3286594.json,6000710,band_6m,1895
5692766,5692766.json,6000710,band_6m,1895
1504198,1504198.json,6000710,band_6m,1895
4926467,4926467.json,6000710,band_6m,1895
1263955,1263955.json,6000710,band_6m,1895
4083354,4083354.json,6000710,band_6m,1895
6653175,6653175.json,6000710,band_6m,1895
5322235,5322235.json,6000710,band_6m,1895
6269190,6269190.json,6000710,band_6m,1895
4723343,4723343.json,6000710,band_6m,1895
228608,228608.json,6000710,band_6m,1895
3831170,3831170.json,6000710,band_6m,1895
3830342,3830342.json,6000710,band_6m,1895
7178351,7178351.json,6000710,band_6m,1895
3017325,3017325.json,6000710,band_6m,1895
630325,630325.json,6000710,band_6m,1895
2207923,2207923.json,6000710,band_6m,1895
3793268,3793268.json,6000710,band_6m,1895
6745089,6745089.json,6000710,band_6m,1895
1909770,1909770.json,6000710,band_6m,1895
2984926,2984926.json,6000710,band_6m,1895
4110126,4110126.json,6000710,band_6m,1895
1780882,1780882.json,6000710,band_6m,1895
5454042,5454042.json,6000710,band_6m,1895
2343256,2343256.json,6000710,band_6m,1895
5601648,5601648.json,6000710,band_6m,1895
1965698,1965698.json,6000710,band_6m,1895
4363616,4363616.json,6000710,band_6m,1895
6076731,6076731.json,6000710,band_6m,1895
422390,422390.json,6000710,band_6m,1895
1216831,1216831.json,6000710,band_6m,1895
3477926,3477926.json,6000710,band_6m,1895
7240783,7240783.json,6000710,band_6m,1895
4889790,4889790.json,6000710,band_6m,1895
4891175,4891175.json,6000710,band_6m,1895
6591044,6591044.json,6000710,band_6m,1895
1042851,1042851.json,6000710,band_6m,1895
469500,469500.json,6000710,band_6m,1895
6629327,6629327.json,6000710,band_6m,1895
4763118,4763118.json,6000710,band_6m,1895
1576867,1576867.json,6000710,band_6m,1895
1929048,1929048.json,6000710,band_6m,1895
5879456,5879456.json,6000710,band_6m,1895
4368759,4368759.json,6000710,band_6m,1895
1409437,1409437.json,6000710,band_6m,1895
4546146,4546146.json,6000710,band_6m,1895
4548477,4548477.json,6000710,band_6m,1895
3295698,3295698.json,6000710,band_6m,1895
2373189,2373189.json,6000710,band_6m,1895
2249621,2249621.json,6000710,band_6m,1895
534976,534976.json,6000710,band_6m,1895
7271576,7271576.json,6000710,band_6m,1895
5393772,5393772.json,6000710,band_6m,1895
2254501,2254501.json,6000710,band_6m,1895
4787468,4787468.json,6000710,band_6m,1895
3684185,3684185.json,6000710,band_6m,1895
4788701,4788701.json,6000710,band_6m,1895
3083406,3083406.json,6000710,band_6m,1895
3582082,3582082.json,6000710,band_6m,1895
1827981,1827981.json,6000710,band_6m,1895
4906494,4906494.json,6000710,band_6m,1895
3310143,3310143.json,6000710,band_6m,1895
2663795,2663795.json,6000710,band_6m,1895
1274534,1274534.json,6000710,band_6m,1895
6724980,6724980.json,6000710,band_6m,1895
2261683,2261683.json,6000710,band_6m,1895
2827641,2827641.json,6000710,band_6m,1895
5823890,5823890.json,6000710,band_6m,1895
3243009,3243009.json,6000710,band_6m,1895
693266,693266.json,6000710,band_6m,1895
5177298,5177298.json,6000710,band_6m,1895
694272,694272.json,6000710,band_6m,1895
5330624,5330624.json,6000710,band_6m,1895
6792007,6792007.json,6000710,band_6m,1895
544591,544591.json,6000710,band_6m,1895
5168557,5168557.json,6000710,band_6m,1895
6943549,6943549.json,6000710,band_6m,1895
3697120,3697120.json,6000710,band_6m,1895
1391481,1391481.json,6000710,band_6m,1895
2226549,2226549.json,6000710,band_6m,1895
3603252,3603252.json,6000710,band_6m,1895
6013183,6013183.json,6000710,band_6m,1895
6885138,6885138.json,6000710,band_6m,1895
4666548,4666548.json,6000710,band_6m,1895
5023003,5023003.json,6000710,band_6m,1895
1077556,1077556.json,6000710,band_6m,1895
2009648,2009648.json,6000710,band_6m,1895
4295313,4295313.json,6000710,band_6m,1895
2440482,2440482.json,6000710,band_6m,1895
6980955,6980955.json,6000710,band_6m,1895
7008374,7008374.json,6000710,band_6m,1895
7013410,7013410.json,6000710,band_6m,1895
2584396,2584396.json,6000710,band_6m,1895
2584722,2584722.json,6000710,band_6m,1895
4702996,4702996.json,6000710,band_6m,1895
6582432,6582432.json,6000710,band_6m,1895
4570681,4570681.json,6000710,band_6m,1895
2022847,2022847.json,6000710,band_6m,1895
2907055,2907055.json,6000710,band_6m,1895
5837712,5837712.json,6000710,band_6m,1895
4013593,4013593.json,6000710,band_6m,1895
2020450,2020450.json,6000710,band_6m,1895
6752992,6752992.json,6000710,band_6m,1895
7267743,7267743.json,6000710,band_6m,1895
822124,822124.json,6000710,band_6m,1895
6294219,6294219.json,6000710,band_6m,1895
1667123,1667123.json,6000710,band_6m,1895
7049668,7049668.json,6000710,band_6m,1895
3637064,3637064.json,6000710,band_6m,1895
5890579,5890579.json,6000710,band_6m,1895
5881924,5881924.json,6000710,band_6m,1895
1321677,1321677.json,6000710,band_6m,1895
4847848,4847848.json,6000710,band_6m,1895
2953904,2953904.json,6000710,band_6m,1895
983668,983668.json,6000710,band_6m,1895
3524473,3524473.json,6000710,band_6m,1895
5037562,5037562.json,6000710,band_6m,1895
1734124,1734124.json,6000710,band_6m,1895
5089964,5089964.json,6000710,band_6m,1895
865923,865923.json,6000710,band_6m,1895
6243903,6243903.json,6000710,band_6m,1895
1686798,1686798.json,6000710,band_6m,1895
3145107,3145107.json,6000710,band_6m,1895
6079929,6079929.json,6000710,band_6m,1895
991702,991702.json,6000710,band_6m,1895
7055363,7055363.json,6000710,band_6m,1895
4660034,4660034.json,6000710,band_6m,1895
5899793,5899793.json,6000710,band_6m,1895
280619,280619.json,6008718,baseline,1894
9873814,9873814.json,6010107,baseline,1894
5969522,5969522.json,6013669,baseline,1894
4871471,4871471.json,6019435,baseline,1894
1859887,1859887.json,6023207,baseline,1894
10492618,10492618.json,6027216,baseline,1893
761977,761977.json,6039893,baseline,1893
1198059,1198059.json,6042914,baseline,1893
10107652,10107652.json,6047531,baseline,1892
10924149,10924149.json,6047531,baseline,1892
5440562,5440562.json,6050782,baseline,1892
2684132,2684132.json,6055704,baseline,1892
2347982,2347982.json,6058313,baseline,1892
6661749,6661749.json,6060867,baseline,1892
6751159,6751159.json,6061786,baseline,1891
8816044,8816044.json,6064356,baseline,1891
5318842,5318842.json,6067736,baseline,1891
325198,325198.json,6069300,baseline,1891
9472047,9472047.json,6082068,baseline,1890
7805655,7805655.json,6092423,baseline,1890
3558546,3558546.json,6102585,baseline,1889
4853036,4853036.json,6106521,baseline,1889
7876746,7876746.json,6108085,baseline,1889
6038414,6038414.json,6108463,baseline,1889
6282412,6282412.json,6113364,baseline,1889
914795,914795.json,6113789,baseline,1889
2910831,2910831.json,6114364,baseline,1889
1194199,1194199.json,6116076,baseline,1889
4042787,4042787.json,6122271,baseline,1888
7175396,7175396.json,6128011,baseline,1888
3909070,3909070.json,6128329,baseline,1888
6463220,6463220.json,6132736,baseline,1888
3546990,3546990.json,6134020,baseline,1888
1813597,1813597.json,6142292,baseline,1887
8603634,8603634.json,6147822,baseline,1887
6328535,6328535.json,6152404,baseline,1886
1724774,1724774.json,6159655,baseline,1886
9241546,9241546.json,6160861,baseline,1886
4012582,4012582.json,6164262,baseline,1886
5944127,5944127.json,6174016,baseline,1885
3725180,3725180.json,6176947,baseline,1885
3342307,3342307.json,6181880,baseline,1885
3928579,3928579.json,6186991,baseline,1885
5029652,5029652.json,6188152,baseline,1885
7095703,7095703.json,6195017,baseline,1884
652869,652869.json,6198160,baseline,1884
1694523,1694523.json,6203807,baseline,1884
9961047,9961047.json,6206495,baseline,1883
9631800,9631800.json,6227773,baseline,1882
4545224,4545224.json,6229021,baseline,1882
2728883,2728883.json,6239230,baseline,1882
10378653,10378653.json,6240668,baseline,1882
9332587,9332587.json,6242618,baseline,1881
10903252,10903252.json,6247478,baseline,1881
9272792,9272792.json,6247916,baseline,1881
10178071,10178071.json,6248749,baseline,1881
4604525,4604525.json,6251838,baseline,1881
10784321,10784321.json,6252917,baseline,1881
3185958,3185958.json,6256960,baseline,1881
4070039,4070039.json,6258850,baseline,1881
8036450,8036450.json,6263996,baseline,1880
4034454,4034454.json,6267798,baseline,1880
8935250,8935250.json,6268179,baseline,1880
5217345,5217345.json,6273865,baseline,1880
8037617,8037617.json,6278282,baseline,1879
9702454,9702454.json,6280397,baseline,1879
3971794,3971794.json,6282864,baseline,1879
5431984,5431984.json,6284164,baseline,1879
8342929,8342929.json,6292138,baseline,1879
1157950,1157950.json,6305032,baseline,1878
1732968,1732968.json,6306561,baseline,1878
10343162,10343162.json,6306937,baseline,1878
538553,538553.json,6309550,baseline,1878
8799031,8799031.json,6319402,baseline,1877
6217148,6217148.json,6320235,baseline,1877
7389841,7389841.json,6322223,baseline,1877
7542970,7542970.json,6322993,baseline,1877
8882863,8882863.json,6328060,baseline,1877
3841006,3841006.json,6328356,baseline,1877
4692935,4692935.json,6335045,baseline,1876
6638610,6638610.json,6336741,baseline,1876
10914229,10914229.json,6341123,baseline,1876
2726202,2726202.json,6344677,baseline,1876
6273234,6273234.json,6348965,baseline,1876
3609331,3609331.json,6354784,baseline,1875
2564730,2564730.json,6358428,baseline,1875
10343479,10343479.json,6358855,baseline,1875
10987767,10987767.json,6364267,baseline,1875
10170497,10170497.json,6366071,baseline,1875
6801763,6801763.json,6370925,baseline,1874
10265596,10265596.json,6373056,baseline,1874
4180854,4180854.json,6379206,baseline,1874
9153487,9153487.json,6381105,baseline,1874
7722607,7722607.json,6387518,baseline,1873
3705236,3705236.json,6395990,baseline,1873
3352089,3352089.json,6400516,baseline,1873
2564218,2564218.json,6400726,baseline,1873
9528819,9528819.json,6403395,baseline,1872
6014017,6014017.json,6407251,baseline,1872
5398529,5398529.json,6408629,baseline,1872
2790238,2790238.json,6409459,baseline,1872
9375062,9375062.json,6409904,baseline,1872
8284510,8284510.json,6413423,baseline,1872
1599907,1599907.json,6422874,baseline,1871
3918528,3918528.json,6428116,baseline,1871
8286476,8286476.json,6433858,baseline,1871
4118726,4118726.json,6434452,baseline,1871
6110623,6110623.json,6434750,baseline,1871
10255476,10255476.json,6436231,baseline,1871
9297128,9297128.json,6444615,baseline,1870
3486103,3486103.json,6447463,baseline,1870
4765540,4765540.json,6453404,baseline,1870
128968,128968.json,6459158,baseline,1869
1315799,1315799.json,6463942,baseline,1869
1355440,1355440.json,6465121,baseline,1869
2044277,2044277.json,6467354,baseline,1869
8030668,8030668.json,6468046,baseline,1869
7292658,7292658.json,6470429,baseline,1869
7372275,7372275.json,6471800,baseline,1869
8906225,8906225.json,6473803,baseline,1869
7630044,7630044.json,6478675,baseline,1868
10107490,10107490.json,6481976,baseline,1868
8655524,8655524.json,6482764,baseline,1868
8511334,8511334.json,6491588,baseline,1868
9872387,9872387.json,6491861,baseline,1867
2670897,2670897.json,6491861,baseline,1867
983739,983739.json,6502679,baseline,1867
6689355,6689355.json,6504622,baseline,1867
5276178,5276178.json,6507127,baseline,1867
10172323,10172323.json,6509606,baseline,1866
7868777,7868777.json,6509606,baseline,1866
5120254,5120254.json,6520475,baseline,1866
8580256,8580256.json,6530385,baseline,1865
10323831,10323831.json,6531307,baseline,1865
7103581,7103581.json,6532732,baseline,1865
6988387,6988387.json,6534000,baseline,1865
2316640,2316640.json,6536008,baseline,1865
7796515,7796515.json,6539819,baseline,1865
10230838,10230838.json,6545078,baseline,1864
8910818,8910818.json,6554864,baseline,1864
4521645,4521645.json,6559234,baseline,1864
8143904,8143904.json,6559481,baseline,1864
3652415,3652415.json,6561127,baseline,1864
10765847,10765847.json,6564907,baseline,1863
6390516,6390516.json,6565777,baseline,1863
6064833,6064833.json,6567109,baseline,1863
6362995,6362995.json,6574450,baseline,1863
8230961,8230961.json,6575886,baseline,1863
10365605,10365605.json,6584205,baseline,1862
6051546,6051546.json,6586428,baseline,1862
7536478,7536478.json,6587651,baseline,1862
7700705,7700705.json,6596892,baseline,1862
9260894,9260894.json,6610035,baseline,1861
763627,763627.json,6614830,baseline,1861
7210625,7210625.json,6623359,baseline,1860
691126,691126.json,6626024,baseline,1860
1221855,1221855.json,6628027,baseline,1860
2678639,2678639.json,6630316,baseline,1860
8635650,8635650.json,6635419,baseline,1859
4634663,4634663.json,6644367,baseline,1859
1058652,1058652.json,6644677,baseline,1859
540517,540517.json,6650364,baseline,1859
8626109,8626109.json,6653316,baseline,1858
447066,447066.json,6658460,baseline,1858
5701312,5701312.json,6664032,baseline,1858
3143913,3143913.json,6666097,baseline,1858
2307964,2307964.json,6667457,baseline,1858
8608155,8608155.json,6670486,baseline,1857
2760476,2760476.json,6672899,baseline,1857
5307806,5307806.json,6677715,baseline,1857
3415141,3415141.json,6678390,baseline,1857
10140176,10140176.json,6685124,baseline,1856
4748946,4748946.json,6688069,baseline,1856
6490792,6490792.json,6688981,baseline,1856
4813614,4813614.json,6695932,baseline,1856
6219397,6219397.json,6698409,baseline,1856
10477737,10477737.json,6712616,baseline,1855
1925627,1925627.json,6716835,baseline,1855
5805304,5805304.json,6718441,baseline,1855
6815077,6815077.json,6719683,baseline,1855
5890477,5890477.json,6719770,baseline,1855
10073236,10073236.json,6720283,baseline,1854
9113686,9113686.json,6727284,baseline,1854
1326582,1326582.json,6740247,baseline,1853
7922534,7922534.json,6749463,baseline,1853
674976,674976.json,6749760,baseline,1853
8214802,8214802.json,6753082,baseline,1853
4454862,4454862.json,6759968,baseline,1852
5262633,5262633.json,6771744,baseline,1852
10526798,10526798.json,6775878,baseline,1851
3769852,3769852.json,6776857,baseline,1851
2649812,2649812.json,6777779,baseline,1851
9418195,9418195.json,6779123,baseline,1851
10602445,10602445.json,6779983,baseline,1851
8511701,8511701.json,6780381,baseline,1851
6049928,6049928.json,6783004,baseline,1851
9128181,9128181.json,6783325,baseline,1851
547606,547606.json,6785924,baseline,1851
5902402,5902402.json,6786860,baseline,1851
4794063,4794063.json,6793245,baseline,1850
9047958,9047958.json,6794176,baseline,1850
5344048,5344048.json,6794677,baseline,1850
93027,93027.json,6800707,baseline,1850
9269833,9269833.json,6806391,baseline,1850
7333125,7333125.json,6808607,baseline,1849
5647120,5647120.json,6813353,baseline,1849
6813103,6813103.json,6813353,baseline,1849
3087810,3087810.json,6820378,baseline,1849
6435506,6435506.json,6821495,baseline,1849
135862,135862.json,6824362,baseline,1848
9933754,9933754.json,6826652,baseline,1848
4194358,4194358.json,6851596,baseline,1847
9154138,9154138.json,6853010,baseline,1847
10314794,10314794.json,6866121,baseline,1846
3478617,3478617.json,6871588,baseline,1846
7132770,7132770.json,6880623,baseline,1845
10311704,10311704.json,6883331,baseline,1845
5932392,5932392.json,6885183,baseline,1845
2533858,2533858.json,6902774,baseline,1844
9349721,9349721.json,6904820,baseline,1844
2566766,2566766.json,6905639,baseline,1844
3358436,3358436.json,6908195,baseline,1844
9708719,9708719.json,6915269,baseline,1843
7841769,7841769.json,6915796,baseline,1843
1551289,1551289.json,6919600,baseline,1843
2299089,2299089.json,6923699,baseline,1843
2126656,2126656.json,6924185,baseline,1843
5512416,5512416.json,6924185,baseline,1843
1525748,1525748.json,6927710,baseline,1843
2488629,2488629.json,6930962,baseline,1842
4825659,4825659.json,6934814,baseline,1842
6309162,6309162.json,6938346,baseline,1842
4108370,4108370.json,6938696,baseline,1842
8147707,8147707.json,6944278,baseline,1842
3189886,3189886.json,6949698,baseline,1841
7199312,7199312.json,6950174,baseline,1841
6058671,6058671.json,6967259,baseline,1840
10649921,10649921.json,6967259,baseline,1840
7224542,7224542.json,6968187,baseline,1840
10598769,10598769.json,6969901,baseline,1840
3010530,3010530.json,6978423,baseline,1840
9303650,9303650.json,6985429,baseline,1839
10394272,10394272.json,6988328,baseline,1839
5213523,5213523.json,6990067,baseline,1839
4037711,4037711.json,6992335,baseline,1839
10120206,10120206.json,6993043,baseline,1839
8877066,8877066.json,6994004,baseline,1839
8224220,8224220.json,6995757,baseline,1839
8555576,8555576.json,7003507,baseline,1838
7010947,7010947.json,7005445,baseline,1838
7520811,7520811.json,7006168,baseline,1838
10546826,10546826.json,7006485,baseline,1838
10184861,10184861.json,7012859,baseline,1838
8610870,8610870.json,7013176,baseline,1838
7072685,7072685.json,7016179,baseline,1837
9437599,9437599.json,7022744,baseline,1837
3922881,3922881.json,7022744,baseline,1837
5502354,5502354.json,7029625,baseline,1837
1239198,1239198.json,7030305,baseline,1836
2689595,2689595.json,7036658,baseline,1836
9807726,9807726.json,7037118,baseline,1836
9265242,9265242.json,7049401,baseline,1835
9013702,9013702.json,7049800,baseline,1835
7031781,7031781.json,7055193,baseline,1835
7115688,7115688.json,7056689,baseline,1835
10319781,10319781.json,7065840,baseline,1834
10150314,10150314.json,7066200,baseline,1834
7555693,7555693.json,7070426,baseline,1834
9658156,9658156.json,7076051,baseline,1834
7607332,7607332.json,7083990,baseline,1833
848732,848732.json,7085483,baseline,1833
3344718,3344718.json,7091413,baseline,1833
7064925,7064925.json,7096943,baseline,1833
4273535,4273535.json,7102155,baseline,1832
8324909,8324909.json,7104111,baseline,1832
3422939,3422939.json,7104111,baseline,1832
8376918,8376918.json,7105065,baseline,1832
7713147,7713147.json,7105498,baseline,1832
8123505,8123505.json,7109465,baseline,1832
9829354,9829354.json,7111595,baseline,1832
2955088,2955088.json,7112405,baseline,1832
4388134,4388134.json,7113730,baseline,1832
10001822,10001822.json,7115084,baseline,1831
10298950,10298950.json,7119432,baseline,1831
9229090,9229090.json,7122638,baseline,1831
9238249,9238249.json,7125305,baseline,1831
1818693,1818693.json,7129113,baseline,1831
388834,388834.json,7137455,baseline,1830
4638894,4638894.json,7146242,baseline,1830
3590103,3590103.json,7148638,baseline,1830
2920763,2920763.json,7153665,baseline,1829
6189035,6189035.json,7164258,baseline,1829
6027376,6027376.json,7165614,baseline,1828
10621265,10621265.json,7167847,baseline,1828
3762205,3762205.json,7173102,baseline,1828
861597,861597.json,7179948,baseline,1828
10217240,10217240.json,7187579,baseline,1827
9199895,9199895.json,7188060,baseline,1827
6884991,6884991.json,7195807,baseline,1827
9249337,9249337.json,7199330,baseline,1826
6516591,6516591.json,7206842,baseline,1826
4487431,4487431.json,7212710,baseline,1826
4096954,4096954.json,7216040,baseline,1825
5098176,5098176.json,7222802,baseline,1825
1681043,1681043.json,7229463,baseline,1825
7149042,7149042.json,7236140,baseline,1824
2484602,2484602.json,7243074,baseline,1824
9049761,9049761.json,7254256,baseline,1823
6972976,6972976.json,7254256,baseline,1823
3009173,3009173.json,7254792,baseline,1823
9479164,9479164.json,7261507,baseline,1823
3736122,3736122.json,7265162,baseline,1823
5452833,5452833.json,7269673,baseline,1822
4394881,4394881.json,7270681,baseline,1822
7608450,7608450.json,7274467,baseline,1822
5386464,5386464.json,7277551,baseline,1822
4576679,4576679.json,7282700,baseline,1822
2653447,2653447.json,7285839,baseline,1821
4674184,4674184.json,7291029,baseline,1821
6075879,6075879.json,7297882,baseline,1821
9069133,9069133.json,7309736,baseline,1820
5045520,5045520.json,7310397,baseline,1820
8237736,8237736.json,7313271,baseline,1820
7501591,7501591.json,7314456,baseline,1820
7312115,7312115.json,7318872,baseline,1819
6718434,6718434.json,7336394,baseline,1818
3699686,3699686.json,7336394,baseline,1818
2198038,2198038.json,7336897,baseline,1818
2540595,2540595.json,7344511,baseline,1818
3859073,3859073.json,7362748,baseline,1817
9772070,9772070.json,7363716,baseline,1817
5504901,5504901.json,7366263,baseline,1816
5407374,5407374.json,7372619,baseline,1816
2592975,2592975.json,7374740,baseline,1816
9620051,9620051.json,7387184,baseline,1815
9762718,9762718.json,7392062,baseline,1815
4752088,4752088.json,7413441,baseline,1814
6492571,6492571.json,7415825,baseline,1813
10014733,10014733.json,7415825,baseline,1813
7113788,7113788.json,7418886,baseline,1813
9548002,9548002.json,7422513,baseline,1813
4165285,4165285.json,7427300,baseline,1813
8825813,8825813.json,7432444,baseline,1812
6642918,6642918.json,7434872,baseline,1812
8854537,8854537.json,7443953,baseline,1812
5229732,5229732.json,7445782,baseline,1812
5724910,5724910.json,7448918,baseline,1811
7671058,7671058.json,7460681,baseline,1811
6136688,6136688.json,7462825,baseline,1811
6251977,6251977.json,7476327,baseline,1810
1882552,1882552.json,7478680,baseline,1810
1622047,1622047.json,7479430,baseline,1810
1135471,1135471.json,7485999,baseline,1809
882630,882630.json,7491447,baseline,1809
6095350,6095350.json,7497115,baseline,1809
10997617,10997617.json,7497169,baseline,1809
7416217,7416217.json,7500740,baseline,1808
3426901,3426901.json,7503284,baseline,1808
8861275,8861275.json,7505189,baseline,1808
9225072,9225072.json,7509509,baseline,1808
3213525,3213525.json,7514398,baseline,1807
8646570,8646570.json,7526092,baseline,1807
2117637,2117637.json,7530745,baseline,1807
8333701,8333701.json,7540713,baseline,1806
3191176,3191176.json,7546694,baseline,1806
5294017,5294017.json,7549566,baseline,1805
3048908,3048908.json,7554972,baseline,1805
10984261,10984261.json,7561559,baseline,1805
6818733,6818733.json,7566658,baseline,1804
6032284,6032284.json,7573002,baseline,1804
7225726,7225726.json,7573696,baseline,1804
2670227,2670227.json,7574321,baseline,1804
4348513,4348513.json,7574607,baseline,1804
5530542,5530542.json,7577861,baseline,1804
4531231,4531231.json,7579859,baseline,1803
2595942,2595942.json,7579859,baseline,1803
5059718,5059718.json,7593262,baseline,1803
8164992,8164992.json,7596083,baseline,1802
247596,247596.json,7601779,baseline,1802
5422535,5422535.json,7604132,baseline,1802
4156450,4156450.json,7605298,baseline,1802
3959346,3959346.json,7608213,baseline,1802
4951132,4951132.json,7608639,baseline,1802
7816913,7816913.json,7609013,baseline,1802
5493462,5493462.json,7610285,baseline,1802
5834611,5834611.json,7615454,baseline,1801
7364574,7364574.json,7628087,baseline,1801
3986942,3986942.json,7628420,baseline,1800
6658818,6658818.json,7631546,baseline,1800
3420735,3420735.json,7633103,baseline,1800
2916108,2916108.json,7640657,baseline,1800
9967006,9967006.json,7644762,baseline,1799
3599895,3599895.json,7644762,baseline,1799
6970986,6970986.json,7650053,baseline,1799
531578,531578.json,7654384,baseline,1799
341920,341920.json,7658636,baseline,1799
9661652,9661652.json,7660722,baseline,1799
7235970,7235970.json,7660922,baseline,1798
1422634,1422634.json,7664643,baseline,1798
8125901,8125901.json,7676996,baseline,1798
8819710,8819710.json,7693352,baseline,1796
6891663,6891663.json,7698247,baseline,1796
9350155,9350155.json,7702057,baseline,1796
7926479,7926479.json,7702057,baseline,1796
6386445,6386445.json,7721048,baseline,1795
4038757,4038757.json,7721969,baseline,1795
484349,484349.json,7722720,baseline,1795
6478793,6478793.json,7725469,baseline,1794
2472190,2472190.json,7728167,baseline,1794
4780298,4780298.json,7740633,baseline,1794
8874153,8874153.json,7745703,baseline,1793
3536778,3536778.json,7749575,baseline,1793
44892,44892.json,7752019,baseline,1793
9482935,9482935.json,7752881,baseline,1793
7980916,7980916.json,7754362,baseline,1793
1686864,1686864.json,7754860,baseline,1793
6849453,6849453.json,7757304,baseline,1792
2597060,2597060.json,7764673,baseline,1792
8961108,8961108.json,7765090,baseline,1792
4479145,4479145.json,7766718,baseline,1792
7665982,7665982.json,7767745,baseline,1792
3971775,3971775.json,7771517,baseline,1792
6327856,6327856.json,7773345,baseline,1791
9248694,9248694.json,7773345,baseline,1791
6378823,6378823.json,7779867,baseline,1791
10239667,10239667.json,7784141,baseline,1791
5639318,5639318.json,7784677,baseline,1791
6700829,6700829.json,7796808,baseline,1790
9501292,9501292.json,7799787,baseline,1790
3780655,3780655.json,7802304,baseline,1790
1903562,1903562.json,7804622,baseline,1790
9459842,9459842.json,7805304,baseline,1789
2514106,2514106.json,7805304,baseline,1789
3346549,3346549.json,7813363,baseline,1789
3618087,3618087.json,7821262,baseline,1788
2997282,2997282.json,7824625,baseline,1788
10971902,10971902.json,7829181,baseline,1788
2217274,2217274.json,7833669,baseline,1788
5933743,5933743.json,7835712,baseline,1788
8797728,8797728.json,7837068,baseline,1787
3034092,3034092.json,7840400,baseline,1787
7531762,7531762.json,7840942,baseline,1787
9962419,9962419.json,7841460,baseline,1787
5649969,5649969.json,7844568,baseline,1787
1022699,1022699.json,7847657,baseline,1787
9540020,9540020.json,7852768,baseline,1786
6730429,6730429.json,7856190,baseline,1786
7574681,7574681.json,7862373,baseline,1786
1781471,1781471.json,7863875,baseline,1786
3676368,3676368.json,7868510,baseline,1786
2641283,2641283.json,7872062,baseline,1785
1512188,1512188.json,7875262,baseline,1785
6370212,6370212.json,7880425,baseline,1785
10128635,10128635.json,7884375,baseline,1784
7670956,7670956.json,7884375,baseline,1784
7290771,7290771.json,7893616,baseline,1784
2273138,2273138.json,7898102,baseline,1784
10819749,10819749.json,7900163,baseline,1783
6976732,6976732.json,7903148,baseline,1783
9047887,9047887.json,7904808,baseline,1783
4816354,4816354.json,7905955,baseline,1783
4316189,4316189.json,7907913,baseline,1783
4137723,4137723.json,7912564,baseline,1783
1225233,1225233.json,7927138,baseline,1782
3993056,3993056.json,7927138,baseline,1782
9188030,9188030.json,7935955,baseline,1781
4063385,4063385.json,7937050,baseline,1781
1290527,1290527.json,7938108,baseline,1781
6423231,6423231.json,7942131,baseline,1781
10398198,10398198.json,7947632,baseline,1780
7622713,7622713.json,7947632,baseline,1780
9301498,9301498.json,7947632,baseline,1780
9314312,9314312.json,7950657,baseline,1780
7630713,7630713.json,7951167,baseline,1780
2348115,2348115.json,7953384,baseline,1780
1919137,1919137.json,7962809,baseline,1780
2563647,2563647.json,7969837,baseline,1779
5379868,5379868.json,7974784,baseline,1779
7159912,7159912.json,7977168,baseline,1779
802019,802019.json,7978555,baseline,1779
7664434,7664434.json,7978779,baseline,1778
10815709,10815709.json,7978779,baseline,1778
8344742,8344742.json,7983968,baseline,1778
162231,162231.json,7999522,baseline,1777
9018536,9018536.json,8002453,baseline,1777
8279822,8279822.json,8002827,baseline,1777
10152547,10152547.json,8002827,baseline,1777
5453427,5453427.json,8008575,baseline,1777
9798430,9798430.json,8009746,baseline,1776
7942331,7942331.json,8009746,baseline,1776
9249871,9249871.json,8020682,baseline,1776
2321532,2321532.json,8023426,baseline,1776
8882155,8882155.json,8028332,baseline,1775
7175670,7175670.json,8031104,baseline,1775
3369729,3369729.json,8034864,baseline,1775
10622864,10622864.json,8040117,baseline,1775
5889196,5889196.json,8045502,baseline,1774
3731819,3731819.json,8047157,baseline,1774
5097515,5097515.json,8049016,baseline,1774
2875340,2875340.json,8050759,baseline,1774
10419110,10419110.json,8051323,baseline,1774
4014487,4014487.json,8060842,baseline,1773
4828305,4828305.json,8064771,baseline,1773
2419133,2419133.json,8065475,baseline,1773
10849924,10849924.json,8067933,baseline,1773
7962303,7962303.json,8075126,baseline,1772
1889900,1889900.json,8077899,baseline,1772
10953724,10953724.json,8081582,baseline,1772
6534337,6534337.json,8100679,baseline,1771
834877,834877.json,8106669,baseline,1770
4076818,4076818.json,8118049,baseline,1769
9906821,9906821.json,8126323,baseline,1769
8647850,8647850.json,8128345,baseline,1769
5719286,5719286.json,8129605,baseline,1769
6302287,6302287.json,8136313,baseline,1768
6575964,6575964.json,8140133,baseline,1768
9029843,9029843.json,8141944,baseline,1768
2872270,2872270.json,8157576,baseline,1767
3946067,3946067.json,8159935,baseline,1767
2420405,2420405.json,8160628,baseline,1767
9281591,9281591.json,8167435,baseline,1766
6942640,6942640.json,8167993,baseline,1766
9227421,9227421.json,8168580,baseline,1766
4437119,4437119.json,8173716,baseline,1766
727545,727545.json,8174607,baseline,1766
8401910,8401910.json,8174877,baseline,1766
2421821,2421821.json,8179209,baseline,1766
7318551,7318551.json,8179406,baseline,1765
9004177,9004177.json,8179406,baseline,1765
6216633,6216633.json,8183085,baseline,1765
6022675,6022675.json,8189158,baseline,1765
7494979,7494979.json,8189158,baseline,1765
893503,893503.json,8209804,baseline,1763
10796026,10796026.json,8209804,baseline,1763
8453970,8453970.json,8215348,baseline,1763
10359251,10359251.json,8215348,baseline,1763
7875174,7875174.json,8215931,baseline,1763
3457476,3457476.json,8218306,baseline,1763
4204820,4204820.json,8239934,baseline,1762
10985408,10985408.json,8243253,baseline,1761
10883739,10883739.json,8246597,baseline,1761
9029044,9029044.json,8254080,baseline,1761
10494401,10494401.json,8258327,baseline,1760
7744736,7744736.json,8263114,baseline,1760
3318856,3318856.json,8263549,baseline,1760
4606275,4606275.json,8265560,baseline,1760
1795766,1795766.json,8266326,baseline,1760
9691098,9691098.json,8270255,baseline,1759
7053919,7053919.json,8274193,baseline,1759
742170,742170.json,8275950,baseline,1759
8249790,8249790.json,8284847,baseline,1759
10370139,10370139.json,8285584,baseline,1758
6166652,6166652.json,8285584,baseline,1758
6754865,6754865.json,8285584,baseline,1758
1803502,1803502.json,8296477,baseline,1758
6838383,6838383.json,8300661,baseline,1757
7005798,7005798.json,8304521,baseline,1757
10903145,10903145.json,8310221,baseline,1757
9283028,9283028.json,8315625,baseline,1756
6069651,6069651.json,8315625,baseline,1756
257490,257490.json,8319628,baseline,1756
8745960,8745960.json,8334103,baseline,1755
5799668,5799668.json,8348482,baseline,1754
842525,842525.json,8352895,baseline,1754
9549710,9549710.json,8355228,baseline,1754
10219523,10219523.json,8356604,baseline,1754
6225648,6225648.json,8357452,baseline,1754
2123710,2123710.json,8360159,baseline,1754
8902072,8902072.json,8368390,baseline,1753
1191067,1191067.json,8374684,baseline,1753
10147361,10147361.json,8390306,baseline,1752
10328931,10328931.json,8390389,baseline,1751
10345986,10345986.json,8390389,baseline,1751
10727802,10727802.json,8396102,baseline,1751
3117626,3117626.json,8396102,baseline,1751
5557799,5557799.json,8405160,baseline,1750
10785265,10785265.json,8405160,baseline,1750
10753555,10753555.json,8405160,baseline,1750
4375251,4375251.json,8408638,baseline,1750
7399400,7399400.json,8413432,baseline,1750
8648752,8648752.json,8414599,baseline,1750
9601222,9601222.json,8414944,baseline,1750
9659636,9659636.json,8416704,baseline,1750
3027558,3027558.json,8420175,baseline,1749
3789256,3789256.json,8420175,baseline,1749
9457912,9457912.json,8420175,baseline,1749
2570028,2570028.json,8426057,baseline,1749
5174419,5174419.json,8426617,baseline,1749
7190930,7190930.json,8430996,baseline,1749
9837876,9837876.json,8433547,baseline,1749
8950277,8950277.json,8433806,baseline,1749
4205280,4205280.json,8434964,baseline,1748
8460004,8460004.json,8438974,baseline,1748
6734158,6734158.json,8444300,baseline,1748
10635093,10635093.json,8455387,baseline,1747
5655804,5655804.json,8460995,baseline,1747
8986474,8986474.json,8467271,baseline,1746
2276660,2276660.json,8473679,baseline,1746
7795079,7795079.json,8485275,baseline,1745
2044709,2044709.json,8485786,baseline,1745
7412770,7412770.json,8491508,baseline,1745
8062974,8062974.json,8493031,baseline,1745
10897821,10897821.json,8493624,baseline,1744
5171717,5171717.json,8497590,baseline,1744
9858019,9858019.json,8506424,baseline,1744
5901534,5901534.json,8508177,baseline,1743
5503033,5503033.json,8512232,baseline,1743
381436,381436.json,8512232,baseline,1743
8900023,8900023.json,8522618,baseline,1743
2351085,2351085.json,8525701,baseline,1742
6705063,6705063.json,8530196,baseline,1742
1530498,1530498.json,8532715,baseline,1742
10113021,10113021.json,8540762,baseline,1741
5569947,5569947.json,8545167,baseline,1741
4135905,4135905.json,8551739,baseline,1741
10333295,10333295.json,8551900,baseline,1740
4089127,4089127.json,8555346,baseline,1740
1464605,1464605.json,8560496,baseline,1740
3786402,3786402.json,8562719,baseline,1740
7750677,7750677.json,8566205,baseline,1739
9800874,9800874.json,8566205,baseline,1739
4672074,4672074.json,8566205,baseline,1739
8929044,8929044.json,8569614,baseline,1739
6610563,6610563.json,8573993,baseline,1739
5555773,5555773.json,8579598,baseline,1739
4702657,4702657.json,8585828,baseline,1738
6227906,6227906.json,8591847,baseline,1738
10967866,10967866.json,8593019,baseline,1738
10759437,10759437.json,8594969,baseline,1737
10128843,10128843.json,8598508,baseline,1737
10008805,10008805.json,8601429,baseline,1737
10391498,10391498.json,8604400,baseline,1737
2626182,2626182.json,8605890,baseline,1737
5406445,5406445.json,8616963,baseline,1736
10699311,10699311.json,8623838,baseline,1735
6216462,6216462.json,8636150,baseline,1735
6506197,6506197.json,8647727,baseline,1734
6718474,6718474.json,8652554,baseline,1734
6785091,6785091.json,8652676,baseline,1733
10412973,10412973.json,8656241,baseline,1733
6953167,6953167.json,8656865,baseline,1733
8218264,8218264.json,8656865,baseline,1733
7491823,7491823.json,8662679,baseline,1733
10527001,10527001.json,8665989,baseline,1733
813937,813937.json,8666831,baseline,1733
5161978,5161978.json,8680673,baseline,1732
1242388,1242388.json,8689279,baseline,1731
4745251,4745251.json,8695436,baseline,1730
962309,962309.json,8695436,baseline,1730
10006084,10006084.json,8698616,baseline,1730
7151685,7151685.json,8702587,baseline,1730
5024208,5024208.json,8703848,baseline,1730
2164814,2164814.json,8709587,baseline,1729
275740,275740.json,8717232,baseline,1729
8344489,8344489.json,8718063,baseline,1729
4859884,4859884.json,8720372,baseline,1729
10996437,10996437.json,8720593,baseline,1729
7986041,7986041.json,8723948,baseline,1728
9857818,9857818.json,8734402,baseline,1728
10728515,10728515.json,8738107,baseline,1727
9848832,9848832.json,8742376,baseline,1727
6944596,6944596.json,8744710,baseline,1727
7930104,7930104.json,8744710,baseline,1727
10020133,10020133.json,8748492,baseline,1727
9962499,9962499.json,8751579,baseline,1727
6680016,6680016.json,8755715,baseline,1726
8931181,8931181.json,8759122,baseline,1726
4602181,4602181.json,8761947,baseline,1726
9103210,9103210.json,8763491,baseline,1726
10984138,10984138.json,8765968,baseline,1725
4785688,4785688.json,8773604,baseline,1725
6121356,6121356.json,8774331,baseline,1725
6592358,6592358.json,8775602,baseline,1725
8683482,8683482.json,8776115,baseline,1725
9241586,9241586.json,8797151,baseline,1723
5193923,5193923.json,8797784,baseline,1723
9233384,9233384.json,8801274,baseline,1723
5688091,5688091.json,8803966,baseline,1723
9590808,9590808.json,8807916,baseline,1722
8147721,8147721.json,8807916,baseline,1722
1022700,1022700.json,8817764,baseline,1722
8132115,8132115.json,8818771,baseline,1722
10012488,10012488.json,8821102,baseline,1722
6111930,6111930.json,8826895,baseline,1721
8191132,8191132.json,8831022,baseline,1721
9772889,9772889.json,8835832,baseline,1720
10151807,10151807.json,8835832,baseline,1720
10073210,10073210.json,8839735,baseline,1720
8790633,8790633.json,8841572,baseline,1720
9429098,9429098.json,8842756,baseline,1720
10638818,10638818.json,8845414,baseline,1720
5501584,5501584.json,8845689,baseline,1720
5851947,5851947.json,8857340,baseline,1719
6853788,6853788.json,8863997,baseline,1718
4856450,4856450.json,8869063,baseline,1718
1385992,1385992.json,8873414,baseline,1718
9606136,9606136.json,8874957,baseline,1718
7101037,7101037.json,8875907,baseline,1718
6003043,6003043.json,8877853,baseline,1717
10936018,10936018.json,8882344,baseline,1717
5379869,5379869.json,8887996,baseline,1717
543336,543336.json,8891818,baseline,1716
8347058,8347058.json,8891818,baseline,1716
7460759,7460759.json,8895582,baseline,1716
4801542,4801542.json,8903362,baseline,1716
5592887,5592887.json,8910019,baseline,1715
114591,114591.json,8911841,baseline,1715
4024270,4024270.json,8913751,baseline,1715
8025734,8025734.json,8919489,baseline,1714
10486734,10486734.json,8924687,baseline,1714
609682,609682.json,8931039,baseline,1714
2938248,2938248.json,8933473,baseline,1713
7920041,7920041.json,8951821,baseline,1712
8375711,8375711.json,8961063,baseline,1711
8398442,8398442.json,8966849,baseline,1711
8953164,8953164.json,8980129,baseline,1710
2726328,2726328.json,8988111,baseline,1710
7887558,7887558.json,8988142,baseline,1710
10430795,10430795.json,8995054,baseline,1709
8014966,8014966.json,8997231,baseline,1709
9799227,9799227.json,9000487,baseline,1709
6748893,6748893.json,9002357,baseline,1708
9676616,9676616.json,9010823,baseline,1708
4963915,4963915.json,9026353,baseline,1707
10963164,10963164.json,9036782,baseline,1706
9621345,9621345.json,9038909,baseline,1706
6724866,6724866.json,9049761,baseline,1705
8996415,8996415.json,9051064,baseline,1705
9608340,9608340.json,9051428,baseline,1705
2499628,2499628.json,9060891,baseline,1704
4825621,4825621.json,9063680,baseline,1704
7385716,7385716.json,9068260,baseline,1704
10865508,10865508.json,9069322,baseline,1704
8516494,8516494.json,9069924,baseline,1703
1436348,1436348.json,9077480,baseline,1703
10584521,10584521.json,9082487,baseline,1703
985361,985361.json,9082834,baseline,1703
4217854,4217854.json,9083529,baseline,1702
2144024,2144024.json,9083529,baseline,1702
9928899,9928899.json,9087467,baseline,1702
9229133,9229133.json,9088776,baseline,1702
6960329,6960329.json,9088776,baseline,1702
7890440,7890440.json,9096935,baseline,1701
7526487,7526487.json,9102917,baseline,1701
7473960,7473960.json,9110520,baseline,1700
6724046,6724046.json,9110520,baseline,1700
9076743,9076743.json,9115661,baseline,1700
9224174,9224174.json,9122198,baseline,1700
10424283,10424283.json,9123911,baseline,1699
10446063,10446063.json,9128495,baseline,1699
10592885,10592885.json,9132760,baseline,1699
10368848,10368848.json,9137133,baseline,1698
7606963,7606963.json,9141768,baseline,1698
8106821,8106821.json,9144476,baseline,1698
8702061,8702061.json,9145628,baseline,1698
6210607,6210607.json,9146715,baseline,1698
7767917,7767917.json,9149993,baseline,1698
9494698,9494698.json,9150300,baseline,1697
10793466,10793466.json,9154344,baseline,1697
8235578,8235578.json,9173621,baseline,1696
2717355,2717355.json,9189447,baseline,1695
4163556,4163556.json,9189663,baseline,1695
1932228,1932228.json,9211754,baseline,1693
7467727,7467727.json,9213561,baseline,1693
3833487,3833487.json,9214630,baseline,1693
10939064,10939064.json,9215481,baseline,1693
8186401,8186401.json,9216218,baseline,1692
8535506,8535506.json,9216218,baseline,1692
5060518,5060518.json,9216218,baseline,1692
3093110,3093110.json,9216218,baseline,1692
6859649,6859649.json,9226061,baseline,1692
6711252,6711252.json,9229760,baseline,1691
6637602,6637602.json,9237319,baseline,1691
10421323,10421323.json,9242838,baseline,1690
1983484,1983484.json,9251479,baseline,1690
8612630,8612630.json,9256100,baseline,1689
10315497,10315497.json,9260806,baseline,1689
9008868,9008868.json,9268135,baseline,1689
6693980,6693980.json,9276891,baseline,1688
9972259,9972259.json,9281888,baseline,1687
2657145,2657145.json,9281888,baseline,1687
3860685,3860685.json,9281888,baseline,1687
3867787,3867787.json,9291943,baseline,1687
7096888,7096888.json,9294824,baseline,1686
10235387,10235387.json,9306781,baseline,1686
4901240,4901240.json,9314609,baseline,1685
3551071,3551071.json,9317182,baseline,1685
8689890,8689890.json,9320951,baseline,1684
4418935,4418935.json,9324571,baseline,1684
7351518,7351518.json,9325203,baseline,1684
4679640,4679640.json,9340865,baseline,1683
1860422,1860422.json,9344399,baseline,1683
10836082,10836082.json,9346634,baseline,1682
10976662,10976662.json,9346634,baseline,1682
4491947,4491947.json,9350135,baseline,1682
3939291,3939291.json,9350135,baseline,1682
9665528,9665528.json,9353633,baseline,1682
7768274,7768274.json,9353633,baseline,1682
9598870,9598870.json,9359427,baseline,1681
6640519,6640519.json,9370816,baseline,1681
9643744,9643744.json,9371051,baseline,1681
6010309,6010309.json,9375769,baseline,1680
5032438,5032438.json,9380604,baseline,1680
9940075,9940075.json,9388661,baseline,1679
5643411,5643411.json,9391686,baseline,1679
3231029,3231029.json,9410765,baseline,1677
6818497,6818497.json,9414984,baseline,1677
9879313,9879313.json,9416281,baseline,1677
6892226,6892226.json,9418316,baseline,1677
4584717,4584717.json,9423452,baseline,1676
9509061,9509061.json,9444464,baseline,1675
6123945,6123945.json,9455004,baseline,1674
1654372,1654372.json,9459347,baseline,1674
10324321,10324321.json,9465811,baseline,1673
5438437,5438437.json,9479832,baseline,1672
2846950,2846950.json,9482222,baseline,1672
463061,463061.json,9482584,baseline,1672
10767776,10767776.json,9486752,baseline,1671
9442882,9442882.json,9486752,baseline,1671
3339638,3339638.json,9499052,baseline,1670
8422282,8422282.json,9505077,baseline,1670
10523382,10523382.json,9511474,baseline,1669
9870183,9870183.json,9515002,baseline,1669
9103505,9103505.json,9515002,baseline,1669
5142148,5142148.json,9520995,baseline,1669
9461649,9461649.json,9523769,baseline,1668
5501697,5501697.json,9536152,baseline,1667
9049950,9049950.json,9542098,baseline,1667
2050701,2050701.json,9548441,baseline,1666
6360683,6360683.json,9553473,baseline,1666
5233775,5233775.json,9557358,baseline,1666
7658159,7658159.json,9572960,baseline,1664
10640748,10640748.json,9577114,baseline,1664
9351718,9351718.json,9584967,baseline,1663
5252286,5252286.json,9594464,baseline,1663
8712004,8712004.json,9596606,baseline,1663
5743295,5743295.json,9602159,baseline,1662
9214626,9214626.json,9614528,baseline,1661
7558379,7558379.json,9626677,baseline,1660
5276723,5276723.json,9629641,baseline,1660
10030861,10030861.json,9633792,baseline,1659
6738020,6738020.json,9633792,baseline,1659
7410996,7410996.json,9644622,baseline,1659
6893064,6893064.json,9652337,baseline,1658
6891999,6891999.json,9656230,baseline,1658
8035983,8035983.json,9658190,baseline,1657
10176958,10176958.json,9670150,baseline,1656
10792936,10792936.json,9687446,baseline,1655
10872230,10872230.json,9692690,baseline,1655
3197912,3197912.json,9693639,baseline,1655
5680115,5680115.json,9693664,baseline,1655
7344376,7344376.json,9694495,baseline,1654
10660309,10660309.json,9701861,baseline,1654
2725463,2725463.json,9705496,baseline,1654
5577417,5577417.json,9711655,baseline,1653
9518670,9518670.json,9712277,baseline,1653
8230829,8230829.json,9715614,baseline,1653
4667266,4667266.json,9715815,baseline,1653
9255662,9255662.json,9723032,baseline,1652
2401117,2401117.json,9727885,baseline,1652
7223820,7223820.json,9735578,baseline,1651
6180019,6180019.json,9736768,baseline,1651
4825637,4825637.json,9752290,baseline,1650
3121369,3121369.json,9752538,baseline,1650
2522846,2522846.json,9759611,baseline,1649
2587932,2587932.json,9761208,baseline,1649
3218543,3218543.json,9762746,baseline,1649
10739796,10739796.json,9765826,baseline,1648
5989033,5989033.json,9770221,baseline,1648
7225193,7225193.json,9777477,baseline,1647
8042901,8042901.json,9781829,baseline,1647
8293087,8293087.json,9781829,baseline,1647
10165193,10165193.json,9784630,baseline,1647
9444302,9444302.json,9789131,baseline,1646
8225347,8225347.json,9795387,baseline,1646
6074007,6074007.json,9805237,baseline,1645
7979731,7979731.json,9807937,baseline,1645
1561360,1561360.json,9810778,baseline,1645
287606,287606.json,9812419,baseline,1645
1322048,1322048.json,9812448,baseline,1644
1375454,1375454.json,9812448,baseline,1644
1567881,1567881.json,9816870,baseline,1644
5943950,5943950.json,9820320,baseline,1644
10876424,10876424.json,9820320,baseline,1644
4887727,4887727.json,9823539,baseline,1644
5065811,5065811.json,9831258,baseline,1643
9580514,9580514.json,9835759,baseline,1642
1247058,1247058.json,9856575,baseline,1641
8376889,8376889.json,9862894,baseline,1640
2710896,2710896.json,9868319,baseline,1640
4098413,4098413.json,9870590,baseline,1639
10389473,10389473.json,9870590,baseline,1639
7699308,7699308.json,9875712,baseline,1639
4606981,4606981.json,9880441,baseline,1639
705759,705759.json,9889654,baseline,1638
9721862,9721862.json,9904271,baseline,1637
7628892,7628892.json,9913367,baseline,1636
10244092,10244092.json,9914942,baseline,1636
6917153,6917153.json,9921365,baseline,1635
9783595,9783595.json,9931588,baseline,1634
2083078,2083078.json,9936156,baseline,1634
10560347,10560347.json,9939191,baseline,1633
3188069,3188069.json,9944106,baseline,1633
9716406,9716406.json,9950888,baseline,1632
7387113,7387113.json,9950888,baseline,1632
6117838,6117838.json,9950888,baseline,1632
4276342,4276342.json,9973343,baseline,1630
10285577,10285577.json,9973343,baseline,1630
8831415,8831415.json,9977732,baseline,1630
1975702,1975702.json,9978346,baseline,1630
2684053,2684053.json,9980762,baseline,1630
6462507,6462507.json,9981345,baseline,1630
8537456,8537456.json,9989462,baseline,1629
8184839,8184839.json,10002051,baseline,1628
2564252,2564252.json,10005882,baseline,1628
4476584,4476584.json,10006533,baseline,1627
10829707,10829707.json,10006533,baseline,1627
2770371,2770371.json,10021579,baseline,1626
10713079,10713079.json,10040063,baseline,1624
2193892,2193892.json,10040063,baseline,1624
9393287,9393287.json,10050995,baseline,1623
4557053,4557053.json,10055490,baseline,1623
9003664,9003664.json,10062184,baseline,1622
5778322,5778322.json,10066512,baseline,1622
9525789,9525789.json,10073197,baseline,1621
8478455,8478455.json,10073197,baseline,1621
5512315,5512315.json,10073197,baseline,1621
8517620,8517620.json,10084256,baseline,1620
1661308,1661308.json,10084256,baseline,1620
8910915,8910915.json,10088736,baseline,1620
6969668,6969668.json,10089995,baseline,1620
3674287,3674287.json,10093723,baseline,1620
3903403,3903403.json,10095250,baseline,1619
5797630,5797630.json,10100826,baseline,1619
8518425,8518425.json,10101358,baseline,1619
50592,50592.json,10105969,baseline,1619
10173813,10173813.json,10106049,baseline,1618
9162580,9162580.json,10111055,baseline,1618
7713397,7713397.json,10116679,baseline,1618
10456259,10456259.json,10124106,baseline,1617
8519949,8519949.json,10135657,baseline,1616
8507187,8507187.json,10137004,baseline,1616
10793053,10793053.json,10153338,baseline,1614
3656839,3656839.json,10157702,baseline,1614
9686362,9686362.json,10158119,baseline,1614
6984769,6984769.json,10158559,baseline,1614
9861413,9861413.json,10159549,baseline,1613
6631420,6631420.json,10164460,baseline,1613
8196977,8196977.json,10174450,baseline,1612
8816539,8816539.json,10180598,baseline,1611
8418720,8418720.json,10187038,baseline,1611
1719584,1719584.json,10191118,baseline,1610
9507580,9507580.json,10199630,baseline,1610
5531294,5531294.json,10201825,baseline,1609
9042539,9042539.json,10212915,baseline,1608
7568672,7568672.json,10212915,baseline,1608
9667821,9667821.json,10217200,baseline,1608
5404140,5404140.json,10217200,baseline,1608
4800145,4800145.json,10227744,baseline,1607
6486823,6486823.json,10227744,baseline,1607
873852,873852.json,10238275,baseline,1606
5692554,5692554.json,10238852,baseline,1606
10903420,10903420.json,10250661,baseline,1605
878548,878548.json,10265355,baseline,1603
9922378,9922378.json,10274331,baseline,1603
8541659,8541659.json,10274394,baseline,1603
10540255,10540255.json,10275581,baseline,1602
10316700,10316700.json,10304689,baseline,1600
8010257,8010257.json,10316684,baseline,1598
9278434,9278434.json,10320417,baseline,1598
4951652,4951652.json,10326791,baseline,1597
9901585,9901585.json,10336779,baseline,1596
7831859,7831859.json,10336779,baseline,1596
6907401,6907401.json,10342910,baseline,1596
6417986,6417986.json,10346913,baseline,1595
3335943,3335943.json,10351405,baseline,1595
10841098,10841098.json,10356258,baseline,1595
3940442,3940442.json,10357155,baseline,1594
1110461,1110461.json,10365518,baseline,1594
9059388,9059388.json,10367134,baseline,1593
8633493,8633493.json,10367134,baseline,1593
8479951,8479951.json,10367134,baseline,1593
10762278,10762278.json,10375320,baseline,1593
4059049,4059049.json,10377126,baseline,1592
10018447,10018447.json,10377126,baseline,1592
10934629,10934629.json,10384620,baseline,1592
7186991,7186991.json,10390918,baseline,1591
1686232,1686232.json,10392039,baseline,1591
7224390,7224390.json,10392039,baseline,1591
10623748,10623748.json,10411766,baseline,1589
1919550,1919550.json,10411766,baseline,1589
9363141,9363141.json,10416839,baseline,1588
4218029,4218029.json,10421195,baseline,1588
5991042,5991042.json,10422323,baseline,1588
760065,760065.json,10423494,baseline,1588
10866766,10866766.json,10425957,baseline,1588
7344366,7344366.json,10434116,baseline,1587
9113231,9113231.json,10436546,baseline,1586
10515094,10515094.json,10436546,baseline,1586
4666693,4666693.json,10436546,baseline,1586
10838498,10838498.json,10436546,baseline,1586
1264219,1264219.json,10440376,baseline,1586
9214377,9214377.json,10446360,baseline,1586
4476258,4476258.json,10456117,baseline,1584
9344659,9344659.json,10456117,baseline,1584
1197936,1197936.json,10456117,baseline,1584
8748500,8748500.json,10459826,baseline,1584
10215313,10215313.json,10465668,baseline,1584
9691981,9691981.json,10465775,baseline,1583
4587309,4587309.json,10465775,baseline,1583
10474310,10474310.json,10465775,baseline,1583
1615879,1615879.json,10481929,baseline,1582
8060594,8060594.json,10483270,baseline,1582
4438491,4438491.json,10488791,baseline,1581
4152563,4152563.json,10494494,baseline,1580
7245207,7245207.json,10494494,baseline,1580
6608608,6608608.json,10502263,baseline,1580
3669508,3669508.json,10503960,baseline,1579
3840715,3840715.json,10513477,baseline,1578
9974377,9974377.json,10517277,baseline,1578
1453963,1453963.json,10522050,baseline,1578
10715798,10715798.json,10522915,baseline,1577
4151781,4151781.json,10526791,baseline,1577
8396530,8396530.json,10527888,baseline,1577
6933144,6933144.json,10532537,baseline,1576
8646702,8646702.json,10546102,baseline,1575
9741632,9741632.json,10554935,baseline,1574
8411548,8411548.json,10558751,baseline,1574
9465181,9465181.json,10567079,baseline,1573
10912865,10912865.json,10579309,baseline,1571
10892431,10892431.json,10588215,baseline,1571
3309672,3309672.json,10588363,baseline,1570
6901116,6901116.json,10588363,baseline,1570
10836369,10836369.json,10603403,baseline,1569
9820790,9820790.json,10606842,baseline,1568
4049283,4049283.json,10615925,baseline,1567
6374123,6374123.json,10623588,baseline,1567
8153567,8153567.json,10629206,baseline,1566
9151542,9151542.json,10633657,baseline,1566
9035883,9035883.json,10634014,baseline,1566
8548433,8548433.json,10634040,baseline,1565
2158614,2158614.json,10641740,baseline,1565
9717033,9717033.json,10643271,baseline,1564
10100199,10100199.json,10643271,baseline,1564
2642500,2642500.json,10647491,baseline,1564
8742684,8742684.json,10648527,baseline,1564
2102635,2102635.json,10649831,baseline,1564
10502423,10502423.json,10652062,baseline,1564
2335039,2335039.json,10657416,baseline,1563
6913082,6913082.json,10661709,baseline,1562
4548853,4548853.json,10661709,baseline,1562
8425787,8425787.json,10665921,baseline,1562
10553293,10553293.json,10670705,baseline,1561
7082669,7082669.json,10670705,baseline,1561
10308396,10308396.json,10674939,baseline,1561
9990033,9990033.json,10679709,baseline,1560
10998992,10998992.json,10683878,baseline,1560
3569165,3569165.json,10688296,baseline,1560
10187923,10187923.json,10688369,baseline,1560
9410456,9410456.json,10688558,baseline,1559
7212754,7212754.json,10692214,baseline,1559
5586215,5586215.json,10709694,baseline,1557
6979149,6979149.json,10714747,baseline,1556
9033726,9033726.json,10719889,baseline,1556
10836453,10836453.json,10727386,baseline,1555
9134278,9134278.json,10728887,baseline,1555
2277145,2277145.json,10731053,baseline,1555
10682861,10682861.json,10732338,baseline,1554
9983033,9983033.json,10737423,baseline,1554
10557240,10557240.json,10740868,baseline,1553
2602505,2602505.json,10740868,baseline,1553
5443038,5443038.json,10749586,baseline,1552
3717771,3717771.json,10753082,baseline,1552
6082140,6082140.json,10758056,baseline,1551
3816587,3816587.json,10765226,baseline,1551
5442104,5442104.json,10766501,baseline,1550
5429136,5429136.json,10766501,baseline,1550
497037,497037.json,10766501,baseline,1550
3964500,3964500.json,10770056,baseline,1550
2783723,2783723.json,10770576,baseline,1550
6450546,6450546.json,10771090,baseline,1550
10405099,10405099.json,10772592,baseline,1550
6166364,6166364.json,10779628,baseline,1549
9632360,9632360.json,10783489,baseline,1548
5008936,5008936.json,10797228,baseline,1547
3586085,3586085.json,10797228,baseline,1547
7395786,7395786.json,10805647,baseline,1546
4437924,4437924.json,10807027,baseline,1546
9820202,9820202.json,10808988,baseline,1545
9611288,9611288.json,10813102,baseline,1545
8562678,8562678.json,10816966,baseline,1545
10029167,10029167.json,10817359,baseline,1544
10922586,10922586.json,10825629,baseline,1543
1446456,1446456.json,10825629,baseline,1543
5707485,5707485.json,10830174,baseline,1543
6439871,6439871.json,10831969,baseline,1543
1472885,1472885.json,10839680,baseline,1542
8179731,8179731.json,10846302,baseline,1541
10171364,10171364.json,10858779,baseline,1539
6070469,6070469.json,10858779,baseline,1539
7350369,7350369.json,10872656,baseline,1538
3645181,3645181.json,10875230,baseline,1537
4770423,4770423.json,10883322,baseline,1536
9117244,9117244.json,10888816,baseline,1536
4511712,4511712.json,10891347,baseline,1535
2456927,2456927.json,10899301,baseline,1534
7973916,7973916.json,10915108,baseline,1532
9658482,9658482.json,10915108,baseline,1532
5246486,5246486.json,10923008,baseline,1531
3716989,3716989.json,10927521,baseline,1531
10818399,10818399.json,10937885,baseline,1530
5413350,5413350.json,10938908,baseline,1529
10001349,10001349.json,10946679,baseline,1528
10982500,10982500.json,10954092,baseline,1528
3895476,3895476.json,10954479,baseline,1527
10658538,10658538.json,10962299,baseline,1526
9494714,9494714.json,10967480,baseline,1526
9930313,9930313.json,10970137,baseline,1525
1145654,1145654.json,10983446,baseline,1524
8697970,8697970.json,10985523,baseline,1523
8459285,8459285.json,10985523,baseline,1523
9560491,9560491.json,10985523,baseline,1523
7925623,7925623.json,10993217,baseline,1522
9845383,9845383.json,11000957,baseline,1521
6485472,6485472.json,11006398,baseline,1521
3195752,3195752.json,11008715,baseline,1520
1595276,1595276.json,11016343,baseline,1519
5303931,5303931.json,11028364,baseline,1518
9935921,9935921.json,11030505,baseline,1518
7895138,7895138.json,11031241,baseline,1517
4856118,4856118.json,11036008,baseline,1517
7443691,7443691.json,11042265,baseline,1516
8795160,8795160.json,11045747,baseline,1516
4960272,4960272.json,11045760,baseline,1515
10397015,10397015.json,11056379,baseline,1514
4813038,4813038.json,11056821,baseline,1514
8427048,8427048.json,11071218,baseline,1512
7229769,7229769.json,11079740,baseline,1511
2138182,2138182.json,11082437,baseline,1510
8722816,8722816.json,11094173,baseline,1509
4060442,4060442.json,11096881,baseline,1508
10157377,10157377.json,11101939,baseline,1508
5543671,5543671.json,11110070,baseline,1507
1622632,1622632.json,11115103,baseline,1506
9049279,9049279.json,11124134,baseline,1505
7711875,7711875.json,11143281,baseline,1502
2163450,2163450.json,11146098,baseline,1502
5080554,5080554.json,11146505,baseline,1501
10653168,10653168.json,11157663,baseline,1500
5189038,5189038.json,11159167,baseline,1500
9593173,9593173.json,11159339,baseline,1500
10185046,10185046.json,11160127,baseline,1499
10377040,10377040.json,11180786,baseline,1496
663498,663498.json,11200787,baseline,1493
5861545,5861545.json,11207482,baseline,1492
5312980,5312980.json,11211896,baseline,1492
8049766,8049766.json,11219433,baseline,1491
5319062,5319062.json,11224467,baseline,1490
2057515,2057515.json,11237333,baseline,1488
4082174,4082174.json,11239708,baseline,1488
10011620,10011620.json,11244796,baseline,1487
4041155,4041155.json,11247046,baseline,1486
2679316,2679316.json,11257852,baseline,1485
7038375,7038375.json,11272652,baseline,1482
3043481,3043481.json,11272652,baseline,1482
1306318,1306318.json,11275646,baseline,1482
7280834,7280834.json,11278829,baseline,1481
9736312,9736312.json,11285094,baseline,1480
7098910,7098910.json,11288875,baseline,1480
4583815,4583815.json,11291320,baseline,1479
4675639,4675639.json,11295828,baseline,1479
941525,941525.json,11297564,baseline,1478
3761824,3761824.json,11297564,baseline,1478
10902450,10902450.json,11297564,baseline,1478
10720494,10720494.json,11303701,baseline,1478
3225658,3225658.json,11303781,baseline,1477
9680809,9680809.json,11313967,baseline,1476
2815035,2815035.json,11315539,baseline,1476
9063312,9063312.json,11351372,baseline,1470
6373496,6373496.json,11355654,baseline,1469
6398232,6398232.json,11358660,baseline,1468
5274513,5274513.json,11364643,baseline,1467
4565129,4565129.json,11364643,baseline,1467
5920598,5920598.json,11370476,baseline,1467
5779999,5779999.json,11370484,baseline,1466
7826112,7826112.json,11388046,baseline,1463
9557568,9557568.json,11391908,baseline,1463
4311243,4311243.json,11399688,baseline,1461
9192861,9192861.json,11416501,baseline,1458
1374159,1374159.json,11420424,baseline,1458
10193382,10193382.json,11420973,baseline,1458
7108463,7108463.json,11427594,baseline,1456
10153047,10153047.json,11427594,baseline,1456
4746167,4746167.json,11431306,baseline,1456
9055851,9055851.json,11433102,baseline,1455
9983136,9983136.json,11433102,baseline,1455
9567739,9567739.json,11437495,baseline,1455
9493499,9493499.json,11441870,baseline,1454
1561177,1561177.json,11442153,baseline,1454
9164944,9164944.json,11449800,baseline,1452
10719613,10719613.json,11460110,baseline,1451
2883554,2883554.json,11470711,baseline,1449
7801976,7801976.json,11485188,baseline,1446
10865804,10865804.json,11487520,baseline,1445
9233987,9233987.json,11491354,baseline,1445
6799442,6799442.json,11491598,baseline,1445
3340846,3340846.json,11502531,baseline,1443
2153098,2153098.json,11507952,baseline,1442
9667228,9667228.json,11528076,baseline,1438
10002976,10002976.json,11562055,baseline,1431
10477023,10477023.json,11563571,baseline,1430
6987843,6987843.json,11578223,baseline,1427
9515703,9515703.json,11578223,baseline,1427
9712651,9712651.json,11581420,baseline,1427
5407659,5407659.json,11582969,baseline,1426
10110314,10110314.json,11587772,baseline,1425
10930516,10930516.json,11591719,baseline,1425
4821420,4821420.json,11606514,baseline,1421
10904531,10904531.json,11621253,baseline,1418
10828737,10828737.json,11637540,baseline,1415
10490797,10490797.json,11639442,baseline,1414
3679592,3679592.json,11639442,baseline,1414
9705189,9705189.json,11646814,baseline,1413
1721171,1721171.json,11651767,baseline,1412
9723635,9723635.json,11657115,baseline,1410
5394324,5394324.json,11682905,baseline,1405
7550918,7550918.json,11693815,baseline,1402
5292424,5292424.json,11694287,baseline,1402
9792897,9792897.json,11695000,baseline,1402
10941176,10941176.json,11695806,baseline,1401
3050767,3050767.json,11698173,baseline,1401
7326808,7326808.json,11703974,baseline,1399
7583393,7583393.json,11706807,baseline,1399
8706769,8706769.json,11712304,baseline,1397
9926528,9926528.json,11718910,baseline,1396
10663349,10663349.json,11720412,baseline,1395
6499772,6499772.json,11720412,baseline,1395
10486136,10486136.json,11720412,baseline,1395
8790329,8790329.json,11720412,baseline,1395
744683,744683.json,11724424,baseline,1394
2567174,2567174.json,11724424,baseline,1394
10966988,10966988.json,11732483,baseline,1392
9847181,9847181.json,11736494,baseline,1391
10370422,10370422.json,11739710,baseline,1391
9377211,9377211.json,11751642,baseline,1388
9992656,9992656.json,11756259,baseline,1386
9645231,9645231.json,11760150,baseline,1385
8386233,8386233.json,11762639,baseline,1385
3931561,3931561.json,11777664,baseline,1381
10737415,10737415.json,11785315,baseline,1379
851703,851703.json,11785504,baseline,1379
3018678,3018678.json,11785566,baseline,1379
4727086,4727086.json,11793536,baseline,1377
3645173,3645173.json,11796162,baseline,1376
9283823,9283823.json,11803879,baseline,1374
5662320,5662320.json,11804988,baseline,1373
7612583,7612583.json,11814146,baseline,1371
1171219,1171219.json,11821748,baseline,1369
10227910,10227910.json,11822874,baseline,1368
9983183,9983183.json,11829722,baseline,1367
1813544,1813544.json,11836949,baseline,1364
9647696,9647696.json,11843907,baseline,1362
1352528,1352528.json,11843907,baseline,1362
1432177,1432177.json,11867392,baseline,1355
7187927,7187927.json,11867392,baseline,1355
10055005,10055005.json,11876068,baseline,1353
10454813,10454813.json,11877184,baseline,1352
2426690,2426690.json,11877184,baseline,1352
8826251,8826251.json,11879150,baseline,1352
10853190,10853190.json,11893340,baseline,1347
10250116,10250116.json,11896502,baseline,1346
899412,899412.json,11899669,baseline,1345
4456574,4456574.json,11907771,baseline,1343
10859982,10859982.json,11908843,baseline,1342
10115354,10115354.json,11914817,baseline,1340
3640934,3640934.json,11914817,baseline,1340
7452418,7452418.json,11914817,baseline,1340
2610198,2610198.json,11925659,baseline,1337
1151088,1151088.json,11938820,baseline,1332
9756884,9756884.json,11941743,baseline,1331
10920570,10920570.json,11941743,baseline,1331
7330828,7330828.json,11960643,baseline,1325
10943757,10943757.json,11963915,baseline,1324
9261705,9261705.json,12001820,baseline,1310
1516314,1516314.json,12007910,baseline,1307
6232294,6232294.json,12010555,baseline,1306
7549320,7549320.json,12011971,baseline,1306
10680676,10680676.json,12015739,baseline,1304
10144570,10144570.json,12018506,baseline,1303
9776747,9776747.json,12049468,baseline,1291
9730530,9730530.json,12055115,baseline,1288
9002190,9002190.json,12062196,baseline,1285
10294052,10294052.json,12069109,baseline,1282
1515031,1515031.json,12080162,baseline,1277
7351321,7351321.json,12120335,baseline,1259
7610914,7610914.json,12134983,baseline,1253
1323050,1323050.json,12149280,baseline,1245
6054839,6054839.json,12150709,baseline,1245
9445466,9445466.json,12154934,baseline,1242
5018976,5018976.json,12156852,baseline,1241
9650240,9650240.json,12158734,baseline,1240
508114,508114.json,12171877,baseline,1233
9853936,9853936.json,12179251,baseline,1229
10589125,10589125.json,12182735,baseline,1228
5006191,5006191.json,12213467,baseline,1209
7757421,7757421.json,12224416,baseline,1203
10048623,10048623.json,12226600,baseline,1201
10397442,10397442.json,12270958,baseline,1172
7531381,7531381.json,12275290,baseline,1169
10783550,10783550.json,12279629,baseline,1166
3894731,3894731.json,12291734,baseline,1158
9789897,9789897.json,12293768,baseline,1156
6366206,6366206.json,12295150,baseline,1156
8901267,8901267.json,12305899,baseline,1147
7581857,7581857.json,12311332,baseline,1143
3184460,3184460.json,12313939,baseline,1141
9570050,9570050.json,12321834,baseline,1135
10618342,10618342.json,12337106,baseline,1123
4819173,4819173.json,12364198,baseline,1102
10225576,10225576.json,12371716,baseline,1095
10701677,10701677.json,12376368,baseline,1092
8745142,8745142.json,12414543,baseline,1058
5528793,5528793.json,12417870,baseline,1055
7339572,7339572.json,12422371,baseline,1051
8436430,8436430.json,12422371,baseline,1051
6333338,6333338.json,12449690,baseline,1026
6685150,6685150.json,12450777,baseline,1025
8517486,8517486.json,12465538,baseline,1011
4585667,4585667.json,12485096,baseline,992
4435262,4435262.json,12503566,baseline,974
5448706,5448706.json,12504555,baseline,973
2410361,2410361.json,12534371,baseline,943
9494773,9494773.json,12540381,baseline,937
9807291,9807291.json,12546164,baseline,931
8075855,8075855.json,12552115,baseline,926
7792047,7792047.json,12564784,baseline,912
9786891,9786891.json,12564784,baseline,912
10326627,10326627.json,12566826,baseline,910
2768992,2768992.json,12577585,baseline,900
10278601,10278601.json,12607983,baseline,867
7434501,7434501.json,12610782,baseline,864
10481406,10481406.json,12615368,baseline,859
10702264,10702264.json,12616100,baseline,859
8526868,8526868.json,12691304,baseline,766
10728911,10728911.json,12697737,baseline,757
9096527,9096527.json,12701788,baseline,751
10625616,10625616.json,12726116,baseline,713
9304683,9304683.json,12812465,baseline,551
8130189,8130189.json,12886426,baseline,385
